2025-09-26 11:33:39,149 [DEBUG] [MainThread] [systray_widget/systray.py:495]: Updating current state
2025-09-26 11:48:45,163 [DEBUG] [MainThread] [systray_widget/systray.py:473]: Re-sorting widgets
2025-09-26 11:48:45,164 [DEBUG] [MainThread] [systray_widget/systray.py:495]: Updating current state
2025-09-26 11:48:49,765 [DEBUG] [MainThread] [systray_widget/systray.py:473]: Re-sorting widgets
2025-09-26 11:48:49,766 [DEBUG] [MainThread] [systray_widget/systray.py:495]: Updating current state
2025-09-26 11:55:11,028 [DEBUG] [MainThread] [systray_widget/systray.py:473]: Re-sorting widgets
2025-09-26 11:55:11,028 [DEBUG] [MainThread] [systray_widget/systray.py:495]: Updating current state
2025-09-26 11:55:15,681 [DEBUG] [MainThread] [systray_widget/systray.py:473]: Re-sorting widgets
2025-09-26 11:55:15,681 [DEBUG] [MainThread] [systray_widget/systray.py:495]: Updating current state
2025-09-26 11:58:37,402 [DEBUG] [MainThread] [systray_widget/systray.py:473]: Re-sorting widgets
2025-09-26 11:58:37,402 [DEBUG] [MainThread] [systray_widget/systray.py:495]: Updating current state
2025-09-26 11:58:42,195 [DEBUG] [MainThread] [systray_widget/systray.py:473]: Re-sorting widgets
2025-09-26 11:58:42,196 [DEBUG] [MainThread] [systray_widget/systray.py:495]: Updating current state
2025-09-26 12:16:59,029 [DEBUG] [MainThread] [systray_widget/systray.py:473]: Re-sorting widgets
2025-09-26 12:16:59,035 [DEBUG] [MainThread] [systray_widget/systray.py:495]: Updating current state
2025-09-26 12:17:04,276 [DEBUG] [MainThread] [systray_widget/systray.py:473]: Re-sorting widgets
2025-09-26 12:17:04,276 [DEBUG] [MainThread] [systray_widget/systray.py:495]: Updating current state
2025-09-26 12:18:31,704 [DEBUG] [MainThread] [systray_widget/systray.py:473]: Re-sorting widgets
2025-09-26 12:18:31,704 [DEBUG] [MainThread] [systray_widget/systray.py:495]: Updating current state
2025-09-26 12:18:55,481 [DEBUG] [MainThread] [systray_widget/systray.py:473]: Re-sorting widgets
2025-09-26 12:18:55,482 [DEBUG] [MainThread] [systray_widget/systray.py:495]: Updating current state
2025-09-26 12:19:00,274 [DEBUG] [MainThread] [systray_widget/systray.py:473]: Re-sorting widgets
2025-09-26 12:19:00,274 [DEBUG] [MainThread] [systray_widget/systray.py:495]: Updating current state
2025-09-26 12:19:06,272 [DEBUG] [MainThread] [systray_widget/systray.py:473]: Re-sorting widgets
2025-09-26 12:19:06,273 [DEBUG] [MainThread] [systray_widget/systray.py:495]: Updating current state
2025-09-26 12:19:45,762 [DEBUG] [MainThread] [systray_widget/systray.py:473]: Re-sorting widgets
2025-09-26 12:19:45,762 [DEBUG] [MainThread] [systray_widget/systray.py:495]: Updating current state
2025-09-26 12:20:56,483 [DEBUG] [MainThread] [systray_widget/systray.py:473]: Re-sorting widgets
2025-09-26 12:20:56,483 [DEBUG] [MainThread] [systray_widget/systray.py:495]: Updating current state
2025-09-26 12:21:42,447 [DEBUG] [MainThread] [systray_widget/systray.py:473]: Re-sorting widgets
2025-09-26 12:21:42,448 [DEBUG] [MainThread] [systray_widget/systray.py:495]: Updating current state
2025-09-26 12:26:50,034 [DEBUG] [MainThread] [systray_widget/systray.py:473]: Re-sorting widgets
2025-09-26 12:26:50,034 [DEBUG] [MainThread] [systray_widget/systray.py:495]: Updating current state
2025-09-26 12:26:55,260 [DEBUG] [MainThread] [systray_widget/systray.py:473]: Re-sorting widgets
2025-09-26 12:26:55,260 [DEBUG] [MainThread] [systray_widget/systray.py:495]: Updating current state
2025-09-26 12:27:02,649 [DEBUG] [MainThread] [systray_widget/systray.py:473]: Re-sorting widgets
2025-09-26 12:27:02,650 [DEBUG] [MainThread] [systray_widget/systray.py:495]: Updating current state
2025-09-26 12:27:07,775 [DEBUG] [MainThread] [systray_widget/systray.py:473]: Re-sorting widgets
2025-09-26 12:27:07,776 [DEBUG] [MainThread] [systray_widget/systray.py:495]: Updating current state
2025-09-26 12:27:41,395 [DEBUG] [MainThread] [systray_widget/systray.py:473]: Re-sorting widgets
2025-09-26 12:27:41,395 [DEBUG] [MainThread] [systray_widget/systray.py:495]: Updating current state
2025-09-26 12:27:46,461 [DEBUG] [MainThread] [systray_widget/systray.py:473]: Re-sorting widgets
2025-09-26 12:27:46,462 [DEBUG] [MainThread] [systray_widget/systray.py:495]: Updating current state
2025-09-26 12:28:18,134 [DEBUG] [MainThread] [systray_widget/systray.py:473]: Re-sorting widgets
2025-09-26 12:28:18,134 [DEBUG] [MainThread] [systray_widget/systray.py:495]: Updating current state
2025-09-26 12:28:23,351 [DEBUG] [MainThread] [systray_widget/systray.py:473]: Re-sorting widgets
2025-09-26 12:28:23,352 [DEBUG] [MainThread] [systray_widget/systray.py:495]: Updating current state
2025-09-26 12:29:23,254 [DEBUG] [MainThread] [systray_widget/systray.py:473]: Re-sorting widgets
2025-09-26 12:29:23,254 [DEBUG] [MainThread] [systray_widget/systray.py:495]: Updating current state
2025-09-26 12:37:21,942 [DEBUG] [MainThread] [systray_widget/systray.py:473]: Re-sorting widgets
2025-09-26 12:37:21,942 [DEBUG] [MainThread] [systray_widget/systray.py:495]: Updating current state
2025-09-26 12:37:26,791 [DEBUG] [MainThread] [systray_widget/systray.py:473]: Re-sorting widgets
2025-09-26 12:37:26,792 [DEBUG] [MainThread] [systray_widget/systray.py:495]: Updating current state
2025-09-26 12:39:54,399 [DEBUG] [MainThread] [systray_widget/systray.py:473]: Re-sorting widgets
2025-09-26 12:39:54,399 [DEBUG] [MainThread] [systray_widget/systray.py:495]: Updating current state
2025-09-26 12:40:00,072 [DEBUG] [MainThread] [systray_widget/systray.py:473]: Re-sorting widgets
2025-09-26 12:40:00,072 [DEBUG] [MainThread] [systray_widget/systray.py:495]: Updating current state
2025-09-26 12:40:25,550 [DEBUG] [MainThread] [systray_widget/systray.py:473]: Re-sorting widgets
2025-09-26 12:40:25,551 [DEBUG] [MainThread] [systray_widget/systray.py:495]: Updating current state
2025-09-26 12:40:30,432 [DEBUG] [MainThread] [systray_widget/systray.py:473]: Re-sorting widgets
2025-09-26 12:40:30,433 [DEBUG] [MainThread] [systray_widget/systray.py:495]: Updating current state
2025-09-26 12:41:15,789 [DEBUG] [MainThread] [systray_widget/systray.py:473]: Re-sorting widgets
2025-09-26 12:41:15,789 [DEBUG] [MainThread] [systray_widget/systray.py:495]: Updating current state
2025-09-26 12:41:20,853 [DEBUG] [MainThread] [systray_widget/systray.py:473]: Re-sorting widgets
2025-09-26 12:41:20,854 [DEBUG] [MainThread] [systray_widget/systray.py:495]: Updating current state
2025-09-26 12:42:03,387 [DEBUG] [MainThread] [systray_widget/systray.py:473]: Re-sorting widgets
2025-09-26 12:42:03,388 [DEBUG] [MainThread] [systray_widget/systray.py:495]: Updating current state
2025-09-26 12:42:07,963 [DEBUG] [MainThread] [systray_widget/systray.py:473]: Re-sorting widgets
2025-09-26 12:42:07,964 [DEBUG] [MainThread] [systray_widget/systray.py:495]: Updating current state
2025-09-26 12:42:21,001 [DEBUG] [MainThread] [systray_widget/systray.py:473]: Re-sorting widgets
2025-09-26 12:42:21,001 [DEBUG] [MainThread] [systray_widget/systray.py:495]: Updating current state
2025-09-26 13:59:58,750 [INFO] [MainThread] [root/bar.py:147]: Screen geometry changed. Updating position for bar (primary-bar_LG FHD_b2d77b23)
2025-09-26 14:01:53,932 [DEBUG] [MainThread] [systray_widget/systray.py:473]: Re-sorting widgets
2025-09-26 14:01:53,934 [DEBUG] [MainThread] [systray_widget/systray.py:495]: Updating current state
2025-09-26 14:01:55,293 [DEBUG] [MainThread] [systray_widget/systray.py:473]: Re-sorting widgets
2025-09-26 14:01:55,293 [DEBUG] [MainThread] [systray_widget/systray.py:495]: Updating current state
2025-09-26 14:02:01,883 [DEBUG] [MainThread] [systray_widget/systray.py:473]: Re-sorting widgets
2025-09-26 14:02:01,884 [DEBUG] [MainThread] [systray_widget/systray.py:495]: Updating current state
2025-09-26 14:02:03,396 [DEBUG] [MainThread] [systray_widget/systray.py:473]: Re-sorting widgets
2025-09-26 14:02:03,396 [DEBUG] [MainThread] [systray_widget/systray.py:495]: Updating current state
2025-09-26 15:02:31,143 [DEBUG] [MainThread] [systray_widget/systray.py:473]: Re-sorting widgets
2025-09-26 15:02:31,148 [DEBUG] [MainThread] [systray_widget/systray.py:495]: Updating current state
2025-09-26 15:02:31,971 [INFO] [MainThread] [root/bar.py:147]: Screen geometry changed. Updating position for bar (primary-bar_LG FHD_b2d77b23)
2025-09-26 16:29:25,717 [DEBUG] [MainThread] [systray_widget/systray.py:473]: Re-sorting widgets
2025-09-26 16:29:25,722 [DEBUG] [MainThread] [systray_widget/systray.py:495]: Updating current state
2025-09-26 16:29:45,673 [DEBUG] [MainThread] [systray_widget/systray.py:473]: Re-sorting widgets
2025-09-26 16:29:45,673 [DEBUG] [MainThread] [systray_widget/systray.py:495]: Updating current state
2025-09-26 16:29:49,916 [DEBUG] [MainThread] [systray_widget/systray.py:473]: Re-sorting widgets
2025-09-26 16:29:49,916 [DEBUG] [MainThread] [systray_widget/systray.py:495]: Updating current state
2025-09-26 16:49:03,569 [DEBUG] [MainThread] [systray_widget/systray.py:473]: Re-sorting widgets
2025-09-26 16:49:03,569 [DEBUG] [MainThread] [systray_widget/systray.py:495]: Updating current state
2025-09-26 16:49:07,840 [DEBUG] [MainThread] [systray_widget/systray.py:473]: Re-sorting widgets
2025-09-26 16:49:07,840 [DEBUG] [MainThread] [systray_widget/systray.py:495]: Updating current state
2025-09-26 17:45:51,449 [DEBUG] [MainThread] [systray_widget/systray.py:473]: Re-sorting widgets
2025-09-26 17:45:51,452 [DEBUG] [MainThread] [systray_widget/systray.py:495]: Updating current state
2025-09-26 17:46:00,525 [DEBUG] [MainThread] [systray_widget/systray.py:473]: Re-sorting widgets
2025-09-26 17:46:00,525 [DEBUG] [MainThread] [systray_widget/systray.py:495]: Updating current state
2025-09-26 17:46:05,822 [DEBUG] [MainThread] [systray_widget/systray.py:473]: Re-sorting widgets
2025-09-26 17:46:05,823 [DEBUG] [MainThread] [systray_widget/systray.py:495]: Updating current state
2025-09-26 17:48:09,748 [DEBUG] [MainThread] [systray_widget/systray.py:473]: Re-sorting widgets
2025-09-26 17:48:09,748 [DEBUG] [MainThread] [systray_widget/systray.py:495]: Updating current state
2025-09-26 17:48:19,341 [DEBUG] [MainThread] [systray_widget/systray.py:473]: Re-sorting widgets
2025-09-26 17:48:19,342 [DEBUG] [MainThread] [systray_widget/systray.py:495]: Updating current state
2025-09-26 17:51:44,661 [DEBUG] [MainThread] [systray_widget/systray.py:473]: Re-sorting widgets
2025-09-26 17:51:44,661 [DEBUG] [MainThread] [systray_widget/systray.py:495]: Updating current state
2025-09-26 17:51:54,461 [DEBUG] [MainThread] [systray_widget/systray.py:473]: Re-sorting widgets
2025-09-26 17:51:54,461 [DEBUG] [MainThread] [systray_widget/systray.py:495]: Updating current state
2025-09-26 18:00:13,699 [DEBUG] [MainThread] [systray_widget/systray.py:473]: Re-sorting widgets
2025-09-26 18:00:13,700 [DEBUG] [MainThread] [systray_widget/systray.py:495]: Updating current state
2025-09-26 18:00:23,603 [DEBUG] [MainThread] [systray_widget/systray.py:473]: Re-sorting widgets
2025-09-26 18:00:23,603 [DEBUG] [MainThread] [systray_widget/systray.py:495]: Updating current state
2025-09-26 18:00:44,734 [DEBUG] [MainThread] [systray_widget/systray.py:473]: Re-sorting widgets
2025-09-26 18:00:44,734 [DEBUG] [MainThread] [systray_widget/systray.py:495]: Updating current state
2025-09-26 18:00:54,432 [DEBUG] [MainThread] [systray_widget/systray.py:473]: Re-sorting widgets
2025-09-26 18:00:54,432 [DEBUG] [MainThread] [systray_widget/systray.py:495]: Updating current state
2025-09-29 10:59:19,814 [INFO] [MainThread] [root/bar_manager.py:71]: Screens updated. Re-initialising all bars.
2025-09-29 10:59:19,822 [INFO] [MainThread] [root/controller.py:15]: Reloading Application because of screen update.
2025-09-29 10:59:19,930 [INFO] [MainThread] [cli_server/cli_server.py:112]: Log pipe server stopped
2025-09-29 10:59:19,930 [DEBUG] [MainThread] [cli_server/cli_server.py:206]: CLI server stopped
2025-09-29 10:59:20,004 [INFO] [MainThread] [root/bar_manager.py:83]: Stopping SystemEventListener...
2025-09-29 10:59:20,006 [INFO] [MainThread] [root/bar_manager.py:83]: Stopping KomorebiEventListener...
2025-09-29 10:59:20,007 [INFO] [MainThread] [root/bar_manager.py:83]: Stopping WindowsNotificationEventListener...
2025-09-29 10:59:20,198 [DEBUG] [MainThread] [systray_widget/systray.py:495]: Updating current state
2025-09-29 10:59:20,200 [DEBUG] [MainThread] [systray_widget/systray.py:513]: Saving state to disk
2025-09-29 10:59:20,209 [DEBUG] [MainThread] [systray_widget/systray.py:517]: Saving state to C:\Users\renat\AppData\Local\YASB\systray_state_LGELECTRONICSLGFHD283841.json
2025-09-29 10:59:20,403 [DEBUG] [MainThread] [qasync._windows._EventPoller/_windows.py:220]: Stopping worker thread...
2025-09-29 10:59:20,408 [DEBUG] [Dummy-9] [qasync._windows._EventWorker/_windows.py:204]: Exiting thread
2025-09-29 10:59:20,471 [DEBUG] [MainThread] [qasync._windows._IocpProactor/_windows.py:78]: Closing
2025-09-29 10:59:25,361 [DEBUG] [MainThread] [systray_widget/utils.py:96]: Destroying window 51252028
2025-09-29 10:59:25,362 [DEBUG] [MainThread] [systray_widget/utils.py:96]: Destroying window 19402022
2025-09-29 10:59:38,187 [INFO] [MainThread] [root/log.py:59]: YASB v1.8.2
2025-09-29 10:59:38,189 [INFO] [Thread-1 (_run_server)] [cli_server/cli_server.py:212]: CLI server started v1.1.2
2025-09-29 10:59:38,189 [INFO] [MainThread] [cli_server/cli_server.py:104]: Log pipe server started
2025-09-29 10:59:39,893 [DEBUG] [MainThread] [comtypes/__init__.py:149]: CoInitializeEx(None, 2)
2025-09-29 10:59:41,801 [DEBUG] [MainThread] [tzlocal/win32.py:55]: Looking up time zone info from registry
2025-09-29 10:59:51,129 [INFO] [MainThread] [root/bar_manager.py:83]: Stopping KomorebiEventListener...
2025-09-29 10:59:51,130 [INFO] [MainThread] [root/bar_manager.py:83]: Stopping SystemEventListener...
2025-09-29 10:59:51,130 [INFO] [MainThread] [root/bar_manager.py:83]: Stopping WindowsNotificationEventListener...
2025-09-29 11:28:36,072 [INFO] [MainThread] [root/log.py:59]: YASB v1.8.2
2025-09-29 11:28:36,093 [INFO] [Thread-1 (_run_server)] [cli_server/cli_server.py:212]: CLI server started v1.1.2
2025-09-29 11:28:36,168 [INFO] [MainThread] [cli_server/cli_server.py:104]: Log pipe server started
2025-09-29 11:28:45,090 [DEBUG] [MainThread] [comtypes/__init__.py:149]: CoInitializeEx(None, 2)
2025-09-29 11:28:49,658 [DEBUG] [MainThread] [tzlocal/win32.py:55]: Looking up time zone info from registry
2025-09-29 11:29:08,681 [INFO] [MainThread] [root/bar_manager.py:76]: Starting WindowsNotificationEventListener...
2025-09-29 11:29:08,682 [INFO] [MainThread] [root/bar_manager.py:76]: Starting KomorebiEventListener...
2025-09-29 11:29:08,683 [INFO] [MainThread] [root/bar_manager.py:76]: Starting SystemEventListener...
2025-09-29 11:29:08,684 [INFO] [MainThread] [root/watcher.py:54]: Created file watcher for path C:\Users\renat\.config\yasb
2025-09-29 11:29:08,687 [INFO] [Dummy-5] [root/event_listener.py:51]: Created named pipe yasb-a8f8e73d-9d40-11f0-8e3b-dc45465b95c7
2025-09-29 11:29:09,418 [DEBUG] [MainThread] [qasync._windows._EventPoller/_windows.py:215]: Starting (proactor: <_IocpProactor overlapped#=0 result#=0>)...
2025-09-29 11:29:09,420 [DEBUG] [Dummy-9] [qasync._windows._EventWorker/_windows.py:195]: Thread started
2025-09-29 11:29:09,424 [DEBUG] [MainThread] [systray_widget/systray.py:535]: Loading state from C:\Users\renat\AppData\Local\YASB\systray_state_CHIMEIINNOLUXCORPORATIONDISPLAY1.json
2025-09-29 11:29:09,516 [DEBUG] [TaskbarService] [systray_widget/systray.py:72]: TaskbarService thread is starting...
2025-09-29 11:29:09,516 [DEBUG] [TrayMonitor] [systray_widget/systray.py:58]: Systray thread is starting...
2025-09-29 11:29:09,710 [DEBUG] [TaskbarService] [root/tasks_service.py:75]: Found yasb systray hwnd: 263850
2025-09-29 11:29:09,710 [DEBUG] [TaskbarService] [systray_widget/tasks_service.py:81]: Adding TaskbandHWND prop to hwnd 263850
2025-09-29 11:29:14,805 [DEBUG] [TrayMonitor] [systray_widget/tray_monitor.py:228]: Finding real tray hwnd
2025-09-29 11:29:15,556 [DEBUG] [MainThread] [systray_widget/systray.py:285]: Systray thread started
2025-09-29 11:29:15,757 [DEBUG] [TaskbarService] [systray_widget/tasks_service.py:81]: Adding TaskbandHWND prop to hwnd 263850
2025-09-29 11:29:16,007 [DEBUG] [MainThread] [systray_widget/tray_monitor.py:154]: Sending TaskbarCreated message: 49248
2025-09-29 11:29:17,102 [ERROR] [TrayMonitor] [root/app_icons.py:170]: GetIconInfo failed: 0
2025-09-29 11:29:18,048 [DEBUG] [MainThread] [systray_widget/systray.py:473]: Re-sorting widgets
2025-09-29 11:29:18,048 [DEBUG] [MainThread] [systray_widget/systray.py:495]: Updating current state
2025-09-29 11:29:25,069 [DEBUG] [MainThread] [systray_widget/systray.py:473]: Re-sorting widgets
2025-09-29 11:29:25,069 [DEBUG] [MainThread] [systray_widget/systray.py:495]: Updating current state
2025-09-29 11:33:44,405 [DEBUG] [MainThread] [systray_widget/systray.py:473]: Re-sorting widgets
2025-09-29 11:33:44,405 [DEBUG] [MainThread] [systray_widget/systray.py:495]: Updating current state
2025-09-29 12:06:27,039 [ERROR] [TrayMonitor] [root/app_icons.py:170]: GetIconInfo failed: 0
2025-09-29 12:06:28,015 [DEBUG] [MainThread] [systray_widget/systray.py:473]: Re-sorting widgets
2025-09-29 12:06:28,015 [DEBUG] [MainThread] [systray_widget/systray.py:495]: Updating current state
2025-09-29 12:40:08,178 [DEBUG] [MainThread] [systray_widget/systray.py:473]: Re-sorting widgets
2025-09-29 12:40:08,179 [DEBUG] [MainThread] [systray_widget/systray.py:495]: Updating current state
2025-09-29 12:47:10,670 [DEBUG] [MainThread] [systray_widget/systray.py:473]: Re-sorting widgets
2025-09-29 12:47:10,670 [DEBUG] [MainThread] [systray_widget/systray.py:495]: Updating current state
2025-09-29 12:52:16,205 [DEBUG] [MainThread] [systray_widget/systray.py:473]: Re-sorting widgets
2025-09-29 12:52:16,205 [DEBUG] [MainThread] [systray_widget/systray.py:495]: Updating current state
2025-09-29 12:55:44,871 [DEBUG] [MainThread] [systray_widget/systray.py:473]: Re-sorting widgets
2025-09-29 12:55:44,871 [DEBUG] [MainThread] [systray_widget/systray.py:495]: Updating current state
2025-09-29 13:34:05,624 [DEBUG] [MainThread] [systray_widget/systray.py:473]: Re-sorting widgets
2025-09-29 13:34:05,624 [DEBUG] [MainThread] [systray_widget/systray.py:495]: Updating current state
2025-09-29 13:34:06,024 [INFO] [MainThread] [root/bar.py:147]: Screen geometry changed. Updating position for bar (primary-bar_DISPLAY1_be2e6bf5)
2025-09-29 16:41:09,215 [DEBUG] [MainThread] [systray_widget/systray.py:473]: Re-sorting widgets
2025-09-29 16:41:09,216 [DEBUG] [MainThread] [systray_widget/systray.py:495]: Updating current state
2025-09-29 16:42:33,844 [DEBUG] [MainThread] [systray_widget/systray.py:473]: Re-sorting widgets
2025-09-29 16:42:33,844 [DEBUG] [MainThread] [systray_widget/systray.py:495]: Updating current state
2025-09-29 16:48:42,808 [DEBUG] [MainThread] [systray_widget/systray.py:473]: Re-sorting widgets
2025-09-29 16:48:42,808 [DEBUG] [MainThread] [systray_widget/systray.py:495]: Updating current state
2025-09-29 16:55:32,517 [DEBUG] [MainThread] [systray_widget/systray.py:473]: Re-sorting widgets
2025-09-29 16:55:32,517 [DEBUG] [MainThread] [systray_widget/systray.py:495]: Updating current state
2025-09-29 16:56:24,894 [DEBUG] [MainThread] [systray_widget/systray.py:473]: Re-sorting widgets
2025-09-29 16:56:24,894 [DEBUG] [MainThread] [systray_widget/systray.py:495]: Updating current state
2025-09-29 16:57:21,719 [DEBUG] [MainThread] [systray_widget/systray.py:473]: Re-sorting widgets
2025-09-29 16:57:21,719 [DEBUG] [MainThread] [systray_widget/systray.py:495]: Updating current state
2025-09-29 17:10:09,345 [DEBUG] [MainThread] [systray_widget/systray.py:473]: Re-sorting widgets
2025-09-29 17:10:09,345 [DEBUG] [MainThread] [systray_widget/systray.py:495]: Updating current state
2025-09-29 17:10:24,309 [DEBUG] [MainThread] [systray_widget/systray.py:473]: Re-sorting widgets
2025-09-29 17:10:24,309 [DEBUG] [MainThread] [systray_widget/systray.py:495]: Updating current state
2025-09-29 17:15:50,000 [DEBUG] [MainThread] [systray_widget/systray.py:473]: Re-sorting widgets
2025-09-29 17:15:50,000 [DEBUG] [MainThread] [systray_widget/systray.py:495]: Updating current state
2025-09-29 17:20:42,256 [DEBUG] [MainThread] [systray_widget/systray.py:473]: Re-sorting widgets
2025-09-29 17:20:42,256 [DEBUG] [MainThread] [systray_widget/systray.py:495]: Updating current state
2025-09-29 17:23:04,729 [DEBUG] [MainThread] [systray_widget/systray.py:473]: Re-sorting widgets
2025-09-29 17:23:04,729 [DEBUG] [MainThread] [systray_widget/systray.py:495]: Updating current state
2025-09-29 17:24:04,432 [DEBUG] [MainThread] [systray_widget/systray.py:473]: Re-sorting widgets
2025-09-29 17:24:04,432 [DEBUG] [MainThread] [systray_widget/systray.py:495]: Updating current state
2025-09-29 17:25:09,157 [DEBUG] [MainThread] [systray_widget/systray.py:473]: Re-sorting widgets
2025-09-29 17:25:09,157 [DEBUG] [MainThread] [systray_widget/systray.py:495]: Updating current state
2025-09-29 17:28:59,132 [DEBUG] [MainThread] [systray_widget/systray.py:473]: Re-sorting widgets
2025-09-29 17:28:59,132 [DEBUG] [MainThread] [systray_widget/systray.py:495]: Updating current state
2025-09-29 17:30:15,982 [DEBUG] [MainThread] [systray_widget/systray.py:473]: Re-sorting widgets
2025-09-29 17:30:15,982 [DEBUG] [MainThread] [systray_widget/systray.py:495]: Updating current state
2025-09-29 17:40:15,454 [DEBUG] [MainThread] [systray_widget/systray.py:473]: Re-sorting widgets
2025-09-29 17:40:15,455 [DEBUG] [MainThread] [systray_widget/systray.py:495]: Updating current state
2025-09-29 18:34:22,810 [DEBUG] [MainThread] [systray_widget/systray.py:473]: Re-sorting widgets
2025-09-29 18:34:22,811 [DEBUG] [MainThread] [systray_widget/systray.py:495]: Updating current state
2025-09-29 18:35:41,637 [DEBUG] [MainThread] [systray_widget/systray.py:473]: Re-sorting widgets
2025-09-29 18:35:41,637 [DEBUG] [MainThread] [systray_widget/systray.py:495]: Updating current state
2025-09-29 18:57:34,353 [DEBUG] [MainThread] [systray_widget/systray.py:473]: Re-sorting widgets
2025-09-29 18:57:34,353 [DEBUG] [MainThread] [systray_widget/systray.py:495]: Updating current state
2025-09-29 19:14:07,570 [DEBUG] [MainThread] [systray_widget/systray.py:473]: Re-sorting widgets
2025-09-29 19:14:07,570 [DEBUG] [MainThread] [systray_widget/systray.py:495]: Updating current state
2025-09-30 00:42:38,938 [DEBUG] [MainThread] [systray_widget/systray.py:473]: Re-sorting widgets
2025-09-30 00:42:38,938 [DEBUG] [MainThread] [systray_widget/systray.py:495]: Updating current state
2025-09-30 04:00:23,523 [DEBUG] [MainThread] [systray_widget/systray.py:473]: Re-sorting widgets
2025-09-30 04:00:23,523 [DEBUG] [MainThread] [systray_widget/systray.py:495]: Updating current state
2025-09-30 04:59:32,870 [DEBUG] [MainThread] [systray_widget/systray.py:473]: Re-sorting widgets
2025-09-30 04:59:32,870 [DEBUG] [MainThread] [systray_widget/systray.py:495]: Updating current state
2025-09-30 07:56:55,510 [DEBUG] [MainThread] [systray_widget/systray.py:473]: Re-sorting widgets
2025-09-30 07:56:55,511 [DEBUG] [MainThread] [systray_widget/systray.py:495]: Updating current state
2025-09-30 08:16:03,284 [DEBUG] [MainThread] [systray_widget/systray.py:473]: Re-sorting widgets
2025-09-30 08:16:03,285 [DEBUG] [MainThread] [systray_widget/systray.py:495]: Updating current state
2025-09-30 11:35:13,949 [DEBUG] [MainThread] [systray_widget/systray.py:473]: Re-sorting widgets
2025-09-30 11:35:13,949 [DEBUG] [MainThread] [systray_widget/systray.py:495]: Updating current state
2025-09-30 12:46:02,450 [DEBUG] [MainThread] [systray_widget/systray.py:473]: Re-sorting widgets
2025-09-30 12:46:02,454 [DEBUG] [MainThread] [systray_widget/systray.py:495]: Updating current state
2025-09-30 12:53:32,774 [INFO] [MainThread] [root/bar_manager.py:71]: Screens updated. Re-initialising all bars.
2025-09-30 12:53:32,779 [INFO] [MainThread] [root/controller.py:15]: Reloading Application because of screen update.
2025-09-30 12:53:32,890 [INFO] [MainThread] [cli_server/cli_server.py:112]: Log pipe server stopped
2025-09-30 12:53:32,892 [DEBUG] [MainThread] [cli_server/cli_server.py:206]: CLI server stopped
2025-09-30 12:53:32,977 [INFO] [MainThread] [root/bar_manager.py:83]: Stopping WindowsNotificationEventListener...
2025-09-30 12:53:32,979 [INFO] [MainThread] [root/bar_manager.py:83]: Stopping KomorebiEventListener...
2025-09-30 12:53:32,980 [INFO] [MainThread] [root/bar_manager.py:83]: Stopping SystemEventListener...
2025-09-30 12:53:33,043 [DEBUG] [MainThread] [systray_widget/systray.py:495]: Updating current state
2025-09-30 12:53:33,045 [DEBUG] [MainThread] [systray_widget/systray.py:513]: Saving state to disk
2025-09-30 12:53:33,052 [DEBUG] [MainThread] [systray_widget/systray.py:517]: Saving state to C:\Users\renat\AppData\Local\YASB\systray_state_CHIMEIINNOLUXCORPORATIONDISPLAY1.json
2025-09-30 12:53:33,097 [DEBUG] [MainThread] [qasync._windows._EventPoller/_windows.py:220]: Stopping worker thread...
2025-09-30 12:53:33,114 [DEBUG] [Dummy-9] [qasync._windows._EventWorker/_windows.py:204]: Exiting thread
2025-09-30 12:53:33,140 [DEBUG] [MainThread] [qasync._windows._IocpProactor/_windows.py:78]: Closing
2025-09-30 12:53:33,636 [DEBUG] [MainThread] [systray_widget/utils.py:96]: Destroying window 1050508
2025-09-30 12:53:33,637 [DEBUG] [MainThread] [systray_widget/utils.py:96]: Destroying window 263850
2025-09-30 12:53:37,872 [INFO] [MainThread] [root/log.py:59]: YASB v1.8.2
2025-09-30 12:53:37,874 [INFO] [Thread-1 (_run_server)] [cli_server/cli_server.py:212]: CLI server started v1.1.2
2025-09-30 12:53:37,875 [INFO] [MainThread] [cli_server/cli_server.py:104]: Log pipe server started
2025-09-30 12:53:38,959 [DEBUG] [MainThread] [comtypes/__init__.py:149]: CoInitializeEx(None, 2)
2025-09-30 12:53:40,199 [DEBUG] [MainThread] [tzlocal/win32.py:55]: Looking up time zone info from registry
2025-09-30 12:53:46,723 [INFO] [MainThread] [root/bar_manager.py:76]: Starting SystemEventListener...
2025-09-30 12:53:46,725 [INFO] [MainThread] [root/bar_manager.py:76]: Starting KomorebiEventListener...
2025-09-30 12:53:46,726 [INFO] [MainThread] [root/bar_manager.py:76]: Starting WindowsNotificationEventListener...
2025-09-30 12:53:46,730 [INFO] [MainThread] [root/watcher.py:54]: Created file watcher for path C:\Users\renat\.config\yasb
2025-09-30 12:53:46,900 [INFO] [Dummy-5] [root/event_listener.py:51]: Created named pipe yasb-a62259cb-9e15-11f0-b6d8-dc45465b95c7
2025-09-30 12:53:46,963 [DEBUG] [MainThread] [qasync._windows._EventPoller/_windows.py:215]: Starting (proactor: <_IocpProactor overlapped#=0 result#=0>)...
2025-09-30 12:53:46,969 [DEBUG] [Dummy-9] [qasync._windows._EventWorker/_windows.py:195]: Thread started
2025-09-30 12:53:46,972 [DEBUG] [MainThread] [systray_widget/systray.py:535]: Loading state from C:\Users\renat\AppData\Local\YASB\systray_state_LGELECTRONICSLGFHD283841.json
2025-09-30 12:53:47,038 [DEBUG] [TrayMonitor] [systray_widget/systray.py:58]: Systray thread is starting...
2025-09-30 12:53:47,039 [DEBUG] [TaskbarService] [systray_widget/systray.py:72]: TaskbarService thread is starting...
2025-09-30 12:53:47,047 [DEBUG] [TaskbarService] [root/tasks_service.py:75]: Found yasb systray hwnd: 200020
2025-09-30 12:53:47,047 [DEBUG] [TaskbarService] [systray_widget/tasks_service.py:81]: Adding TaskbandHWND prop to hwnd 200020
2025-09-30 12:53:51,433 [DEBUG] [MainThread] [systray_widget/systray.py:535]: Loading state from C:\Users\renat\AppData\Local\YASB\systray_state_CHIMEIINNOLUXCORPORATIONDISPLAY2.json
2025-09-30 12:53:51,484 [DEBUG] [MainThread] [systray_widget/systray.py:285]: Systray thread started
2025-09-30 12:53:51,685 [DEBUG] [TaskbarService] [systray_widget/tasks_service.py:81]: Adding TaskbandHWND prop to hwnd 200020
2025-09-30 12:53:51,685 [DEBUG] [TrayMonitor] [systray_widget/tray_monitor.py:228]: Finding real tray hwnd
2025-09-30 12:53:51,692 [DEBUG] [MainThread] [systray_widget/tray_monitor.py:154]: Sending TaskbarCreated message: 49248
2025-09-30 12:53:52,886 [DEBUG] [MainThread] [systray_widget/systray.py:473]: Re-sorting widgets
2025-09-30 12:53:52,886 [DEBUG] [MainThread] [systray_widget/systray.py:495]: Updating current state
2025-09-30 12:53:52,887 [DEBUG] [MainThread] [systray_widget/systray.py:473]: Re-sorting widgets
2025-09-30 12:53:52,887 [DEBUG] [MainThread] [systray_widget/systray.py:495]: Updating current state
2025-09-30 12:54:00,897 [DEBUG] [MainThread] [systray_widget/systray.py:473]: Re-sorting widgets
2025-09-30 12:54:00,897 [DEBUG] [MainThread] [systray_widget/systray.py:495]: Updating current state
2025-09-30 12:54:00,897 [DEBUG] [MainThread] [systray_widget/systray.py:473]: Re-sorting widgets
2025-09-30 12:54:00,897 [DEBUG] [MainThread] [systray_widget/systray.py:495]: Updating current state
2025-09-30 14:18:27,735 [DEBUG] [MainThread] [systray_widget/systray.py:473]: Re-sorting widgets
2025-09-30 14:18:27,748 [DEBUG] [MainThread] [systray_widget/systray.py:495]: Updating current state
2025-09-30 14:18:27,748 [DEBUG] [MainThread] [systray_widget/systray.py:473]: Re-sorting widgets
2025-09-30 14:18:27,748 [DEBUG] [MainThread] [systray_widget/systray.py:495]: Updating current state
2025-09-30 14:18:37,371 [DEBUG] [MainThread] [systray_widget/systray.py:473]: Re-sorting widgets
2025-09-30 14:18:37,371 [DEBUG] [MainThread] [systray_widget/systray.py:495]: Updating current state
2025-09-30 14:18:37,386 [DEBUG] [MainThread] [systray_widget/systray.py:473]: Re-sorting widgets
2025-09-30 14:18:37,387 [DEBUG] [MainThread] [systray_widget/systray.py:495]: Updating current state
2025-09-30 14:20:09,506 [DEBUG] [MainThread] [systray_widget/systray.py:473]: Re-sorting widgets
2025-09-30 14:20:09,506 [DEBUG] [MainThread] [systray_widget/systray.py:495]: Updating current state
2025-09-30 14:20:09,507 [DEBUG] [MainThread] [systray_widget/systray.py:473]: Re-sorting widgets
2025-09-30 14:20:09,507 [DEBUG] [MainThread] [systray_widget/systray.py:495]: Updating current state
2025-09-30 14:29:53,761 [DEBUG] [MainThread] [systray_widget/systray.py:473]: Re-sorting widgets
2025-09-30 14:29:53,762 [DEBUG] [MainThread] [systray_widget/systray.py:495]: Updating current state
2025-09-30 14:29:53,762 [DEBUG] [MainThread] [systray_widget/systray.py:473]: Re-sorting widgets
2025-09-30 14:29:53,762 [DEBUG] [MainThread] [systray_widget/systray.py:495]: Updating current state
2025-09-30 14:30:03,381 [DEBUG] [MainThread] [systray_widget/systray.py:473]: Re-sorting widgets
2025-09-30 14:30:03,381 [DEBUG] [MainThread] [systray_widget/systray.py:495]: Updating current state
2025-09-30 14:30:03,381 [DEBUG] [MainThread] [systray_widget/systray.py:473]: Re-sorting widgets
2025-09-30 14:30:03,382 [DEBUG] [MainThread] [systray_widget/systray.py:495]: Updating current state
2025-09-30 14:30:15,819 [DEBUG] [MainThread] [systray_widget/systray.py:473]: Re-sorting widgets
2025-09-30 14:30:15,819 [DEBUG] [MainThread] [systray_widget/systray.py:495]: Updating current state
2025-09-30 14:30:15,819 [DEBUG] [MainThread] [systray_widget/systray.py:473]: Re-sorting widgets
2025-09-30 14:30:15,821 [DEBUG] [MainThread] [systray_widget/systray.py:495]: Updating current state
2025-09-30 14:40:11,579 [DEBUG] [MainThread] [systray_widget/systray.py:473]: Re-sorting widgets
2025-09-30 14:40:11,580 [DEBUG] [MainThread] [systray_widget/systray.py:495]: Updating current state
2025-09-30 14:40:11,580 [DEBUG] [MainThread] [systray_widget/systray.py:473]: Re-sorting widgets
2025-09-30 14:40:11,583 [DEBUG] [MainThread] [systray_widget/systray.py:495]: Updating current state
2025-09-30 14:40:21,252 [DEBUG] [MainThread] [systray_widget/systray.py:473]: Re-sorting widgets
2025-09-30 14:40:21,253 [DEBUG] [MainThread] [systray_widget/systray.py:495]: Updating current state
2025-09-30 14:40:21,253 [DEBUG] [MainThread] [systray_widget/systray.py:473]: Re-sorting widgets
2025-09-30 14:40:21,253 [DEBUG] [MainThread] [systray_widget/systray.py:495]: Updating current state
2025-09-30 14:41:37,153 [DEBUG] [MainThread] [systray_widget/systray.py:473]: Re-sorting widgets
2025-09-30 14:41:37,153 [DEBUG] [MainThread] [systray_widget/systray.py:495]: Updating current state
2025-09-30 14:41:37,153 [DEBUG] [MainThread] [systray_widget/systray.py:473]: Re-sorting widgets
2025-09-30 14:41:37,153 [DEBUG] [MainThread] [systray_widget/systray.py:495]: Updating current state
2025-09-30 14:44:24,731 [DEBUG] [MainThread] [systray_widget/systray.py:473]: Re-sorting widgets
2025-09-30 14:44:24,732 [DEBUG] [MainThread] [systray_widget/systray.py:495]: Updating current state
2025-09-30 14:44:24,732 [DEBUG] [MainThread] [systray_widget/systray.py:473]: Re-sorting widgets
2025-09-30 14:44:24,732 [DEBUG] [MainThread] [systray_widget/systray.py:495]: Updating current state
2025-09-30 14:44:34,352 [DEBUG] [MainThread] [systray_widget/systray.py:473]: Re-sorting widgets
2025-09-30 14:44:34,352 [DEBUG] [MainThread] [systray_widget/systray.py:495]: Updating current state
2025-09-30 14:44:34,353 [DEBUG] [MainThread] [systray_widget/systray.py:473]: Re-sorting widgets
2025-09-30 14:44:34,353 [DEBUG] [MainThread] [systray_widget/systray.py:495]: Updating current state
2025-09-30 14:44:39,444 [DEBUG] [MainThread] [systray_widget/systray.py:473]: Re-sorting widgets
2025-09-30 14:44:39,444 [DEBUG] [MainThread] [systray_widget/systray.py:495]: Updating current state
2025-09-30 14:44:39,444 [DEBUG] [MainThread] [systray_widget/systray.py:473]: Re-sorting widgets
2025-09-30 14:44:39,445 [DEBUG] [MainThread] [systray_widget/systray.py:495]: Updating current state
2025-09-30 15:02:34,835 [DEBUG] [MainThread] [systray_widget/systray.py:473]: Re-sorting widgets
2025-09-30 15:02:34,837 [DEBUG] [MainThread] [systray_widget/systray.py:495]: Updating current state
2025-09-30 15:02:34,837 [DEBUG] [MainThread] [systray_widget/systray.py:473]: Re-sorting widgets
2025-09-30 15:02:34,837 [DEBUG] [MainThread] [systray_widget/systray.py:495]: Updating current state
2025-09-30 15:02:44,477 [DEBUG] [MainThread] [systray_widget/systray.py:473]: Re-sorting widgets
2025-09-30 15:02:44,478 [DEBUG] [MainThread] [systray_widget/systray.py:495]: Updating current state
2025-09-30 15:02:44,478 [DEBUG] [MainThread] [systray_widget/systray.py:473]: Re-sorting widgets
2025-09-30 15:02:44,479 [DEBUG] [MainThread] [systray_widget/systray.py:495]: Updating current state
2025-09-30 15:03:14,929 [DEBUG] [MainThread] [systray_widget/systray.py:473]: Re-sorting widgets
2025-09-30 15:03:14,929 [DEBUG] [MainThread] [systray_widget/systray.py:495]: Updating current state
2025-09-30 15:03:14,929 [DEBUG] [MainThread] [systray_widget/systray.py:473]: Re-sorting widgets
2025-09-30 15:03:14,929 [DEBUG] [MainThread] [systray_widget/systray.py:495]: Updating current state
2025-09-30 15:03:24,450 [DEBUG] [MainThread] [systray_widget/systray.py:473]: Re-sorting widgets
2025-09-30 15:03:24,450 [DEBUG] [MainThread] [systray_widget/systray.py:495]: Updating current state
2025-09-30 15:03:24,450 [DEBUG] [MainThread] [systray_widget/systray.py:473]: Re-sorting widgets
2025-09-30 15:03:24,450 [DEBUG] [MainThread] [systray_widget/systray.py:495]: Updating current state
2025-09-30 15:03:30,705 [DEBUG] [MainThread] [systray_widget/systray.py:473]: Re-sorting widgets
2025-09-30 15:03:30,705 [DEBUG] [MainThread] [systray_widget/systray.py:495]: Updating current state
2025-09-30 15:03:30,705 [DEBUG] [MainThread] [systray_widget/systray.py:473]: Re-sorting widgets
2025-09-30 15:03:30,706 [DEBUG] [MainThread] [systray_widget/systray.py:495]: Updating current state
2025-09-30 15:03:36,746 [DEBUG] [MainThread] [systray_widget/systray.py:473]: Re-sorting widgets
2025-09-30 15:03:36,746 [DEBUG] [MainThread] [systray_widget/systray.py:495]: Updating current state
2025-09-30 15:03:36,746 [DEBUG] [MainThread] [systray_widget/systray.py:473]: Re-sorting widgets
2025-09-30 15:03:36,746 [DEBUG] [MainThread] [systray_widget/systray.py:495]: Updating current state
2025-09-30 15:04:04,033 [DEBUG] [MainThread] [systray_widget/systray.py:473]: Re-sorting widgets
2025-09-30 15:04:04,034 [DEBUG] [MainThread] [systray_widget/systray.py:495]: Updating current state
2025-09-30 15:04:04,034 [DEBUG] [MainThread] [systray_widget/systray.py:473]: Re-sorting widgets
2025-09-30 15:04:04,034 [DEBUG] [MainThread] [systray_widget/systray.py:495]: Updating current state
2025-09-30 15:04:13,639 [DEBUG] [MainThread] [systray_widget/systray.py:473]: Re-sorting widgets
2025-09-30 15:04:13,639 [DEBUG] [MainThread] [systray_widget/systray.py:495]: Updating current state
2025-09-30 15:04:13,639 [DEBUG] [MainThread] [systray_widget/systray.py:473]: Re-sorting widgets
2025-09-30 15:04:13,640 [DEBUG] [MainThread] [systray_widget/systray.py:495]: Updating current state
2025-09-30 15:09:28,127 [DEBUG] [MainThread] [systray_widget/systray.py:473]: Re-sorting widgets
2025-09-30 15:09:28,127 [DEBUG] [MainThread] [systray_widget/systray.py:495]: Updating current state
2025-09-30 15:09:28,128 [DEBUG] [MainThread] [systray_widget/systray.py:473]: Re-sorting widgets
2025-09-30 15:09:28,128 [DEBUG] [MainThread] [systray_widget/systray.py:495]: Updating current state
2025-09-30 15:09:37,589 [DEBUG] [MainThread] [systray_widget/systray.py:473]: Re-sorting widgets
2025-09-30 15:09:37,591 [DEBUG] [MainThread] [systray_widget/systray.py:495]: Updating current state
2025-09-30 15:09:37,591 [DEBUG] [MainThread] [systray_widget/systray.py:473]: Re-sorting widgets
2025-09-30 15:09:37,592 [DEBUG] [MainThread] [systray_widget/systray.py:495]: Updating current state
2025-09-30 15:50:49,378 [DEBUG] [MainThread] [systray_widget/systray.py:473]: Re-sorting widgets
2025-09-30 15:50:49,381 [DEBUG] [MainThread] [systray_widget/systray.py:495]: Updating current state
2025-09-30 15:50:49,381 [DEBUG] [MainThread] [systray_widget/systray.py:473]: Re-sorting widgets
2025-09-30 15:50:49,381 [DEBUG] [MainThread] [systray_widget/systray.py:495]: Updating current state
2025-09-30 15:50:58,908 [DEBUG] [MainThread] [systray_widget/systray.py:473]: Re-sorting widgets
2025-09-30 15:50:58,908 [DEBUG] [MainThread] [systray_widget/systray.py:495]: Updating current state
2025-09-30 15:50:58,908 [DEBUG] [MainThread] [systray_widget/systray.py:473]: Re-sorting widgets
2025-09-30 15:50:58,909 [DEBUG] [MainThread] [systray_widget/systray.py:495]: Updating current state
2025-09-30 16:08:03,074 [DEBUG] [MainThread] [systray_widget/systray.py:473]: Re-sorting widgets
2025-09-30 16:08:03,075 [DEBUG] [MainThread] [systray_widget/systray.py:495]: Updating current state
2025-09-30 16:08:03,075 [DEBUG] [MainThread] [systray_widget/systray.py:473]: Re-sorting widgets
2025-09-30 16:08:03,075 [DEBUG] [MainThread] [systray_widget/systray.py:495]: Updating current state
2025-09-30 16:08:12,592 [DEBUG] [MainThread] [systray_widget/systray.py:473]: Re-sorting widgets
2025-09-30 16:08:12,592 [DEBUG] [MainThread] [systray_widget/systray.py:495]: Updating current state
2025-09-30 16:08:12,592 [DEBUG] [MainThread] [systray_widget/systray.py:473]: Re-sorting widgets
2025-09-30 16:08:12,592 [DEBUG] [MainThread] [systray_widget/systray.py:495]: Updating current state
2025-09-30 16:08:34,593 [DEBUG] [MainThread] [systray_widget/systray.py:473]: Re-sorting widgets
2025-09-30 16:08:34,593 [DEBUG] [MainThread] [systray_widget/systray.py:495]: Updating current state
2025-09-30 16:08:34,593 [DEBUG] [MainThread] [systray_widget/systray.py:473]: Re-sorting widgets
2025-09-30 16:08:34,594 [DEBUG] [MainThread] [systray_widget/systray.py:495]: Updating current state
2025-09-30 18:22:10,345 [DEBUG] [MainThread] [systray_widget/systray.py:473]: Re-sorting widgets
2025-09-30 18:22:10,354 [DEBUG] [MainThread] [systray_widget/systray.py:495]: Updating current state
2025-09-30 18:22:10,374 [DEBUG] [MainThread] [systray_widget/systray.py:473]: Re-sorting widgets
2025-09-30 18:22:10,375 [DEBUG] [MainThread] [systray_widget/systray.py:495]: Updating current state
2025-09-30 18:22:20,083 [DEBUG] [MainThread] [systray_widget/systray.py:473]: Re-sorting widgets
2025-09-30 18:22:20,083 [DEBUG] [MainThread] [systray_widget/systray.py:495]: Updating current state
2025-09-30 18:22:20,084 [DEBUG] [MainThread] [systray_widget/systray.py:473]: Re-sorting widgets
2025-09-30 18:22:20,084 [DEBUG] [MainThread] [systray_widget/systray.py:495]: Updating current state
2025-09-30 18:30:06,800 [DEBUG] [MainThread] [systray_widget/systray.py:473]: Re-sorting widgets
2025-09-30 18:30:06,800 [DEBUG] [MainThread] [systray_widget/systray.py:495]: Updating current state
2025-09-30 18:30:06,801 [DEBUG] [MainThread] [systray_widget/systray.py:473]: Re-sorting widgets
2025-09-30 18:30:06,801 [DEBUG] [MainThread] [systray_widget/systray.py:495]: Updating current state
2025-09-30 18:30:16,466 [DEBUG] [MainThread] [systray_widget/systray.py:473]: Re-sorting widgets
2025-09-30 18:30:16,466 [DEBUG] [MainThread] [systray_widget/systray.py:495]: Updating current state
2025-09-30 18:30:16,467 [DEBUG] [MainThread] [systray_widget/systray.py:473]: Re-sorting widgets
2025-09-30 18:30:16,467 [DEBUG] [MainThread] [systray_widget/systray.py:495]: Updating current state
2025-09-30 18:44:28,871 [DEBUG] [MainThread] [systray_widget/systray.py:473]: Re-sorting widgets
2025-09-30 18:44:28,871 [DEBUG] [MainThread] [systray_widget/systray.py:495]: Updating current state
2025-09-30 18:44:28,871 [DEBUG] [MainThread] [systray_widget/systray.py:473]: Re-sorting widgets
2025-09-30 18:44:28,872 [DEBUG] [MainThread] [systray_widget/systray.py:495]: Updating current state
2025-09-30 18:44:38,404 [DEBUG] [MainThread] [systray_widget/systray.py:473]: Re-sorting widgets
2025-09-30 18:44:38,405 [DEBUG] [MainThread] [systray_widget/systray.py:495]: Updating current state
2025-09-30 18:44:38,405 [DEBUG] [MainThread] [systray_widget/systray.py:473]: Re-sorting widgets
2025-09-30 18:44:38,406 [DEBUG] [MainThread] [systray_widget/systray.py:495]: Updating current state
2025-10-01 03:06:30,224 [INFO] [MainThread] [root/bar_manager.py:71]: Screens updated. Re-initialising all bars.
2025-10-01 03:06:30,229 [INFO] [MainThread] [root/controller.py:15]: Reloading Application because of screen update.
2025-10-01 03:06:30,360 [INFO] [MainThread] [cli_server/cli_server.py:112]: Log pipe server stopped
2025-10-01 03:06:30,363 [DEBUG] [MainThread] [cli_server/cli_server.py:206]: CLI server stopped
2025-10-01 03:06:30,518 [INFO] [MainThread] [root/bar_manager.py:83]: Stopping SystemEventListener...
2025-10-01 03:06:30,521 [INFO] [MainThread] [root/bar_manager.py:83]: Stopping KomorebiEventListener...
2025-10-01 03:06:30,522 [INFO] [MainThread] [root/bar_manager.py:83]: Stopping WindowsNotificationEventListener...
2025-10-01 03:06:30,587 [DEBUG] [MainThread] [systray_widget/systray.py:495]: Updating current state
2025-10-01 03:06:30,589 [DEBUG] [MainThread] [systray_widget/systray.py:513]: Saving state to disk
2025-10-01 03:06:30,597 [DEBUG] [MainThread] [systray_widget/systray.py:517]: Saving state to C:\Users\renat\AppData\Local\YASB\systray_state_LGELECTRONICSLGFHD283841.json
2025-10-01 03:06:30,659 [DEBUG] [MainThread] [systray_widget/systray.py:495]: Updating current state
2025-10-01 03:06:30,660 [DEBUG] [MainThread] [systray_widget/systray.py:513]: Saving state to disk
2025-10-01 03:06:30,661 [DEBUG] [MainThread] [systray_widget/systray.py:517]: Saving state to C:\Users\renat\AppData\Local\YASB\systray_state_LGELECTRONICSLGFHD283841.json
2025-10-01 03:06:30,716 [DEBUG] [MainThread] [qasync._windows._EventPoller/_windows.py:220]: Stopping worker thread...
2025-10-01 03:06:30,732 [DEBUG] [Dummy-9] [qasync._windows._EventWorker/_windows.py:204]: Exiting thread
2025-10-01 03:06:30,739 [DEBUG] [MainThread] [qasync._windows._IocpProactor/_windows.py:78]: Closing
2025-10-01 03:06:31,618 [DEBUG] [MainThread] [systray_widget/utils.py:96]: Destroying window 200052
2025-10-01 03:06:31,619 [DEBUG] [MainThread] [systray_widget/utils.py:96]: Destroying window 200020
2025-10-01 03:06:38,876 [INFO] [MainThread] [root/log.py:59]: YASB v1.8.2
2025-10-01 03:06:38,878 [INFO] [Thread-1 (_run_server)] [cli_server/cli_server.py:212]: CLI server started v1.1.2
2025-10-01 03:06:38,880 [INFO] [MainThread] [cli_server/cli_server.py:104]: Log pipe server started
2025-10-01 03:06:41,105 [DEBUG] [MainThread] [comtypes/__init__.py:149]: CoInitializeEx(None, 2)
2025-10-01 03:06:42,964 [DEBUG] [MainThread] [tzlocal/win32.py:55]: Looking up time zone info from registry
2025-10-01 03:06:50,604 [INFO] [MainThread] [root/bar_manager.py:76]: Starting WindowsNotificationEventListener...
2025-10-01 03:06:50,607 [INFO] [MainThread] [root/bar_manager.py:76]: Starting SystemEventListener...
2025-10-01 03:06:50,607 [INFO] [MainThread] [root/bar_manager.py:76]: Starting KomorebiEventListener...
2025-10-01 03:06:50,608 [INFO] [MainThread] [root/watcher.py:54]: Created file watcher for path C:\Users\renat\.config\yasb
2025-10-01 03:06:50,634 [INFO] [Dummy-5] [root/event_listener.py:51]: Created named pipe yasb-d21adb8c-9e8c-11f0-bc42-dc45465b95c7
2025-10-01 03:06:50,697 [DEBUG] [MainThread] [qasync._windows._EventPoller/_windows.py:215]: Starting (proactor: <_IocpProactor overlapped#=0 result#=0>)...
2025-10-01 03:06:50,699 [DEBUG] [Dummy-9] [qasync._windows._EventWorker/_windows.py:195]: Thread started
2025-10-01 03:06:50,702 [DEBUG] [MainThread] [systray_widget/systray.py:535]: Loading state from C:\Users\renat\AppData\Local\YASB\systray_state_LGELECTRONICSLGFHD283841.json
2025-10-01 03:06:50,706 [DEBUG] [TaskbarService] [systray_widget/systray.py:72]: TaskbarService thread is starting...
2025-10-01 03:06:50,709 [DEBUG] [TrayMonitor] [systray_widget/systray.py:58]: Systray thread is starting...
2025-10-01 03:06:50,720 [DEBUG] [TaskbarService] [root/tasks_service.py:75]: Found yasb systray hwnd: 54069522
2025-10-01 03:06:50,720 [DEBUG] [TaskbarService] [systray_widget/tasks_service.py:81]: Adding TaskbandHWND prop to hwnd 54069522
2025-10-01 03:06:55,646 [DEBUG] [MainThread] [systray_widget/systray.py:285]: Systray thread started
2025-10-01 03:06:55,851 [DEBUG] [TaskbarService] [systray_widget/tasks_service.py:81]: Adding TaskbandHWND prop to hwnd 54069522
2025-10-01 03:06:55,852 [DEBUG] [TrayMonitor] [systray_widget/tray_monitor.py:228]: Finding real tray hwnd
2025-10-01 03:06:55,888 [DEBUG] [MainThread] [systray_widget/tray_monitor.py:154]: Sending TaskbarCreated message: 49248
2025-10-01 03:06:57,090 [DEBUG] [MainThread] [systray_widget/systray.py:473]: Re-sorting widgets
2025-10-01 03:06:57,091 [DEBUG] [MainThread] [systray_widget/systray.py:495]: Updating current state
2025-10-01 03:07:04,979 [DEBUG] [MainThread] [systray_widget/systray.py:473]: Re-sorting widgets
2025-10-01 03:07:04,979 [DEBUG] [MainThread] [systray_widget/systray.py:495]: Updating current state
2025-10-01 03:07:13,726 [DEBUG] [MainThread] [systray_widget/systray.py:473]: Re-sorting widgets
2025-10-01 03:07:13,726 [DEBUG] [MainThread] [systray_widget/systray.py:495]: Updating current state
2025-10-01 03:52:23,494 [INFO] [MainThread] [root/bar_manager.py:71]: Screens updated. Re-initialising all bars.
2025-10-01 03:52:23,495 [INFO] [MainThread] [root/controller.py:15]: Reloading Application because of screen update.
2025-10-01 03:52:23,601 [INFO] [MainThread] [cli_server/cli_server.py:112]: Log pipe server stopped
2025-10-01 03:52:23,601 [DEBUG] [MainThread] [cli_server/cli_server.py:206]: CLI server stopped
2025-10-01 03:52:23,890 [INFO] [MainThread] [root/bar_manager.py:83]: Stopping WindowsNotificationEventListener...
2025-10-01 03:52:23,892 [INFO] [MainThread] [root/bar_manager.py:83]: Stopping SystemEventListener...
2025-10-01 03:52:23,893 [INFO] [MainThread] [root/bar_manager.py:83]: Stopping KomorebiEventListener...
2025-10-01 03:52:23,894 [DEBUG] [MainThread] [systray_widget/systray.py:495]: Updating current state
2025-10-01 03:52:23,895 [DEBUG] [MainThread] [systray_widget/systray.py:513]: Saving state to disk
2025-10-01 03:52:23,896 [DEBUG] [MainThread] [systray_widget/systray.py:517]: Saving state to C:\Users\renat\AppData\Local\YASB\systray_state_LGELECTRONICSLGFHD283841.json
2025-10-01 03:52:23,915 [DEBUG] [MainThread] [qasync._windows._EventPoller/_windows.py:220]: Stopping worker thread...
2025-10-01 03:52:23,922 [DEBUG] [Dummy-9] [qasync._windows._EventWorker/_windows.py:204]: Exiting thread
2025-10-01 03:52:23,929 [DEBUG] [MainThread] [qasync._windows._IocpProactor/_windows.py:78]: Closing
2025-10-01 03:52:24,084 [DEBUG] [MainThread] [systray_widget/utils.py:96]: Destroying window 21499250
2025-10-01 03:52:24,085 [DEBUG] [MainThread] [systray_widget/utils.py:96]: Destroying window 54069522
2025-10-01 03:52:27,082 [INFO] [MainThread] [root/log.py:59]: YASB v1.8.2
2025-10-01 03:52:27,084 [INFO] [Thread-1 (_run_server)] [cli_server/cli_server.py:212]: CLI server started v1.1.2
2025-10-01 03:52:27,085 [INFO] [MainThread] [cli_server/cli_server.py:104]: Log pipe server started
2025-10-01 03:52:28,422 [DEBUG] [MainThread] [comtypes/__init__.py:149]: CoInitializeEx(None, 2)
2025-10-01 03:52:29,879 [DEBUG] [MainThread] [tzlocal/win32.py:55]: Looking up time zone info from registry
2025-10-01 03:52:36,726 [INFO] [MainThread] [root/bar_manager.py:76]: Starting SystemEventListener...
2025-10-01 03:52:36,727 [INFO] [MainThread] [root/bar_manager.py:76]: Starting WindowsNotificationEventListener...
2025-10-01 03:52:36,728 [INFO] [MainThread] [root/bar_manager.py:76]: Starting KomorebiEventListener...
2025-10-01 03:52:36,728 [INFO] [MainThread] [root/watcher.py:54]: Created file watcher for path C:\Users\renat\.config\yasb
2025-10-01 03:52:36,909 [INFO] [Dummy-5] [root/event_listener.py:51]: Created named pipe yasb-36eba862-9e93-11f0-ae8d-dc45465b95c7
2025-10-01 03:52:36,960 [DEBUG] [MainThread] [qasync._windows._EventPoller/_windows.py:215]: Starting (proactor: <_IocpProactor overlapped#=0 result#=0>)...
2025-10-01 03:52:36,963 [DEBUG] [Dummy-7] [qasync._windows._EventWorker/_windows.py:195]: Thread started
2025-10-01 03:52:36,966 [DEBUG] [MainThread] [systray_widget/systray.py:535]: Loading state from C:\Users\renat\AppData\Local\YASB\systray_state_LGELECTRONICSLGFHD283841.json
2025-10-01 03:52:36,970 [DEBUG] [TaskbarService] [systray_widget/systray.py:72]: TaskbarService thread is starting...
2025-10-01 03:52:36,970 [DEBUG] [TrayMonitor] [systray_widget/systray.py:58]: Systray thread is starting...
2025-10-01 03:52:36,982 [DEBUG] [TaskbarService] [root/tasks_service.py:75]: Found yasb systray hwnd: 593108
2025-10-01 03:52:37,014 [DEBUG] [TaskbarService] [systray_widget/tasks_service.py:81]: Adding TaskbandHWND prop to hwnd 593108
2025-10-01 03:52:41,593 [DEBUG] [MainThread] [systray_widget/systray.py:535]: Loading state from C:\Users\renat\AppData\Local\YASB\systray_state_CHIMEIINNOLUXCORPORATIONDISPLAY2.json
2025-10-01 03:52:41,989 [DEBUG] [MainThread] [systray_widget/systray.py:285]: Systray thread started
2025-10-01 03:52:42,190 [DEBUG] [TaskbarService] [systray_widget/tasks_service.py:81]: Adding TaskbandHWND prop to hwnd 593108
2025-10-01 03:52:42,190 [DEBUG] [TrayMonitor] [systray_widget/tray_monitor.py:228]: Finding real tray hwnd
2025-10-01 03:52:42,233 [DEBUG] [MainThread] [systray_widget/tray_monitor.py:154]: Sending TaskbarCreated message: 49248
2025-10-01 03:52:43,538 [DEBUG] [MainThread] [systray_widget/systray.py:473]: Re-sorting widgets
2025-10-01 03:52:43,538 [DEBUG] [MainThread] [systray_widget/systray.py:495]: Updating current state
2025-10-01 03:52:43,538 [DEBUG] [MainThread] [systray_widget/systray.py:473]: Re-sorting widgets
2025-10-01 03:52:43,538 [DEBUG] [MainThread] [systray_widget/systray.py:495]: Updating current state
2025-10-01 03:52:51,333 [DEBUG] [MainThread] [systray_widget/systray.py:473]: Re-sorting widgets
2025-10-01 03:52:51,333 [DEBUG] [MainThread] [systray_widget/systray.py:495]: Updating current state
2025-10-01 03:52:51,333 [DEBUG] [MainThread] [systray_widget/systray.py:473]: Re-sorting widgets
2025-10-01 03:52:51,333 [DEBUG] [MainThread] [systray_widget/systray.py:495]: Updating current state
2025-10-01 04:06:29,469 [DEBUG] [MainThread] [systray_widget/systray.py:473]: Re-sorting widgets
2025-10-01 04:06:29,469 [DEBUG] [MainThread] [systray_widget/systray.py:495]: Updating current state
2025-10-01 04:06:29,469 [DEBUG] [MainThread] [systray_widget/systray.py:473]: Re-sorting widgets
2025-10-01 04:06:29,469 [DEBUG] [MainThread] [systray_widget/systray.py:495]: Updating current state
2025-10-01 05:06:38,939 [INFO] [MainThread] [root/bar_manager.py:71]: Screens updated. Re-initialising all bars.
2025-10-01 05:06:38,940 [INFO] [MainThread] [root/controller.py:15]: Reloading Application because of screen update.
2025-10-01 05:06:39,049 [INFO] [MainThread] [cli_server/cli_server.py:112]: Log pipe server stopped
2025-10-01 05:06:39,053 [DEBUG] [MainThread] [cli_server/cli_server.py:206]: CLI server stopped
2025-10-01 05:06:39,557 [INFO] [MainThread] [root/bar_manager.py:83]: Stopping SystemEventListener...
2025-10-01 05:06:39,558 [INFO] [MainThread] [root/bar_manager.py:83]: Stopping WindowsNotificationEventListener...
2025-10-01 05:06:39,559 [INFO] [MainThread] [root/bar_manager.py:83]: Stopping KomorebiEventListener...
2025-10-01 05:06:39,632 [DEBUG] [MainThread] [systray_widget/systray.py:495]: Updating current state
2025-10-01 05:06:39,635 [DEBUG] [MainThread] [systray_widget/systray.py:513]: Saving state to disk
2025-10-01 05:06:39,637 [DEBUG] [MainThread] [systray_widget/systray.py:517]: Saving state to C:\Users\renat\AppData\Local\YASB\systray_state_LGELECTRONICSLGFHD283841.json
2025-10-01 05:06:39,641 [DEBUG] [MainThread] [systray_widget/systray.py:495]: Updating current state
2025-10-01 05:06:39,641 [DEBUG] [MainThread] [systray_widget/systray.py:513]: Saving state to disk
2025-10-01 05:06:39,642 [DEBUG] [MainThread] [systray_widget/systray.py:517]: Saving state to C:\Users\renat\AppData\Local\YASB\systray_state_LGELECTRONICSLGFHD283841.json
2025-10-01 05:06:39,691 [DEBUG] [MainThread] [qasync._windows._EventPoller/_windows.py:220]: Stopping worker thread...
2025-10-01 05:06:39,703 [DEBUG] [Dummy-7] [qasync._windows._EventWorker/_windows.py:204]: Exiting thread
2025-10-01 05:06:39,708 [DEBUG] [MainThread] [qasync._windows._IocpProactor/_windows.py:78]: Closing
2025-10-01 05:06:40,191 [DEBUG] [MainThread] [systray_widget/utils.py:96]: Destroying window 1248310
2025-10-01 05:06:40,191 [DEBUG] [MainThread] [systray_widget/utils.py:96]: Destroying window 593108
2025-10-01 05:06:40,649 [INFO] [MainThread] [root/log.py:59]: YASB v1.8.2
2025-10-01 05:06:40,722 [INFO] [Thread-1 (_run_server)] [cli_server/cli_server.py:212]: CLI server started v1.1.2
2025-10-01 05:06:40,757 [INFO] [MainThread] [cli_server/cli_server.py:104]: Log pipe server started
2025-10-01 05:06:41,182 [DEBUG] [MainThread] [comtypes/__init__.py:149]: CoInitializeEx(None, 2)
2025-10-01 05:06:41,798 [DEBUG] [MainThread] [tzlocal/win32.py:55]: Looking up time zone info from registry
2025-10-01 05:06:45,148 [INFO] [MainThread] [root/bar_manager.py:76]: Starting SystemEventListener...
2025-10-01 05:06:45,149 [INFO] [MainThread] [root/bar_manager.py:76]: Starting KomorebiEventListener...
2025-10-01 05:06:45,149 [INFO] [MainThread] [root/bar_manager.py:76]: Starting WindowsNotificationEventListener...
2025-10-01 05:06:45,150 [INFO] [MainThread] [root/watcher.py:54]: Created file watcher for path C:\Users\renat\.config\yasb
2025-10-01 05:06:45,153 [INFO] [Dummy-5] [root/event_listener.py:51]: Created named pipe yasb-9262ec9a-9e9d-11f0-9dff-dc45465b95c7
2025-10-01 05:06:45,267 [DEBUG] [MainThread] [qasync._windows._EventPoller/_windows.py:215]: Starting (proactor: <_IocpProactor overlapped#=0 result#=0>)...
2025-10-01 05:06:45,271 [DEBUG] [Dummy-9] [qasync._windows._EventWorker/_windows.py:195]: Thread started
2025-10-01 05:06:45,272 [DEBUG] [MainThread] [systray_widget/systray.py:535]: Loading state from C:\Users\renat\AppData\Local\YASB\systray_state_LGELECTRONICSLGFHD283841.json
2025-10-01 05:06:45,299 [DEBUG] [TaskbarService] [systray_widget/systray.py:72]: TaskbarService thread is starting...
2025-10-01 05:06:45,313 [DEBUG] [TrayMonitor] [systray_widget/systray.py:58]: Systray thread is starting...
2025-10-01 05:06:45,333 [DEBUG] [TaskbarService] [root/tasks_service.py:75]: Found yasb systray hwnd: 3542140
2025-10-01 05:06:45,334 [DEBUG] [TaskbarService] [systray_widget/tasks_service.py:81]: Adding TaskbandHWND prop to hwnd 3542140
2025-10-01 05:06:45,452 [DEBUG] [TrayMonitor] [systray_widget/tray_monitor.py:228]: Finding real tray hwnd
2025-10-01 05:06:47,041 [DEBUG] [MainThread] [systray_widget/systray.py:285]: Systray thread started
2025-10-01 05:06:47,243 [DEBUG] [TaskbarService] [systray_widget/tasks_service.py:81]: Adding TaskbandHWND prop to hwnd 3542140
2025-10-01 05:06:47,278 [DEBUG] [MainThread] [systray_widget/tray_monitor.py:154]: Sending TaskbarCreated message: 49248
2025-10-01 05:06:48,465 [DEBUG] [MainThread] [systray_widget/systray.py:473]: Re-sorting widgets
2025-10-01 05:06:48,466 [DEBUG] [MainThread] [systray_widget/systray.py:495]: Updating current state
2025-10-01 05:06:52,802 [DEBUG] [MainThread] [systray_widget/systray.py:473]: Re-sorting widgets
2025-10-01 05:06:52,802 [DEBUG] [MainThread] [systray_widget/systray.py:495]: Updating current state
2025-10-01 05:06:56,351 [DEBUG] [MainThread] [systray_widget/systray.py:473]: Re-sorting widgets
2025-10-01 05:06:56,351 [DEBUG] [MainThread] [systray_widget/systray.py:495]: Updating current state
2025-10-01 05:52:02,033 [INFO] [MainThread] [root/bar_manager.py:71]: Screens updated. Re-initialising all bars.
2025-10-01 05:52:02,034 [INFO] [MainThread] [root/controller.py:15]: Reloading Application because of screen update.
2025-10-01 05:52:02,147 [INFO] [MainThread] [cli_server/cli_server.py:112]: Log pipe server stopped
2025-10-01 05:52:02,147 [DEBUG] [MainThread] [cli_server/cli_server.py:206]: CLI server stopped
2025-10-01 05:52:02,225 [INFO] [MainThread] [root/bar_manager.py:83]: Stopping SystemEventListener...
2025-10-01 05:52:02,226 [INFO] [MainThread] [root/bar_manager.py:83]: Stopping KomorebiEventListener...
2025-10-01 05:52:02,226 [INFO] [MainThread] [root/bar_manager.py:83]: Stopping WindowsNotificationEventListener...
2025-10-01 05:52:02,227 [DEBUG] [MainThread] [systray_widget/systray.py:495]: Updating current state
2025-10-01 05:52:02,229 [DEBUG] [MainThread] [systray_widget/systray.py:513]: Saving state to disk
2025-10-01 05:52:02,229 [DEBUG] [MainThread] [systray_widget/systray.py:517]: Saving state to C:\Users\renat\AppData\Local\YASB\systray_state_LGELECTRONICSLGFHD283841.json
2025-10-01 05:52:02,234 [DEBUG] [MainThread] [qasync._windows._EventPoller/_windows.py:220]: Stopping worker thread...
2025-10-01 05:52:02,240 [DEBUG] [Dummy-9] [qasync._windows._EventWorker/_windows.py:204]: Exiting thread
2025-10-01 05:52:02,254 [DEBUG] [MainThread] [qasync._windows._IocpProactor/_windows.py:78]: Closing
2025-10-01 05:52:02,519 [DEBUG] [MainThread] [systray_widget/utils.py:96]: Destroying window 23924082
2025-10-01 05:52:02,520 [DEBUG] [MainThread] [systray_widget/utils.py:96]: Destroying window 3542140
2025-10-01 05:52:02,788 [INFO] [MainThread] [root/log.py:59]: YASB v1.8.2
2025-10-01 05:52:02,790 [INFO] [Thread-1 (_run_server)] [cli_server/cli_server.py:212]: CLI server started v1.1.2
2025-10-01 05:52:02,790 [INFO] [MainThread] [cli_server/cli_server.py:104]: Log pipe server started
2025-10-01 05:52:03,100 [DEBUG] [MainThread] [comtypes/__init__.py:149]: CoInitializeEx(None, 2)
2025-10-01 05:52:03,252 [DEBUG] [MainThread] [tzlocal/win32.py:55]: Looking up time zone info from registry
2025-10-01 05:52:05,057 [INFO] [MainThread] [root/bar_manager.py:76]: Starting WindowsNotificationEventListener...
2025-10-01 05:52:05,058 [INFO] [MainThread] [root/bar_manager.py:76]: Starting SystemEventListener...
2025-10-01 05:52:05,059 [INFO] [MainThread] [root/bar_manager.py:76]: Starting KomorebiEventListener...
2025-10-01 05:52:05,060 [INFO] [MainThread] [root/watcher.py:54]: Created file watcher for path C:\Users\renat\.config\yasb
2025-10-01 05:52:05,233 [INFO] [Dummy-5] [root/event_listener.py:51]: Created named pipe yasb-e7942c58-9ea3-11f0-9a82-dc45465b95c7
2025-10-01 05:52:05,264 [DEBUG] [MainThread] [qasync._windows._EventPoller/_windows.py:215]: Starting (proactor: <_IocpProactor overlapped#=0 result#=0>)...
2025-10-01 05:52:05,266 [DEBUG] [Dummy-9] [qasync._windows._EventWorker/_windows.py:195]: Thread started
2025-10-01 05:52:05,267 [DEBUG] [MainThread] [systray_widget/systray.py:535]: Loading state from C:\Users\renat\AppData\Local\YASB\systray_state_LGELECTRONICSLGFHD283841.json
2025-10-01 05:52:05,289 [DEBUG] [TaskbarService] [systray_widget/systray.py:72]: TaskbarService thread is starting...
2025-10-01 05:52:05,290 [DEBUG] [TrayMonitor] [systray_widget/systray.py:58]: Systray thread is starting...
2025-10-01 05:52:05,306 [DEBUG] [TaskbarService] [root/tasks_service.py:75]: Found yasb systray hwnd: 1444918
2025-10-01 05:52:05,307 [DEBUG] [TaskbarService] [systray_widget/tasks_service.py:81]: Adding TaskbandHWND prop to hwnd 1444918
2025-10-01 05:52:05,637 [DEBUG] [MainThread] [systray_widget/systray.py:535]: Loading state from C:\Users\renat\AppData\Local\YASB\systray_state_CHIMEIINNOLUXCORPORATIONDISPLAY2.json
2025-10-01 05:52:05,804 [DEBUG] [MainThread] [systray_widget/systray.py:285]: Systray thread started
2025-10-01 05:52:06,005 [DEBUG] [TaskbarService] [systray_widget/tasks_service.py:81]: Adding TaskbandHWND prop to hwnd 1444918
2025-10-01 05:52:06,006 [DEBUG] [TrayMonitor] [systray_widget/tray_monitor.py:228]: Finding real tray hwnd
2025-10-01 05:52:06,040 [DEBUG] [MainThread] [systray_widget/tray_monitor.py:154]: Sending TaskbarCreated message: 49248
2025-10-01 05:52:07,171 [DEBUG] [MainThread] [systray_widget/systray.py:473]: Re-sorting widgets
2025-10-01 05:52:07,171 [DEBUG] [MainThread] [systray_widget/systray.py:495]: Updating current state
2025-10-01 05:52:07,171 [DEBUG] [MainThread] [systray_widget/systray.py:473]: Re-sorting widgets
2025-10-01 05:52:07,171 [DEBUG] [MainThread] [systray_widget/systray.py:495]: Updating current state
2025-10-01 05:52:15,123 [DEBUG] [MainThread] [systray_widget/systray.py:473]: Re-sorting widgets
2025-10-01 05:52:15,123 [DEBUG] [MainThread] [systray_widget/systray.py:495]: Updating current state
2025-10-01 05:52:15,123 [DEBUG] [MainThread] [systray_widget/systray.py:473]: Re-sorting widgets
2025-10-01 05:52:15,123 [DEBUG] [MainThread] [systray_widget/systray.py:495]: Updating current state
2025-10-01 06:06:07,173 [DEBUG] [MainThread] [systray_widget/systray.py:473]: Re-sorting widgets
2025-10-01 06:06:07,173 [DEBUG] [MainThread] [systray_widget/systray.py:495]: Updating current state
2025-10-01 06:06:07,173 [DEBUG] [MainThread] [systray_widget/systray.py:473]: Re-sorting widgets
2025-10-01 06:06:07,173 [DEBUG] [MainThread] [systray_widget/systray.py:495]: Updating current state
2025-10-01 07:06:16,194 [INFO] [MainThread] [root/bar_manager.py:71]: Screens updated. Re-initialising all bars.
2025-10-01 07:06:16,194 [INFO] [MainThread] [root/controller.py:15]: Reloading Application because of screen update.
2025-10-01 07:06:16,313 [INFO] [MainThread] [cli_server/cli_server.py:112]: Log pipe server stopped
2025-10-01 07:06:16,315 [DEBUG] [MainThread] [cli_server/cli_server.py:206]: CLI server stopped
2025-10-01 07:06:16,410 [INFO] [MainThread] [root/bar_manager.py:83]: Stopping WindowsNotificationEventListener...
2025-10-01 07:06:16,411 [INFO] [MainThread] [root/bar_manager.py:83]: Stopping SystemEventListener...
2025-10-01 07:06:16,412 [INFO] [MainThread] [root/bar_manager.py:83]: Stopping KomorebiEventListener...
2025-10-01 07:06:16,453 [DEBUG] [MainThread] [systray_widget/systray.py:495]: Updating current state
2025-10-01 07:06:16,454 [DEBUG] [MainThread] [systray_widget/systray.py:513]: Saving state to disk
2025-10-01 07:06:16,456 [DEBUG] [MainThread] [systray_widget/systray.py:517]: Saving state to C:\Users\renat\AppData\Local\YASB\systray_state_LGELECTRONICSLGFHD283841.json
2025-10-01 07:06:16,460 [DEBUG] [MainThread] [systray_widget/systray.py:495]: Updating current state
2025-10-01 07:06:16,461 [DEBUG] [MainThread] [systray_widget/systray.py:513]: Saving state to disk
2025-10-01 07:06:16,462 [DEBUG] [MainThread] [systray_widget/systray.py:517]: Saving state to C:\Users\renat\AppData\Local\YASB\systray_state_LGELECTRONICSLGFHD283841.json
2025-10-01 07:06:16,504 [DEBUG] [MainThread] [qasync._windows._EventPoller/_windows.py:220]: Stopping worker thread...
2025-10-01 07:06:16,510 [DEBUG] [Dummy-9] [qasync._windows._EventWorker/_windows.py:204]: Exiting thread
2025-10-01 07:06:16,518 [DEBUG] [MainThread] [qasync._windows._IocpProactor/_windows.py:78]: Closing
2025-10-01 07:06:17,325 [DEBUG] [MainThread] [systray_widget/utils.py:96]: Destroying window 28641626
2025-10-01 07:06:17,326 [DEBUG] [MainThread] [systray_widget/utils.py:96]: Destroying window 1444918
2025-10-01 07:06:17,974 [INFO] [MainThread] [root/log.py:59]: YASB v1.8.2
2025-10-01 07:06:17,984 [INFO] [Thread-1 (_run_server)] [cli_server/cli_server.py:212]: CLI server started v1.1.2
2025-10-01 07:06:17,995 [INFO] [MainThread] [cli_server/cli_server.py:104]: Log pipe server started
2025-10-01 07:06:18,442 [DEBUG] [MainThread] [comtypes/__init__.py:149]: CoInitializeEx(None, 2)
2025-10-01 07:06:18,730 [DEBUG] [MainThread] [tzlocal/win32.py:55]: Looking up time zone info from registry
2025-10-01 07:06:21,156 [INFO] [MainThread] [root/bar_manager.py:76]: Starting KomorebiEventListener...
2025-10-01 07:06:21,156 [INFO] [MainThread] [root/bar_manager.py:76]: Starting SystemEventListener...
2025-10-01 07:06:21,157 [INFO] [MainThread] [root/bar_manager.py:76]: Starting WindowsNotificationEventListener...
2025-10-01 07:06:21,158 [INFO] [MainThread] [root/watcher.py:54]: Created file watcher for path C:\Users\renat\.config\yasb
2025-10-01 07:06:21,159 [INFO] [Dummy-5] [root/event_listener.py:51]: Created named pipe yasb-479eb5d9-9eae-11f0-b5f0-dc45465b95c7
2025-10-01 07:06:21,235 [DEBUG] [MainThread] [qasync._windows._EventPoller/_windows.py:215]: Starting (proactor: <_IocpProactor overlapped#=0 result#=0>)...
2025-10-01 07:06:21,239 [DEBUG] [Dummy-9] [qasync._windows._EventWorker/_windows.py:195]: Thread started
2025-10-01 07:06:21,240 [DEBUG] [MainThread] [systray_widget/systray.py:535]: Loading state from C:\Users\renat\AppData\Local\YASB\systray_state_LGELECTRONICSLGFHD283841.json
2025-10-01 07:06:21,296 [DEBUG] [TrayMonitor] [systray_widget/systray.py:58]: Systray thread is starting...
2025-10-01 07:06:21,297 [DEBUG] [TaskbarService] [systray_widget/systray.py:72]: TaskbarService thread is starting...
2025-10-01 07:06:21,306 [DEBUG] [TaskbarService] [root/tasks_service.py:75]: Found yasb systray hwnd: 1051982
2025-10-01 07:06:21,306 [DEBUG] [TaskbarService] [systray_widget/tasks_service.py:81]: Adding TaskbandHWND prop to hwnd 1051982
2025-10-01 07:06:22,049 [DEBUG] [TrayMonitor] [systray_widget/tray_monitor.py:228]: Finding real tray hwnd
2025-10-01 07:06:22,748 [DEBUG] [MainThread] [systray_widget/systray.py:285]: Systray thread started
2025-10-01 07:06:22,950 [DEBUG] [TaskbarService] [systray_widget/tasks_service.py:81]: Adding TaskbandHWND prop to hwnd 1051982
2025-10-01 07:06:22,993 [DEBUG] [MainThread] [systray_widget/tray_monitor.py:154]: Sending TaskbarCreated message: 49248
2025-10-01 07:06:24,087 [DEBUG] [MainThread] [systray_widget/systray.py:473]: Re-sorting widgets
2025-10-01 07:06:24,088 [DEBUG] [MainThread] [systray_widget/systray.py:495]: Updating current state
2025-10-01 07:06:32,086 [DEBUG] [MainThread] [systray_widget/systray.py:473]: Re-sorting widgets
2025-10-01 07:06:32,086 [DEBUG] [MainThread] [systray_widget/systray.py:495]: Updating current state
2025-10-01 07:51:38,190 [INFO] [MainThread] [root/bar_manager.py:71]: Screens updated. Re-initialising all bars.
2025-10-01 07:51:38,191 [INFO] [MainThread] [root/controller.py:15]: Reloading Application because of screen update.
2025-10-01 07:51:38,292 [INFO] [MainThread] [cli_server/cli_server.py:112]: Log pipe server stopped
2025-10-01 07:51:38,292 [DEBUG] [MainThread] [cli_server/cli_server.py:206]: CLI server stopped
2025-10-01 07:51:38,389 [INFO] [MainThread] [root/bar_manager.py:83]: Stopping KomorebiEventListener...
2025-10-01 07:51:38,390 [INFO] [MainThread] [root/bar_manager.py:83]: Stopping SystemEventListener...
2025-10-01 07:51:38,391 [INFO] [MainThread] [root/bar_manager.py:83]: Stopping WindowsNotificationEventListener...
2025-10-01 07:51:38,393 [DEBUG] [MainThread] [systray_widget/systray.py:495]: Updating current state
2025-10-01 07:51:38,393 [DEBUG] [MainThread] [systray_widget/systray.py:513]: Saving state to disk
2025-10-01 07:51:38,397 [DEBUG] [MainThread] [systray_widget/systray.py:517]: Saving state to C:\Users\renat\AppData\Local\YASB\systray_state_LGELECTRONICSLGFHD283841.json
2025-10-01 07:51:38,406 [DEBUG] [MainThread] [qasync._windows._EventPoller/_windows.py:220]: Stopping worker thread...
2025-10-01 07:51:38,416 [DEBUG] [Dummy-9] [qasync._windows._EventWorker/_windows.py:204]: Exiting thread
2025-10-01 07:51:38,437 [DEBUG] [MainThread] [qasync._windows._IocpProactor/_windows.py:78]: Closing
2025-10-01 07:51:38,607 [DEBUG] [MainThread] [systray_widget/utils.py:96]: Destroying window 3344322
2025-10-01 07:51:38,607 [DEBUG] [MainThread] [systray_widget/utils.py:96]: Destroying window 1051982
2025-10-01 07:51:38,950 [INFO] [MainThread] [root/log.py:59]: YASB v1.8.2
2025-10-01 07:51:38,950 [INFO] [Thread-1 (_run_server)] [cli_server/cli_server.py:212]: CLI server started v1.1.2
2025-10-01 07:51:38,951 [INFO] [MainThread] [cli_server/cli_server.py:104]: Log pipe server started
2025-10-01 07:51:39,234 [DEBUG] [MainThread] [comtypes/__init__.py:149]: CoInitializeEx(None, 2)
2025-10-01 07:51:39,388 [DEBUG] [MainThread] [tzlocal/win32.py:55]: Looking up time zone info from registry
2025-10-01 07:51:41,190 [INFO] [MainThread] [root/bar_manager.py:76]: Starting KomorebiEventListener...
2025-10-01 07:51:41,190 [INFO] [MainThread] [root/bar_manager.py:76]: Starting WindowsNotificationEventListener...
2025-10-01 07:51:41,191 [INFO] [MainThread] [root/bar_manager.py:76]: Starting SystemEventListener...
2025-10-01 07:51:41,191 [INFO] [MainThread] [root/watcher.py:54]: Created file watcher for path C:\Users\renat\.config\yasb
2025-10-01 07:51:41,422 [INFO] [Dummy-5] [root/event_listener.py:51]: Created named pipe yasb-9ce2fe6a-9eb4-11f0-b554-dc45465b95c7
2025-10-01 07:51:41,454 [DEBUG] [MainThread] [qasync._windows._EventPoller/_windows.py:215]: Starting (proactor: <_IocpProactor overlapped#=0 result#=0>)...
2025-10-01 07:51:41,456 [DEBUG] [Dummy-9] [qasync._windows._EventWorker/_windows.py:195]: Thread started
2025-10-01 07:51:41,460 [DEBUG] [MainThread] [systray_widget/systray.py:535]: Loading state from C:\Users\renat\AppData\Local\YASB\systray_state_LGELECTRONICSLGFHD283841.json
2025-10-01 07:51:41,481 [DEBUG] [TaskbarService] [systray_widget/systray.py:72]: TaskbarService thread is starting...
2025-10-01 07:51:41,481 [DEBUG] [TrayMonitor] [systray_widget/systray.py:58]: Systray thread is starting...
2025-10-01 07:51:41,490 [DEBUG] [TaskbarService] [root/tasks_service.py:75]: Found yasb systray hwnd: 55445406
2025-10-01 07:51:41,491 [DEBUG] [TaskbarService] [systray_widget/tasks_service.py:81]: Adding TaskbandHWND prop to hwnd 55445406
2025-10-01 07:51:41,894 [DEBUG] [MainThread] [systray_widget/systray.py:535]: Loading state from C:\Users\renat\AppData\Local\YASB\systray_state_CHIMEIINNOLUXCORPORATIONDISPLAY2.json
2025-10-01 07:51:42,081 [DEBUG] [MainThread] [systray_widget/systray.py:285]: Systray thread started
2025-10-01 07:51:42,283 [DEBUG] [TaskbarService] [systray_widget/tasks_service.py:81]: Adding TaskbandHWND prop to hwnd 55445406
2025-10-01 07:51:42,283 [DEBUG] [TrayMonitor] [systray_widget/tray_monitor.py:228]: Finding real tray hwnd
2025-10-01 07:51:42,328 [DEBUG] [MainThread] [systray_widget/tray_monitor.py:154]: Sending TaskbarCreated message: 49248
2025-10-01 07:51:43,403 [DEBUG] [MainThread] [systray_widget/systray.py:473]: Re-sorting widgets
2025-10-01 07:51:43,403 [DEBUG] [MainThread] [systray_widget/systray.py:495]: Updating current state
2025-10-01 07:51:43,403 [DEBUG] [MainThread] [systray_widget/systray.py:473]: Re-sorting widgets
2025-10-01 07:51:43,403 [DEBUG] [MainThread] [systray_widget/systray.py:495]: Updating current state
2025-10-01 07:51:51,388 [DEBUG] [MainThread] [systray_widget/systray.py:473]: Re-sorting widgets
2025-10-01 07:51:51,388 [DEBUG] [MainThread] [systray_widget/systray.py:495]: Updating current state
2025-10-01 07:51:51,388 [DEBUG] [MainThread] [systray_widget/systray.py:473]: Re-sorting widgets
2025-10-01 07:51:51,388 [DEBUG] [MainThread] [systray_widget/systray.py:495]: Updating current state
2025-10-01 08:05:44,284 [DEBUG] [MainThread] [systray_widget/systray.py:473]: Re-sorting widgets
2025-10-01 08:05:44,284 [DEBUG] [MainThread] [systray_widget/systray.py:495]: Updating current state
2025-10-01 08:05:44,300 [DEBUG] [MainThread] [systray_widget/systray.py:473]: Re-sorting widgets
2025-10-01 08:05:44,301 [DEBUG] [MainThread] [systray_widget/systray.py:495]: Updating current state
2025-10-01 08:10:54,430 [DEBUG] [MainThread] [systray_widget/systray.py:473]: Re-sorting widgets
2025-10-01 08:10:54,430 [DEBUG] [MainThread] [systray_widget/systray.py:495]: Updating current state
2025-10-01 08:10:54,461 [DEBUG] [MainThread] [systray_widget/systray.py:473]: Re-sorting widgets
2025-10-01 08:10:54,461 [DEBUG] [MainThread] [systray_widget/systray.py:495]: Updating current state
2025-10-01 08:25:10,230 [INFO] [MainThread] [root/bar_manager.py:71]: Screens updated. Re-initialising all bars.
2025-10-01 08:25:10,231 [INFO] [MainThread] [root/controller.py:15]: Reloading Application because of screen update.
2025-10-01 08:25:10,362 [INFO] [MainThread] [cli_server/cli_server.py:112]: Log pipe server stopped
2025-10-01 08:25:10,364 [DEBUG] [MainThread] [cli_server/cli_server.py:206]: CLI server stopped
2025-10-01 08:25:10,500 [INFO] [MainThread] [root/bar_manager.py:71]: Screens updated. Re-initialising all bars.
2025-10-01 08:25:10,501 [INFO] [MainThread] [root/controller.py:15]: Reloading Application because of screen update.
2025-10-01 08:25:10,613 [INFO] [MainThread] [cli_server/cli_server.py:112]: Log pipe server stopped
2025-10-01 08:25:10,614 [DEBUG] [MainThread] [cli_server/cli_server.py:206]: CLI server stopped
2025-10-01 08:25:10,662 [INFO] [MainThread] [root/bar_manager.py:83]: Stopping KomorebiEventListener...
2025-10-01 08:25:10,663 [INFO] [MainThread] [root/bar_manager.py:83]: Stopping WindowsNotificationEventListener...
2025-10-01 08:25:10,664 [INFO] [MainThread] [root/bar_manager.py:83]: Stopping SystemEventListener...
2025-10-01 08:25:10,678 [DEBUG] [MainThread] [systray_widget/systray.py:495]: Updating current state
2025-10-01 08:25:10,678 [DEBUG] [MainThread] [systray_widget/systray.py:513]: Saving state to disk
2025-10-01 08:25:10,683 [DEBUG] [MainThread] [systray_widget/systray.py:517]: Saving state to C:\Users\renat\AppData\Local\YASB\systray_state_LGELECTRONICSLGFHD283841.json
2025-10-01 08:25:10,686 [DEBUG] [MainThread] [systray_widget/systray.py:495]: Updating current state
2025-10-01 08:25:10,687 [DEBUG] [MainThread] [systray_widget/systray.py:513]: Saving state to disk
2025-10-01 08:25:10,687 [DEBUG] [MainThread] [systray_widget/systray.py:517]: Saving state to C:\Users\renat\AppData\Local\YASB\systray_state_LGELECTRONICSLGFHD283841.json
2025-10-01 08:25:10,708 [DEBUG] [MainThread] [qasync._windows._EventPoller/_windows.py:220]: Stopping worker thread...
2025-10-01 08:25:10,716 [DEBUG] [Dummy-9] [qasync._windows._EventWorker/_windows.py:204]: Exiting thread
2025-10-01 08:25:10,725 [DEBUG] [MainThread] [qasync._windows._IocpProactor/_windows.py:78]: Closing
2025-10-01 08:25:11,013 [DEBUG] [MainThread] [systray_widget/utils.py:96]: Destroying window 36047910
2025-10-01 08:25:11,014 [DEBUG] [MainThread] [systray_widget/utils.py:96]: Destroying window 55445406
2025-10-01 08:25:12,207 [INFO] [MainThread] [root/log.py:59]: YASB v1.8.2
2025-10-01 08:25:12,212 [INFO] [Thread-1 (_run_server)] [cli_server/cli_server.py:212]: CLI server started v1.1.2
2025-10-01 08:25:12,214 [INFO] [MainThread] [cli_server/cli_server.py:104]: Log pipe server started
2025-10-01 08:25:13,137 [INFO] [MainThread] [root/log.py:59]: YASB v1.8.2
2025-10-01 08:25:13,178 [INFO] [Thread-1 (_run_server)] [cli_server/cli_server.py:212]: CLI server started v1.1.2
2025-10-01 08:25:13,196 [INFO] [MainThread] [cli_server/cli_server.py:104]: Log pipe server started
2025-10-01 08:25:13,196 [INFO] [MainThread] [root/main.py:48]: Waiting for previous YASB instance to exit...
2025-10-01 08:25:13,230 [DEBUG] [MainThread] [comtypes/__init__.py:149]: CoInitializeEx(None, 2)
2025-10-01 08:25:13,632 [DEBUG] [MainThread] [tzlocal/win32.py:55]: Looking up time zone info from registry
2025-10-01 08:25:16,723 [INFO] [MainThread] [root/bar_manager.py:76]: Starting WindowsNotificationEventListener...
2025-10-01 08:25:16,727 [INFO] [MainThread] [root/bar_manager.py:76]: Starting SystemEventListener...
2025-10-01 08:25:16,727 [INFO] [MainThread] [root/bar_manager.py:76]: Starting KomorebiEventListener...
2025-10-01 08:25:16,728 [INFO] [MainThread] [root/watcher.py:54]: Created file watcher for path C:\Users\renat\.config\yasb
2025-10-01 08:25:16,879 [INFO] [Dummy-5] [root/event_listener.py:51]: Created named pipe yasb-4e3da971-9eb9-11f0-98ce-dc45465b95c7
2025-10-01 08:25:16,938 [DEBUG] [MainThread] [qasync._windows._EventPoller/_windows.py:215]: Starting (proactor: <_IocpProactor overlapped#=0 result#=0>)...
2025-10-01 08:25:16,941 [DEBUG] [Dummy-9] [qasync._windows._EventWorker/_windows.py:195]: Thread started
2025-10-01 08:25:16,977 [DEBUG] [MainThread] [systray_widget/systray.py:535]: Loading state from C:\Users\renat\AppData\Local\YASB\systray_state_LGELECTRONICSLGFHD283841.json
2025-10-01 08:25:16,982 [DEBUG] [TaskbarService] [systray_widget/systray.py:72]: TaskbarService thread is starting...
2025-10-01 08:25:16,983 [DEBUG] [TrayMonitor] [systray_widget/systray.py:58]: Systray thread is starting...
2025-10-01 08:25:16,995 [DEBUG] [TaskbarService] [root/tasks_service.py:75]: Found yasb systray hwnd: 6622228
2025-10-01 08:25:16,996 [DEBUG] [TaskbarService] [systray_widget/tasks_service.py:81]: Adding TaskbandHWND prop to hwnd 6622228
2025-10-01 08:25:18,138 [DEBUG] [MainThread] [systray_widget/systray.py:535]: Loading state from C:\Users\renat\AppData\Local\YASB\systray_state_CHIMEIINNOLUXCORPORATIONDISPLAY1.json
2025-10-01 08:25:18,414 [DEBUG] [MainThread] [systray_widget/systray.py:285]: Systray thread started
2025-10-01 08:25:18,616 [DEBUG] [TaskbarService] [systray_widget/tasks_service.py:81]: Adding TaskbandHWND prop to hwnd 6622228
2025-10-01 08:25:18,616 [DEBUG] [TrayMonitor] [systray_widget/tray_monitor.py:228]: Finding real tray hwnd
2025-10-01 08:25:18,674 [DEBUG] [MainThread] [systray_widget/tray_monitor.py:154]: Sending TaskbarCreated message: 49248
2025-10-01 08:25:19,795 [DEBUG] [MainThread] [systray_widget/systray.py:473]: Re-sorting widgets
2025-10-01 08:25:19,795 [DEBUG] [MainThread] [systray_widget/systray.py:495]: Updating current state
2025-10-01 08:25:19,796 [DEBUG] [MainThread] [systray_widget/systray.py:473]: Re-sorting widgets
2025-10-01 08:25:19,796 [DEBUG] [MainThread] [systray_widget/systray.py:495]: Updating current state
2025-10-01 08:25:22,718 [DEBUG] [MainThread] [systray_widget/systray.py:473]: Re-sorting widgets
2025-10-01 08:25:22,718 [DEBUG] [MainThread] [systray_widget/systray.py:495]: Updating current state
2025-10-01 08:25:22,718 [DEBUG] [MainThread] [systray_widget/systray.py:473]: Re-sorting widgets
2025-10-01 08:25:22,718 [DEBUG] [MainThread] [systray_widget/systray.py:495]: Updating current state
2025-10-01 08:25:27,734 [DEBUG] [MainThread] [systray_widget/systray.py:473]: Re-sorting widgets
2025-10-01 08:25:27,734 [DEBUG] [MainThread] [systray_widget/systray.py:495]: Updating current state
2025-10-01 08:25:27,734 [DEBUG] [MainThread] [systray_widget/systray.py:473]: Re-sorting widgets
2025-10-01 08:25:27,734 [DEBUG] [MainThread] [systray_widget/systray.py:495]: Updating current state
2025-10-01 08:25:33,299 [ERROR] [MainThread] [root/main.py:71]: Timeout waiting for previous instance. Aborting start.
2025-10-01 11:04:12,422 [DEBUG] [MainThread] [systray_widget/systray.py:473]: Re-sorting widgets
2025-10-01 11:04:12,422 [DEBUG] [MainThread] [systray_widget/systray.py:495]: Updating current state
2025-10-01 11:04:12,440 [DEBUG] [MainThread] [systray_widget/systray.py:473]: Re-sorting widgets
2025-10-01 11:04:12,440 [DEBUG] [MainThread] [systray_widget/systray.py:495]: Updating current state
2025-10-01 11:04:49,307 [DEBUG] [MainThread] [systray_widget/systray.py:473]: Re-sorting widgets
2025-10-01 11:04:49,307 [DEBUG] [MainThread] [systray_widget/systray.py:495]: Updating current state
2025-10-01 11:04:49,307 [DEBUG] [MainThread] [systray_widget/systray.py:473]: Re-sorting widgets
2025-10-01 11:04:49,307 [DEBUG] [MainThread] [systray_widget/systray.py:495]: Updating current state
2025-10-01 11:08:02,685 [DEBUG] [MainThread] [systray_widget/systray.py:473]: Re-sorting widgets
2025-10-01 11:08:02,685 [DEBUG] [MainThread] [systray_widget/systray.py:495]: Updating current state
2025-10-01 11:08:02,716 [DEBUG] [MainThread] [systray_widget/systray.py:473]: Re-sorting widgets
2025-10-01 11:08:02,716 [DEBUG] [MainThread] [systray_widget/systray.py:495]: Updating current state
2025-10-01 11:08:06,543 [DEBUG] [MainThread] [systray_widget/systray.py:473]: Re-sorting widgets
2025-10-01 11:08:06,543 [DEBUG] [MainThread] [systray_widget/systray.py:495]: Updating current state
2025-10-01 11:08:06,543 [DEBUG] [MainThread] [systray_widget/systray.py:473]: Re-sorting widgets
2025-10-01 11:08:06,544 [DEBUG] [MainThread] [systray_widget/systray.py:495]: Updating current state
2025-10-01 11:08:11,053 [DEBUG] [MainThread] [systray_widget/systray.py:473]: Re-sorting widgets
2025-10-01 11:08:11,053 [DEBUG] [MainThread] [systray_widget/systray.py:495]: Updating current state
2025-10-01 11:08:11,068 [DEBUG] [MainThread] [systray_widget/systray.py:473]: Re-sorting widgets
2025-10-01 11:08:11,068 [DEBUG] [MainThread] [systray_widget/systray.py:495]: Updating current state
2025-10-01 11:08:13,714 [DEBUG] [MainThread] [systray_widget/systray.py:473]: Re-sorting widgets
2025-10-01 11:08:13,714 [DEBUG] [MainThread] [systray_widget/systray.py:495]: Updating current state
2025-10-01 11:08:13,714 [DEBUG] [MainThread] [systray_widget/systray.py:473]: Re-sorting widgets
2025-10-01 11:08:13,715 [DEBUG] [MainThread] [systray_widget/systray.py:495]: Updating current state
2025-10-01 11:08:21,437 [DEBUG] [MainThread] [systray_widget/systray.py:473]: Re-sorting widgets
2025-10-01 11:08:21,438 [DEBUG] [MainThread] [systray_widget/systray.py:495]: Updating current state
2025-10-01 11:08:21,438 [DEBUG] [MainThread] [systray_widget/systray.py:473]: Re-sorting widgets
2025-10-01 11:08:21,438 [DEBUG] [MainThread] [systray_widget/systray.py:495]: Updating current state
2025-10-01 11:08:29,513 [DEBUG] [MainThread] [systray_widget/systray.py:473]: Re-sorting widgets
2025-10-01 11:08:29,513 [DEBUG] [MainThread] [systray_widget/systray.py:495]: Updating current state
2025-10-01 11:08:29,528 [DEBUG] [MainThread] [systray_widget/systray.py:473]: Re-sorting widgets
2025-10-01 11:08:29,529 [DEBUG] [MainThread] [systray_widget/systray.py:495]: Updating current state
2025-10-01 11:08:36,137 [DEBUG] [MainThread] [systray_widget/systray.py:473]: Re-sorting widgets
2025-10-01 11:08:36,137 [DEBUG] [MainThread] [systray_widget/systray.py:495]: Updating current state
2025-10-01 11:08:36,137 [DEBUG] [MainThread] [systray_widget/systray.py:473]: Re-sorting widgets
2025-10-01 11:08:36,137 [DEBUG] [MainThread] [systray_widget/systray.py:495]: Updating current state
2025-10-01 11:08:43,976 [DEBUG] [MainThread] [systray_widget/systray.py:473]: Re-sorting widgets
2025-10-01 11:08:43,976 [DEBUG] [MainThread] [systray_widget/systray.py:495]: Updating current state
2025-10-01 11:08:43,976 [DEBUG] [MainThread] [systray_widget/systray.py:473]: Re-sorting widgets
2025-10-01 11:08:43,977 [DEBUG] [MainThread] [systray_widget/systray.py:495]: Updating current state
2025-10-01 11:08:46,228 [DEBUG] [MainThread] [systray_widget/systray.py:473]: Re-sorting widgets
2025-10-01 11:08:46,229 [DEBUG] [MainThread] [systray_widget/systray.py:495]: Updating current state
2025-10-01 11:08:46,229 [DEBUG] [MainThread] [systray_widget/systray.py:473]: Re-sorting widgets
2025-10-01 11:08:46,230 [DEBUG] [MainThread] [systray_widget/systray.py:495]: Updating current state
2025-10-01 11:08:52,347 [DEBUG] [MainThread] [systray_widget/systray.py:473]: Re-sorting widgets
2025-10-01 11:08:52,347 [DEBUG] [MainThread] [systray_widget/systray.py:495]: Updating current state
2025-10-01 11:08:52,347 [DEBUG] [MainThread] [systray_widget/systray.py:473]: Re-sorting widgets
2025-10-01 11:08:52,347 [DEBUG] [MainThread] [systray_widget/systray.py:495]: Updating current state
2025-10-01 11:13:00,148 [INFO] [MainThread] [root/log.py:59]: YASB v1.8.2
2025-10-01 11:13:00,150 [INFO] [Thread-1 (_run_server)] [cli_server/cli_server.py:212]: CLI server started v1.1.2
2025-10-01 11:13:00,150 [INFO] [MainThread] [cli_server/cli_server.py:104]: Log pipe server started
2025-10-01 11:13:00,813 [DEBUG] [MainThread] [comtypes/__init__.py:149]: CoInitializeEx(None, 2)
2025-10-01 11:13:01,619 [DEBUG] [MainThread] [tzlocal/win32.py:55]: Looking up time zone info from registry
2025-10-01 11:13:05,380 [INFO] [MainThread] [root/bar_manager.py:76]: Starting KomorebiEventListener...
2025-10-01 11:13:05,381 [INFO] [MainThread] [root/bar_manager.py:76]: Starting WindowsNotificationEventListener...
2025-10-01 11:13:05,381 [INFO] [Dummy-3] [root/event_listener.py:51]: Created named pipe yasb-bfa019c2-9ed0-11f0-8462-dc45465b95c7
2025-10-01 11:13:05,381 [INFO] [MainThread] [root/bar_manager.py:76]: Starting SystemEventListener...
2025-10-01 11:13:05,381 [INFO] [MainThread] [root/watcher.py:54]: Created file watcher for path C:\Users\renat\.config\yasb
2025-10-01 11:13:05,492 [DEBUG] [MainThread] [qasync._windows._EventPoller/_windows.py:215]: Starting (proactor: <_IocpProactor overlapped#=0 result#=0>)...
2025-10-01 11:13:05,496 [DEBUG] [Dummy-9] [qasync._windows._EventWorker/_windows.py:195]: Thread started
2025-10-01 11:13:05,500 [DEBUG] [MainThread] [systray_widget/systray.py:535]: Loading state from C:\Users\renat\AppData\Local\YASB\systray_state_LGELECTRONICSLGFHD283841.json
2025-10-01 11:13:05,539 [DEBUG] [TrayMonitor] [systray_widget/systray.py:58]: Systray thread is starting...
2025-10-01 11:13:05,543 [DEBUG] [TaskbarService] [systray_widget/systray.py:72]: TaskbarService thread is starting...
2025-10-01 11:13:05,543 [DEBUG] [TaskbarService] [root/tasks_service.py:75]: Found yasb systray hwnd: 132712
2025-10-01 11:13:05,543 [DEBUG] [TaskbarService] [systray_widget/tasks_service.py:81]: Adding TaskbandHWND prop to hwnd 132712
2025-10-01 11:13:05,857 [DEBUG] [TrayMonitor] [systray_widget/tray_monitor.py:228]: Finding real tray hwnd
2025-10-01 11:13:08,309 [ERROR] [TrayMonitor] [root/app_icons.py:170]: GetIconInfo failed: 0
2025-10-01 11:13:08,316 [ERROR] [TrayMonitor] [root/app_icons.py:170]: GetIconInfo failed: 0
2025-10-01 11:13:08,369 [DEBUG] [MainThread] [systray_widget/systray.py:535]: Loading state from C:\Users\renat\AppData\Local\YASB\systray_state_CHIMEIINNOLUXCORPORATIONDISPLAY1.json
2025-10-01 11:13:08,429 [DEBUG] [MainThread] [systray_widget/systray.py:285]: Systray thread started
2025-10-01 11:13:08,630 [DEBUG] [TaskbarService] [systray_widget/tasks_service.py:81]: Adding TaskbandHWND prop to hwnd 132712
2025-10-01 11:13:08,642 [DEBUG] [MainThread] [systray_widget/tray_monitor.py:154]: Sending TaskbarCreated message: 49283
2025-10-01 11:13:09,668 [DEBUG] [MainThread] [systray_widget/systray.py:473]: Re-sorting widgets
2025-10-01 11:13:09,668 [DEBUG] [MainThread] [systray_widget/systray.py:495]: Updating current state
2025-10-01 11:13:09,668 [DEBUG] [MainThread] [systray_widget/systray.py:473]: Re-sorting widgets
2025-10-01 11:13:09,668 [DEBUG] [MainThread] [systray_widget/systray.py:495]: Updating current state
2025-10-01 11:13:56,340 [INFO] [MainThread] [root/bar_manager.py:71]: Screens updated. Re-initialising all bars.
2025-10-01 11:13:56,340 [INFO] [MainThread] [root/controller.py:15]: Reloading Application because of screen update.
2025-10-01 11:13:56,461 [INFO] [MainThread] [cli_server/cli_server.py:112]: Log pipe server stopped
2025-10-01 11:13:56,461 [DEBUG] [MainThread] [cli_server/cli_server.py:206]: CLI server stopped
2025-10-01 11:13:56,477 [INFO] [MainThread] [root/bar_manager.py:83]: Stopping KomorebiEventListener...
2025-10-01 11:13:56,477 [INFO] [MainThread] [root/bar_manager.py:83]: Stopping WindowsNotificationEventListener...
2025-10-01 11:13:56,477 [INFO] [MainThread] [root/bar_manager.py:83]: Stopping SystemEventListener...
2025-10-01 11:13:56,481 [DEBUG] [MainThread] [systray_widget/systray.py:495]: Updating current state
2025-10-01 11:13:56,481 [DEBUG] [MainThread] [systray_widget/systray.py:513]: Saving state to disk
2025-10-01 11:13:56,481 [DEBUG] [MainThread] [systray_widget/systray.py:517]: Saving state to C:\Users\renat\AppData\Local\YASB\systray_state_LGELECTRONICSLGFHD283841.json
2025-10-01 11:13:56,483 [DEBUG] [MainThread] [systray_widget/systray.py:495]: Updating current state
2025-10-01 11:13:56,483 [DEBUG] [MainThread] [systray_widget/systray.py:513]: Saving state to disk
2025-10-01 11:13:56,483 [DEBUG] [MainThread] [systray_widget/systray.py:517]: Saving state to C:\Users\renat\AppData\Local\YASB\systray_state_LGELECTRONICSLGFHD283841.json
2025-10-01 11:13:56,524 [DEBUG] [MainThread] [qasync._windows._EventPoller/_windows.py:220]: Stopping worker thread...
2025-10-01 11:13:56,540 [DEBUG] [Dummy-9] [qasync._windows._EventWorker/_windows.py:204]: Exiting thread
2025-10-01 11:13:56,540 [DEBUG] [MainThread] [qasync._windows._IocpProactor/_windows.py:78]: Closing
2025-10-01 11:13:56,640 [DEBUG] [MainThread] [systray_widget/utils.py:96]: Destroying window 67178
2025-10-01 11:13:56,640 [DEBUG] [MainThread] [systray_widget/utils.py:96]: Destroying window 132712
2025-10-01 11:13:57,262 [INFO] [MainThread] [root/log.py:59]: YASB v1.8.2
2025-10-01 11:13:57,275 [INFO] [Thread-1 (_run_server)] [cli_server/cli_server.py:212]: CLI server started v1.1.2
2025-10-01 11:13:57,275 [INFO] [MainThread] [cli_server/cli_server.py:104]: Log pipe server started
2025-10-01 11:13:57,781 [DEBUG] [MainThread] [comtypes/__init__.py:149]: CoInitializeEx(None, 2)
2025-10-01 11:13:58,136 [DEBUG] [MainThread] [tzlocal/win32.py:55]: Looking up time zone info from registry
2025-10-01 11:13:59,186 [INFO] [MainThread] [root/bar_manager.py:76]: Starting KomorebiEventListener...
2025-10-01 11:13:59,186 [INFO] [MainThread] [root/bar_manager.py:76]: Starting SystemEventListener...
2025-10-01 11:13:59,186 [INFO] [MainThread] [root/bar_manager.py:76]: Starting WindowsNotificationEventListener...
2025-10-01 11:13:59,186 [INFO] [MainThread] [root/watcher.py:54]: Created file watcher for path C:\Users\renat\.config\yasb
2025-10-01 11:13:59,186 [INFO] [Dummy-5] [root/event_listener.py:51]: Created named pipe yasb-dfb234ff-9ed0-11f0-b629-dc45465b95c7
2025-10-01 11:13:59,242 [DEBUG] [MainThread] [qasync._windows._EventPoller/_windows.py:215]: Starting (proactor: <_IocpProactor overlapped#=0 result#=0>)...
2025-10-01 11:13:59,242 [DEBUG] [Dummy-9] [qasync._windows._EventWorker/_windows.py:195]: Thread started
2025-10-01 11:13:59,248 [DEBUG] [MainThread] [systray_widget/systray.py:535]: Loading state from C:\Users\renat\AppData\Local\YASB\systray_state_LGELECTRONICSLGFHD283841.json
2025-10-01 11:13:59,250 [DEBUG] [TrayMonitor] [systray_widget/systray.py:58]: Systray thread is starting...
2025-10-01 11:13:59,250 [DEBUG] [TaskbarService] [systray_widget/systray.py:72]: TaskbarService thread is starting...
2025-10-01 11:13:59,258 [DEBUG] [TaskbarService] [root/tasks_service.py:75]: Found yasb systray hwnd: 2033322
2025-10-01 11:13:59,258 [DEBUG] [TaskbarService] [systray_widget/tasks_service.py:81]: Adding TaskbandHWND prop to hwnd 2033322
2025-10-01 11:13:59,470 [DEBUG] [MainThread] [systray_widget/systray.py:285]: Systray thread started
2025-10-01 11:13:59,671 [DEBUG] [TaskbarService] [systray_widget/tasks_service.py:81]: Adding TaskbandHWND prop to hwnd 2033322
2025-10-01 11:13:59,671 [DEBUG] [TrayMonitor] [systray_widget/tray_monitor.py:228]: Finding real tray hwnd
2025-10-01 11:13:59,690 [DEBUG] [MainThread] [systray_widget/tray_monitor.py:154]: Sending TaskbarCreated message: 49283
2025-10-01 11:14:00,718 [DEBUG] [MainThread] [systray_widget/systray.py:473]: Re-sorting widgets
2025-10-01 11:14:00,718 [DEBUG] [MainThread] [systray_widget/systray.py:495]: Updating current state
2025-10-01 11:14:08,736 [DEBUG] [MainThread] [systray_widget/systray.py:473]: Re-sorting widgets
2025-10-01 11:14:08,736 [DEBUG] [MainThread] [systray_widget/systray.py:495]: Updating current state
2025-10-01 11:14:34,847 [ERROR] [TrayMonitor] [root/app_icons.py:170]: GetIconInfo failed: 0
2025-10-01 11:14:35,794 [DEBUG] [MainThread] [systray_widget/systray.py:473]: Re-sorting widgets
2025-10-01 11:14:35,794 [DEBUG] [MainThread] [systray_widget/systray.py:495]: Updating current state
2025-10-01 11:14:37,362 [DEBUG] [MainThread] [systray_widget/systray.py:473]: Re-sorting widgets
2025-10-01 11:14:37,362 [DEBUG] [MainThread] [systray_widget/systray.py:495]: Updating current state
2025-10-01 11:19:32,118 [DEBUG] [MainThread] [systray_widget/systray.py:473]: Re-sorting widgets
2025-10-01 11:19:32,118 [DEBUG] [MainThread] [systray_widget/systray.py:495]: Updating current state
2025-10-01 11:28:56,048 [DEBUG] [MainThread] [systray_widget/systray.py:473]: Re-sorting widgets
2025-10-01 11:28:56,048 [DEBUG] [MainThread] [systray_widget/systray.py:495]: Updating current state
2025-10-01 11:29:24,069 [DEBUG] [MainThread] [systray_widget/systray.py:473]: Re-sorting widgets
2025-10-01 11:29:24,069 [DEBUG] [MainThread] [systray_widget/systray.py:495]: Updating current state
2025-10-01 11:29:29,554 [DEBUG] [MainThread] [systray_widget/systray.py:473]: Re-sorting widgets
2025-10-01 11:29:29,554 [DEBUG] [MainThread] [systray_widget/systray.py:495]: Updating current state
2025-10-01 11:29:32,330 [DEBUG] [MainThread] [systray_widget/systray.py:473]: Re-sorting widgets
2025-10-01 11:29:32,332 [DEBUG] [MainThread] [systray_widget/systray.py:495]: Updating current state
2025-10-01 12:51:54,073 [DEBUG] [MainThread] [systray_widget/systray.py:473]: Re-sorting widgets
2025-10-01 12:51:54,076 [DEBUG] [MainThread] [systray_widget/systray.py:495]: Updating current state
2025-10-01 12:52:21,377 [DEBUG] [MainThread] [systray_widget/systray.py:473]: Re-sorting widgets
2025-10-01 12:52:21,377 [DEBUG] [MainThread] [systray_widget/systray.py:495]: Updating current state
2025-10-01 12:52:24,721 [DEBUG] [MainThread] [systray_widget/systray.py:473]: Re-sorting widgets
2025-10-01 12:52:24,721 [DEBUG] [MainThread] [systray_widget/systray.py:495]: Updating current state
2025-10-01 12:52:46,939 [DEBUG] [MainThread] [systray_widget/systray.py:473]: Re-sorting widgets
2025-10-01 12:52:46,940 [DEBUG] [MainThread] [systray_widget/systray.py:495]: Updating current state
2025-10-01 12:53:58,997 [DEBUG] [MainThread] [systray_widget/systray.py:473]: Re-sorting widgets
2025-10-01 12:53:58,997 [DEBUG] [MainThread] [systray_widget/systray.py:495]: Updating current state
2025-10-01 12:54:08,687 [DEBUG] [MainThread] [systray_widget/systray.py:473]: Re-sorting widgets
2025-10-01 12:54:08,687 [DEBUG] [MainThread] [systray_widget/systray.py:495]: Updating current state
2025-10-01 12:54:11,088 [DEBUG] [MainThread] [systray_widget/systray.py:473]: Re-sorting widgets
2025-10-01 12:54:11,088 [DEBUG] [MainThread] [systray_widget/systray.py:495]: Updating current state
2025-10-01 12:55:24,859 [DEBUG] [MainThread] [systray_widget/systray.py:473]: Re-sorting widgets
2025-10-01 12:55:24,860 [DEBUG] [MainThread] [systray_widget/systray.py:495]: Updating current state
2025-10-01 12:56:31,469 [DEBUG] [MainThread] [systray_widget/systray.py:473]: Re-sorting widgets
2025-10-01 12:56:31,469 [DEBUG] [MainThread] [systray_widget/systray.py:495]: Updating current state
2025-10-01 12:56:41,323 [DEBUG] [MainThread] [systray_widget/systray.py:473]: Re-sorting widgets
2025-10-01 12:56:41,323 [DEBUG] [MainThread] [systray_widget/systray.py:495]: Updating current state
2025-10-01 12:56:43,032 [DEBUG] [MainThread] [systray_widget/systray.py:473]: Re-sorting widgets
2025-10-01 12:56:43,032 [DEBUG] [MainThread] [systray_widget/systray.py:495]: Updating current state
2025-10-01 12:57:24,210 [DEBUG] [MainThread] [systray_widget/systray.py:473]: Re-sorting widgets
2025-10-01 12:57:24,210 [DEBUG] [MainThread] [systray_widget/systray.py:495]: Updating current state
2025-10-01 12:57:33,892 [DEBUG] [MainThread] [systray_widget/systray.py:473]: Re-sorting widgets
2025-10-01 12:57:33,892 [DEBUG] [MainThread] [systray_widget/systray.py:495]: Updating current state
2025-10-01 12:57:35,995 [DEBUG] [MainThread] [systray_widget/systray.py:473]: Re-sorting widgets
2025-10-01 12:57:35,995 [DEBUG] [MainThread] [systray_widget/systray.py:495]: Updating current state
2025-10-01 12:57:51,191 [DEBUG] [MainThread] [systray_widget/systray.py:473]: Re-sorting widgets
2025-10-01 12:57:51,191 [DEBUG] [MainThread] [systray_widget/systray.py:495]: Updating current state
2025-10-01 12:58:26,008 [DEBUG] [MainThread] [systray_widget/systray.py:473]: Re-sorting widgets
2025-10-01 12:58:26,009 [DEBUG] [MainThread] [systray_widget/systray.py:495]: Updating current state
2025-10-01 12:58:58,245 [DEBUG] [MainThread] [systray_widget/systray.py:473]: Re-sorting widgets
2025-10-01 12:58:58,245 [DEBUG] [MainThread] [systray_widget/systray.py:495]: Updating current state
2025-10-01 12:59:41,989 [DEBUG] [MainThread] [systray_widget/systray.py:473]: Re-sorting widgets
2025-10-01 12:59:41,989 [DEBUG] [MainThread] [systray_widget/systray.py:495]: Updating current state
2025-10-01 13:00:31,808 [DEBUG] [MainThread] [systray_widget/systray.py:473]: Re-sorting widgets
2025-10-01 13:00:31,808 [DEBUG] [MainThread] [systray_widget/systray.py:495]: Updating current state
2025-10-01 13:00:41,639 [DEBUG] [MainThread] [systray_widget/systray.py:473]: Re-sorting widgets
2025-10-01 13:00:41,639 [DEBUG] [MainThread] [systray_widget/systray.py:495]: Updating current state
2025-10-01 13:00:44,288 [DEBUG] [MainThread] [systray_widget/systray.py:473]: Re-sorting widgets
2025-10-01 13:00:44,288 [DEBUG] [MainThread] [systray_widget/systray.py:495]: Updating current state
2025-10-01 13:01:25,808 [DEBUG] [MainThread] [systray_widget/systray.py:473]: Re-sorting widgets
2025-10-01 13:01:25,809 [DEBUG] [MainThread] [systray_widget/systray.py:495]: Updating current state
2025-10-01 13:01:35,704 [DEBUG] [MainThread] [systray_widget/systray.py:473]: Re-sorting widgets
2025-10-01 13:01:35,704 [DEBUG] [MainThread] [systray_widget/systray.py:495]: Updating current state
2025-10-01 13:01:37,916 [DEBUG] [MainThread] [systray_widget/systray.py:473]: Re-sorting widgets
2025-10-01 13:01:37,916 [DEBUG] [MainThread] [systray_widget/systray.py:495]: Updating current state
2025-10-01 13:02:46,172 [DEBUG] [MainThread] [systray_widget/systray.py:473]: Re-sorting widgets
2025-10-01 13:02:46,173 [DEBUG] [MainThread] [systray_widget/systray.py:495]: Updating current state
2025-10-01 13:02:53,101 [DEBUG] [MainThread] [systray_widget/systray.py:473]: Re-sorting widgets
2025-10-01 13:02:53,101 [DEBUG] [MainThread] [systray_widget/systray.py:495]: Updating current state
2025-10-01 13:03:27,637 [DEBUG] [MainThread] [systray_widget/systray.py:473]: Re-sorting widgets
2025-10-01 13:03:27,637 [DEBUG] [MainThread] [systray_widget/systray.py:495]: Updating current state
2025-10-01 13:03:36,231 [DEBUG] [MainThread] [systray_widget/systray.py:473]: Re-sorting widgets
2025-10-01 13:03:36,231 [DEBUG] [MainThread] [systray_widget/systray.py:495]: Updating current state
2025-10-01 13:03:51,015 [DEBUG] [MainThread] [systray_widget/systray.py:473]: Re-sorting widgets
2025-10-01 13:03:51,015 [DEBUG] [MainThread] [systray_widget/systray.py:495]: Updating current state
2025-10-01 13:04:00,651 [DEBUG] [MainThread] [systray_widget/systray.py:473]: Re-sorting widgets
2025-10-01 13:04:00,651 [DEBUG] [MainThread] [systray_widget/systray.py:495]: Updating current state
2025-10-01 13:04:20,290 [DEBUG] [MainThread] [systray_widget/systray.py:473]: Re-sorting widgets
2025-10-01 13:04:20,290 [DEBUG] [MainThread] [systray_widget/systray.py:495]: Updating current state
2025-10-01 13:04:42,626 [DEBUG] [MainThread] [systray_widget/systray.py:473]: Re-sorting widgets
2025-10-01 13:04:42,626 [DEBUG] [MainThread] [systray_widget/systray.py:495]: Updating current state
2025-10-01 13:04:56,612 [DEBUG] [MainThread] [systray_widget/systray.py:473]: Re-sorting widgets
2025-10-01 13:04:56,612 [DEBUG] [MainThread] [systray_widget/systray.py:495]: Updating current state
2025-10-01 13:05:19,430 [DEBUG] [MainThread] [systray_widget/systray.py:473]: Re-sorting widgets
2025-10-01 13:05:19,431 [DEBUG] [MainThread] [systray_widget/systray.py:495]: Updating current state
2025-10-01 13:05:48,016 [DEBUG] [MainThread] [systray_widget/systray.py:473]: Re-sorting widgets
2025-10-01 13:05:48,016 [DEBUG] [MainThread] [systray_widget/systray.py:495]: Updating current state
2025-10-01 13:05:57,552 [DEBUG] [MainThread] [systray_widget/systray.py:473]: Re-sorting widgets
2025-10-01 13:05:57,553 [DEBUG] [MainThread] [systray_widget/systray.py:495]: Updating current state
2025-10-01 13:06:07,083 [DEBUG] [MainThread] [systray_widget/systray.py:473]: Re-sorting widgets
2025-10-01 13:06:07,083 [DEBUG] [MainThread] [systray_widget/systray.py:495]: Updating current state
2025-10-01 13:06:17,684 [DEBUG] [MainThread] [systray_widget/systray.py:473]: Re-sorting widgets
2025-10-01 13:06:17,684 [DEBUG] [MainThread] [systray_widget/systray.py:495]: Updating current state
2025-10-01 13:06:58,678 [DEBUG] [MainThread] [systray_widget/systray.py:473]: Re-sorting widgets
2025-10-01 13:06:58,678 [DEBUG] [MainThread] [systray_widget/systray.py:495]: Updating current state
2025-10-01 13:07:38,201 [DEBUG] [MainThread] [systray_widget/systray.py:473]: Re-sorting widgets
2025-10-01 13:07:38,201 [DEBUG] [MainThread] [systray_widget/systray.py:495]: Updating current state
2025-10-01 13:45:13,356 [DEBUG] [MainThread] [systray_widget/systray.py:473]: Re-sorting widgets
2025-10-01 13:45:13,357 [DEBUG] [MainThread] [systray_widget/systray.py:495]: Updating current state
2025-10-01 13:45:24,115 [DEBUG] [MainThread] [systray_widget/systray.py:473]: Re-sorting widgets
2025-10-01 13:45:24,115 [DEBUG] [MainThread] [systray_widget/systray.py:495]: Updating current state
2025-10-01 13:45:29,695 [DEBUG] [MainThread] [systray_widget/systray.py:473]: Re-sorting widgets
2025-10-01 13:45:29,695 [DEBUG] [MainThread] [systray_widget/systray.py:495]: Updating current state
2025-10-01 13:46:16,173 [DEBUG] [MainThread] [systray_widget/systray.py:473]: Re-sorting widgets
2025-10-01 13:46:16,173 [DEBUG] [MainThread] [systray_widget/systray.py:495]: Updating current state
2025-10-01 13:57:48,190 [DEBUG] [MainThread] [systray_widget/systray.py:473]: Re-sorting widgets
2025-10-01 13:57:48,190 [DEBUG] [MainThread] [systray_widget/systray.py:495]: Updating current state
2025-10-01 13:57:58,362 [DEBUG] [MainThread] [systray_widget/systray.py:473]: Re-sorting widgets
2025-10-01 13:57:58,362 [DEBUG] [MainThread] [systray_widget/systray.py:495]: Updating current state
2025-10-01 13:58:06,766 [DEBUG] [MainThread] [systray_widget/systray.py:473]: Re-sorting widgets
2025-10-01 13:58:06,766 [DEBUG] [MainThread] [systray_widget/systray.py:495]: Updating current state
2025-10-01 14:00:12,434 [DEBUG] [MainThread] [systray_widget/systray.py:473]: Re-sorting widgets
2025-10-01 14:00:12,434 [DEBUG] [MainThread] [systray_widget/systray.py:495]: Updating current state
2025-10-01 14:00:22,154 [DEBUG] [MainThread] [systray_widget/systray.py:473]: Re-sorting widgets
2025-10-01 14:00:22,154 [DEBUG] [MainThread] [systray_widget/systray.py:495]: Updating current state
2025-10-01 14:00:25,511 [DEBUG] [MainThread] [systray_widget/systray.py:473]: Re-sorting widgets
2025-10-01 14:00:25,511 [DEBUG] [MainThread] [systray_widget/systray.py:495]: Updating current state
2025-10-01 14:04:03,815 [DEBUG] [MainThread] [systray_widget/systray.py:473]: Re-sorting widgets
2025-10-01 14:04:03,815 [DEBUG] [MainThread] [systray_widget/systray.py:495]: Updating current state
2025-10-01 14:04:13,817 [DEBUG] [MainThread] [systray_widget/systray.py:473]: Re-sorting widgets
2025-10-01 14:04:13,817 [DEBUG] [MainThread] [systray_widget/systray.py:495]: Updating current state
2025-10-01 14:04:28,982 [DEBUG] [MainThread] [systray_widget/systray.py:473]: Re-sorting widgets
2025-10-01 14:04:28,982 [DEBUG] [MainThread] [systray_widget/systray.py:495]: Updating current state
2025-10-01 14:05:31,760 [DEBUG] [MainThread] [systray_widget/systray.py:473]: Re-sorting widgets
2025-10-01 14:05:31,760 [DEBUG] [MainThread] [systray_widget/systray.py:495]: Updating current state
2025-10-01 14:05:41,467 [DEBUG] [MainThread] [systray_widget/systray.py:473]: Re-sorting widgets
2025-10-01 14:05:41,467 [DEBUG] [MainThread] [systray_widget/systray.py:495]: Updating current state
2025-10-01 14:05:44,971 [DEBUG] [MainThread] [systray_widget/systray.py:473]: Re-sorting widgets
2025-10-01 14:05:44,971 [DEBUG] [MainThread] [systray_widget/systray.py:495]: Updating current state
2025-10-01 14:24:58,537 [DEBUG] [MainThread] [systray_widget/systray.py:473]: Re-sorting widgets
2025-10-01 14:24:58,538 [DEBUG] [MainThread] [systray_widget/systray.py:495]: Updating current state
2025-10-01 14:25:08,299 [DEBUG] [MainThread] [systray_widget/systray.py:473]: Re-sorting widgets
2025-10-01 14:25:08,300 [DEBUG] [MainThread] [systray_widget/systray.py:495]: Updating current state
2025-10-01 14:25:14,730 [DEBUG] [MainThread] [systray_widget/systray.py:473]: Re-sorting widgets
2025-10-01 14:25:14,730 [DEBUG] [MainThread] [systray_widget/systray.py:495]: Updating current state
2025-10-01 14:37:52,514 [DEBUG] [MainThread] [systray_widget/systray.py:473]: Re-sorting widgets
2025-10-01 14:37:52,514 [DEBUG] [MainThread] [systray_widget/systray.py:495]: Updating current state
2025-10-01 14:38:02,283 [DEBUG] [MainThread] [systray_widget/systray.py:473]: Re-sorting widgets
2025-10-01 14:38:02,283 [DEBUG] [MainThread] [systray_widget/systray.py:495]: Updating current state
2025-10-01 14:38:03,734 [DEBUG] [MainThread] [systray_widget/systray.py:473]: Re-sorting widgets
2025-10-01 14:38:03,734 [DEBUG] [MainThread] [systray_widget/systray.py:495]: Updating current state
2025-10-01 16:54:37,821 [INFO] [MainThread] [root/bar_manager.py:71]: Screens updated. Re-initialising all bars.
2025-10-01 16:54:37,825 [INFO] [MainThread] [root/controller.py:15]: Reloading Application because of screen update.
2025-10-01 16:54:37,954 [INFO] [MainThread] [cli_server/cli_server.py:112]: Log pipe server stopped
2025-10-01 16:54:37,954 [DEBUG] [MainThread] [cli_server/cli_server.py:206]: CLI server stopped
2025-10-01 16:54:38,097 [INFO] [MainThread] [root/bar_manager.py:71]: Screens updated. Re-initialising all bars.
2025-10-01 16:54:38,097 [INFO] [MainThread] [root/controller.py:15]: Reloading Application because of screen update.
2025-10-01 16:54:38,206 [INFO] [MainThread] [cli_server/cli_server.py:112]: Log pipe server stopped
2025-10-01 16:54:38,206 [DEBUG] [MainThread] [cli_server/cli_server.py:206]: CLI server stopped
2025-10-01 16:54:38,565 [INFO] [MainThread] [root/bar_manager.py:83]: Stopping KomorebiEventListener...
2025-10-01 16:54:38,569 [INFO] [MainThread] [root/bar_manager.py:83]: Stopping SystemEventListener...
2025-10-01 16:54:38,569 [INFO] [MainThread] [root/bar_manager.py:83]: Stopping WindowsNotificationEventListener...
2025-10-01 16:54:38,630 [DEBUG] [MainThread] [systray_widget/systray.py:495]: Updating current state
2025-10-01 16:54:38,632 [DEBUG] [MainThread] [systray_widget/systray.py:513]: Saving state to disk
2025-10-01 16:54:38,636 [DEBUG] [MainThread] [systray_widget/systray.py:517]: Saving state to C:\Users\renat\AppData\Local\YASB\systray_state_CHIMEIINNOLUXCORPORATIONDISPLAY1.json
2025-10-01 16:54:38,759 [DEBUG] [MainThread] [qasync._windows._EventPoller/_windows.py:220]: Stopping worker thread...
2025-10-01 16:54:38,763 [DEBUG] [Dummy-9] [qasync._windows._EventWorker/_windows.py:204]: Exiting thread
2025-10-01 16:54:38,788 [DEBUG] [MainThread] [qasync._windows._IocpProactor/_windows.py:78]: Closing
2025-10-01 16:54:39,116 [DEBUG] [MainThread] [systray_widget/utils.py:96]: Destroying window 198328
2025-10-01 16:54:39,117 [DEBUG] [MainThread] [systray_widget/utils.py:96]: Destroying window 2033322
2025-10-01 16:54:48,964 [INFO] [MainThread] [root/log.py:59]: YASB v1.8.2
2025-10-01 16:54:48,969 [INFO] [MainThread] [root/log.py:59]: YASB v1.8.2
2025-10-01 16:54:48,973 [INFO] [Thread-1 (_run_server)] [cli_server/cli_server.py:212]: CLI server started v1.1.2
2025-10-01 16:54:48,979 [INFO] [Thread-1 (_run_server)] [cli_server/cli_server.py:212]: CLI server started v1.1.2
2025-10-01 16:54:48,993 [INFO] [MainThread] [cli_server/cli_server.py:104]: Log pipe server started
2025-10-01 16:54:48,999 [INFO] [MainThread] [cli_server/cli_server.py:104]: Log pipe server started
2025-10-01 16:54:49,000 [INFO] [MainThread] [root/main.py:48]: Waiting for previous YASB instance to exit...
2025-10-01 16:54:52,979 [DEBUG] [MainThread] [comtypes/__init__.py:149]: CoInitializeEx(None, 2)
2025-10-01 16:54:56,747 [DEBUG] [MainThread] [tzlocal/win32.py:55]: Looking up time zone info from registry
2025-10-01 16:55:08,263 [INFO] [MainThread] [root/bar_manager.py:76]: Starting SystemEventListener...
2025-10-01 16:55:08,265 [INFO] [MainThread] [root/bar_manager.py:76]: Starting WindowsNotificationEventListener...
2025-10-01 16:55:08,265 [INFO] [MainThread] [root/bar_manager.py:76]: Starting KomorebiEventListener...
2025-10-01 16:55:08,267 [INFO] [MainThread] [root/watcher.py:54]: Created file watcher for path C:\Users\renat\.config\yasb
2025-10-01 16:55:08,328 [INFO] [Dummy-5] [root/event_listener.py:51]: Created named pipe yasb-8837f6d7-9f00-11f0-8507-dc45465b95c7
2025-10-01 16:55:08,381 [DEBUG] [MainThread] [qasync._windows._EventPoller/_windows.py:215]: Starting (proactor: <_IocpProactor overlapped#=0 result#=0>)...
2025-10-01 16:55:08,385 [DEBUG] [Dummy-9] [qasync._windows._EventWorker/_windows.py:195]: Thread started
2025-10-01 16:55:08,388 [DEBUG] [MainThread] [systray_widget/systray.py:535]: Loading state from C:\Users\renat\AppData\Local\YASB\systray_state_CHIMEIINNOLUXCORPORATIONDISPLAY1.json
2025-10-01 16:55:08,408 [DEBUG] [TrayMonitor] [systray_widget/systray.py:58]: Systray thread is starting...
2025-10-01 16:55:08,427 [DEBUG] [TaskbarService] [systray_widget/systray.py:72]: TaskbarService thread is starting...
2025-10-01 16:55:08,436 [DEBUG] [TaskbarService] [root/tasks_service.py:75]: Found yasb systray hwnd: 57084268
2025-10-01 16:55:08,436 [DEBUG] [TaskbarService] [systray_widget/tasks_service.py:81]: Adding TaskbandHWND prop to hwnd 57084268
2025-10-01 16:55:09,205 [ERROR] [MainThread] [root/main.py:71]: Timeout waiting for previous instance. Aborting start.
2025-10-01 16:55:11,796 [DEBUG] [TrayMonitor] [systray_widget/tray_monitor.py:228]: Finding real tray hwnd
2025-10-01 16:55:16,229 [INFO] [MainThread] [root/bar_manager.py:71]: Screens updated. Re-initialising all bars.
2025-10-01 16:55:16,229 [INFO] [MainThread] [root/controller.py:15]: Reloading Application because of screen update.
2025-10-01 16:55:16,340 [INFO] [MainThread] [cli_server/cli_server.py:112]: Log pipe server stopped
2025-10-01 16:55:16,340 [DEBUG] [MainThread] [cli_server/cli_server.py:206]: CLI server stopped
2025-10-01 16:55:16,341 [DEBUG] [MainThread] [systray_widget/systray.py:285]: Systray thread started
2025-10-01 16:55:17,856 [INFO] [MainThread] [root/bar_manager.py:71]: Screens updated. Re-initialising all bars.
2025-10-01 16:55:17,856 [INFO] [MainThread] [root/controller.py:15]: Reloading Application because of screen update.
2025-10-01 16:55:17,958 [INFO] [MainThread] [cli_server/cli_server.py:112]: Log pipe server stopped
2025-10-01 16:55:17,958 [DEBUG] [MainThread] [cli_server/cli_server.py:206]: CLI server stopped
2025-10-01 16:55:17,961 [DEBUG] [TaskbarService] [systray_widget/tasks_service.py:81]: Adding TaskbandHWND prop to hwnd 57084268
2025-10-01 16:55:18,029 [DEBUG] [MainThread] [systray_widget/tray_monitor.py:154]: Sending TaskbarCreated message: 49283
2025-10-01 16:55:18,090 [INFO] [MainThread] [root/bar_manager.py:83]: Stopping SystemEventListener...
2025-10-01 16:55:18,090 [INFO] [MainThread] [root/bar_manager.py:83]: Stopping WindowsNotificationEventListener...
2025-10-01 16:55:18,091 [INFO] [MainThread] [root/bar_manager.py:83]: Stopping KomorebiEventListener...
2025-10-01 16:55:18,094 [DEBUG] [MainThread] [systray_widget/systray.py:495]: Updating current state
2025-10-01 16:55:18,094 [DEBUG] [MainThread] [systray_widget/systray.py:513]: Saving state to disk
2025-10-01 16:55:18,096 [DEBUG] [MainThread] [systray_widget/systray.py:517]: Saving state to C:\Users\renat\AppData\Local\YASB\systray_state_CHIMEIINNOLUXCORPORATIONDISPLAY1.json
2025-10-01 16:55:18,104 [DEBUG] [MainThread] [qasync._windows._EventPoller/_windows.py:220]: Stopping worker thread...
2025-10-01 16:55:18,106 [DEBUG] [Dummy-9] [qasync._windows._EventWorker/_windows.py:204]: Exiting thread
2025-10-01 16:55:18,108 [DEBUG] [MainThread] [qasync._windows._IocpProactor/_windows.py:78]: Closing
2025-10-01 16:55:18,594 [DEBUG] [MainThread] [systray_widget/utils.py:96]: Destroying window 723564
2025-10-01 16:55:18,598 [DEBUG] [MainThread] [systray_widget/utils.py:96]: Destroying window 57084268
2025-10-01 16:55:20,205 [INFO] [MainThread] [root/log.py:59]: YASB v1.8.2
2025-10-01 16:55:20,210 [INFO] [Thread-1 (_run_server)] [cli_server/cli_server.py:212]: CLI server started v1.1.2
2025-10-01 16:55:20,210 [INFO] [MainThread] [cli_server/cli_server.py:104]: Log pipe server started
2025-10-01 16:55:20,328 [INFO] [MainThread] [root/log.py:59]: YASB v1.8.2
2025-10-01 16:55:20,333 [INFO] [Thread-1 (_run_server)] [cli_server/cli_server.py:212]: CLI server started v1.1.2
2025-10-01 16:55:20,341 [INFO] [MainThread] [cli_server/cli_server.py:104]: Log pipe server started
2025-10-01 16:55:20,342 [INFO] [MainThread] [root/main.py:48]: Waiting for previous YASB instance to exit...
2025-10-01 16:55:20,906 [DEBUG] [MainThread] [comtypes/__init__.py:149]: CoInitializeEx(None, 2)
2025-10-01 16:55:21,550 [DEBUG] [MainThread] [tzlocal/win32.py:55]: Looking up time zone info from registry
2025-10-01 16:55:24,524 [INFO] [MainThread] [root/bar_manager.py:76]: Starting SystemEventListener...
2025-10-01 16:55:24,525 [INFO] [MainThread] [root/bar_manager.py:76]: Starting WindowsNotificationEventListener...
2025-10-01 16:55:24,529 [INFO] [MainThread] [root/bar_manager.py:76]: Starting KomorebiEventListener...
2025-10-01 16:55:24,531 [INFO] [MainThread] [root/watcher.py:54]: Created file watcher for path C:\Users\renat\.config\yasb
2025-10-01 16:55:24,552 [INFO] [Dummy-5] [root/event_listener.py:51]: Created named pipe yasb-91e99069-9f00-11f0-9235-dc45465b95c7
2025-10-01 16:55:24,689 [DEBUG] [MainThread] [qasync._windows._EventPoller/_windows.py:215]: Starting (proactor: <_IocpProactor overlapped#=0 result#=0>)...
2025-10-01 16:55:24,691 [DEBUG] [Dummy-9] [qasync._windows._EventWorker/_windows.py:195]: Thread started
2025-10-01 16:55:24,697 [DEBUG] [MainThread] [systray_widget/systray.py:535]: Loading state from C:\Users\renat\AppData\Local\YASB\systray_state_SAMSUNGELECTRICCOMPANYCHIMEIINNOLUXCORPORATIONSAMSUNG16780800.json
2025-10-01 16:55:24,729 [DEBUG] [TaskbarService] [systray_widget/systray.py:72]: TaskbarService thread is starting...
2025-10-01 16:55:24,730 [DEBUG] [TrayMonitor] [systray_widget/systray.py:58]: Systray thread is starting...
2025-10-01 16:55:24,760 [DEBUG] [TaskbarService] [root/tasks_service.py:75]: Found yasb systray hwnd: 1247266
2025-10-01 16:55:24,760 [DEBUG] [TaskbarService] [systray_widget/tasks_service.py:81]: Adding TaskbandHWND prop to hwnd 1247266
2025-10-01 16:55:25,752 [DEBUG] [MainThread] [systray_widget/systray.py:285]: Systray thread started
2025-10-01 16:55:25,954 [DEBUG] [TaskbarService] [systray_widget/tasks_service.py:81]: Adding TaskbandHWND prop to hwnd 1247266
2025-10-01 16:55:25,956 [DEBUG] [TrayMonitor] [systray_widget/tray_monitor.py:228]: Finding real tray hwnd
2025-10-01 16:55:26,007 [DEBUG] [MainThread] [systray_widget/tray_monitor.py:154]: Sending TaskbarCreated message: 49283
2025-10-01 16:55:40,543 [ERROR] [MainThread] [root/main.py:71]: Timeout waiting for previous instance. Aborting start.
2025-10-01 17:26:12,676 [DEBUG] [MainThread] [systray_widget/systray.py:473]: Re-sorting widgets
2025-10-01 17:26:12,679 [DEBUG] [MainThread] [systray_widget/systray.py:495]: Updating current state
2025-10-01 17:56:11,490 [DEBUG] [MainThread] [systray_widget/systray.py:473]: Re-sorting widgets
2025-10-01 17:56:11,491 [DEBUG] [MainThread] [systray_widget/systray.py:495]: Updating current state
2025-10-01 17:56:13,650 [DEBUG] [MainThread] [systray_widget/systray.py:473]: Re-sorting widgets
2025-10-01 17:56:13,652 [DEBUG] [MainThread] [systray_widget/systray.py:495]: Updating current state
2025-10-01 18:04:03,881 [DEBUG] [MainThread] [systray_widget/systray.py:473]: Re-sorting widgets
2025-10-01 18:04:03,882 [DEBUG] [MainThread] [systray_widget/systray.py:495]: Updating current state
2025-10-01 18:05:11,441 [DEBUG] [MainThread] [systray_widget/systray.py:473]: Re-sorting widgets
2025-10-01 18:05:11,442 [DEBUG] [MainThread] [systray_widget/systray.py:495]: Updating current state
2025-10-01 18:20:21,855 [INFO] [MainThread] [root/bar_manager.py:71]: Screens updated. Re-initialising all bars.
2025-10-01 18:20:21,857 [INFO] [MainThread] [root/controller.py:15]: Reloading Application because of screen update.
2025-10-01 18:20:21,963 [INFO] [MainThread] [cli_server/cli_server.py:112]: Log pipe server stopped
2025-10-01 18:20:21,964 [DEBUG] [MainThread] [cli_server/cli_server.py:206]: CLI server stopped
2025-10-01 18:20:22,008 [INFO] [MainThread] [root/bar_manager.py:83]: Stopping SystemEventListener...
2025-10-01 18:20:22,010 [INFO] [MainThread] [root/bar_manager.py:83]: Stopping WindowsNotificationEventListener...
2025-10-01 18:20:22,012 [INFO] [MainThread] [root/bar_manager.py:83]: Stopping KomorebiEventListener...
2025-10-01 18:20:22,046 [DEBUG] [MainThread] [systray_widget/systray.py:495]: Updating current state
2025-10-01 18:20:22,046 [DEBUG] [MainThread] [systray_widget/systray.py:513]: Saving state to disk
2025-10-01 18:20:22,050 [DEBUG] [MainThread] [systray_widget/systray.py:517]: Saving state to C:\Users\renat\AppData\Local\YASB\systray_state_SAMSUNGELECTRICCOMPANYCHIMEIINNOLUXCORPORATIONSAMSUNG16780800.json
2025-10-01 18:20:22,058 [INFO] [MainThread] [root/bar_manager.py:71]: Screens updated. Re-initialising all bars.
2025-10-01 18:20:22,058 [INFO] [MainThread] [root/controller.py:15]: Reloading Application because of screen update.
2025-10-01 18:20:22,166 [INFO] [MainThread] [cli_server/cli_server.py:112]: Log pipe server stopped
2025-10-01 18:20:22,166 [DEBUG] [MainThread] [cli_server/cli_server.py:206]: CLI server stopped
2025-10-01 18:20:22,277 [DEBUG] [MainThread] [qasync._windows._EventPoller/_windows.py:220]: Stopping worker thread...
2025-10-01 18:20:22,286 [DEBUG] [Dummy-9] [qasync._windows._EventWorker/_windows.py:204]: Exiting thread
2025-10-01 18:20:22,294 [DEBUG] [MainThread] [qasync._windows._IocpProactor/_windows.py:78]: Closing
2025-10-01 18:20:22,666 [DEBUG] [MainThread] [systray_widget/utils.py:96]: Destroying window 1377976
2025-10-01 18:20:22,668 [DEBUG] [MainThread] [systray_widget/utils.py:96]: Destroying window 1247266
2025-10-01 18:20:24,628 [INFO] [MainThread] [root/log.py:59]: YASB v1.8.2
2025-10-01 18:20:24,630 [INFO] [Thread-1 (_run_server)] [cli_server/cli_server.py:212]: CLI server started v1.1.2
2025-10-01 18:20:24,632 [INFO] [MainThread] [cli_server/cli_server.py:104]: Log pipe server started
2025-10-01 18:20:24,699 [INFO] [MainThread] [root/log.py:59]: YASB v1.8.2
2025-10-01 18:20:24,704 [INFO] [Thread-1 (_run_server)] [cli_server/cli_server.py:212]: CLI server started v1.1.2
2025-10-01 18:20:24,710 [INFO] [MainThread] [cli_server/cli_server.py:104]: Log pipe server started
2025-10-01 18:20:24,710 [INFO] [MainThread] [root/main.py:48]: Waiting for previous YASB instance to exit...
2025-10-01 18:20:25,516 [DEBUG] [MainThread] [comtypes/__init__.py:149]: CoInitializeEx(None, 2)
2025-10-01 18:20:26,468 [DEBUG] [MainThread] [tzlocal/win32.py:55]: Looking up time zone info from registry
2025-10-01 18:20:31,563 [INFO] [MainThread] [root/bar_manager.py:76]: Starting SystemEventListener...
2025-10-01 18:20:31,567 [INFO] [MainThread] [root/bar_manager.py:76]: Starting KomorebiEventListener...
2025-10-01 18:20:31,567 [INFO] [MainThread] [root/bar_manager.py:76]: Starting WindowsNotificationEventListener...
2025-10-01 18:20:31,567 [INFO] [MainThread] [root/watcher.py:54]: Created file watcher for path C:\Users\renat\.config\yasb
2025-10-01 18:20:31,573 [INFO] [Dummy-5] [root/event_listener.py:51]: Created named pipe yasb-75f18573-9f0c-11f0-bf7a-dc45465b95c7
2025-10-01 18:20:31,696 [DEBUG] [MainThread] [qasync._windows._EventPoller/_windows.py:215]: Starting (proactor: <_IocpProactor overlapped#=0 result#=0>)...
2025-10-01 18:20:31,698 [DEBUG] [Dummy-9] [qasync._windows._EventWorker/_windows.py:195]: Thread started
2025-10-01 18:20:31,700 [DEBUG] [MainThread] [systray_widget/systray.py:535]: Loading state from C:\Users\renat\AppData\Local\YASB\systray_state_CHIMEIINNOLUXCORPORATIONDISPLAY1.json
2025-10-01 18:20:31,730 [DEBUG] [TrayMonitor] [systray_widget/systray.py:58]: Systray thread is starting...
2025-10-01 18:20:31,750 [DEBUG] [TaskbarService] [systray_widget/systray.py:72]: TaskbarService thread is starting...
2025-10-01 18:20:31,780 [DEBUG] [TaskbarService] [root/tasks_service.py:75]: Found yasb systray hwnd: 983374
2025-10-01 18:20:31,781 [DEBUG] [TaskbarService] [systray_widget/tasks_service.py:81]: Adding TaskbandHWND prop to hwnd 983374
2025-10-01 18:20:44,807 [ERROR] [MainThread] [root/main.py:71]: Timeout waiting for previous instance. Aborting start.
2025-10-01 18:21:25,917 [DEBUG] [TrayMonitor] [systray_widget/tray_monitor.py:228]: Finding real tray hwnd
2025-10-01 18:21:39,672 [DEBUG] [MainThread] [systray_widget/systray.py:473]: Re-sorting widgets
2025-10-01 18:21:39,672 [DEBUG] [MainThread] [systray_widget/systray.py:495]: Updating current state
2025-10-01 18:21:42,227 [INFO] [MainThread] [root/bar.py:147]: Screen geometry changed. Updating position for bar (primary-bar_DISPLAY1_f6485c41)
2025-10-01 18:21:43,466 [DEBUG] [MainThread] [systray_widget/systray.py:473]: Re-sorting widgets
2025-10-01 18:21:43,466 [DEBUG] [MainThread] [systray_widget/systray.py:495]: Updating current state
2025-10-01 18:21:46,401 [DEBUG] [MainThread] [systray_widget/systray.py:473]: Re-sorting widgets
2025-10-01 18:21:46,401 [DEBUG] [MainThread] [systray_widget/systray.py:495]: Updating current state
2025-10-01 18:34:47,675 [DEBUG] [MainThread] [systray_widget/systray.py:473]: Re-sorting widgets
2025-10-01 18:34:47,675 [DEBUG] [MainThread] [systray_widget/systray.py:495]: Updating current state
2025-10-01 18:53:24,416 [DEBUG] [MainThread] [systray_widget/systray.py:473]: Re-sorting widgets
2025-10-01 18:53:24,417 [DEBUG] [MainThread] [systray_widget/systray.py:495]: Updating current state
2025-10-01 18:53:34,545 [DEBUG] [MainThread] [systray_widget/systray.py:473]: Re-sorting widgets
2025-10-01 18:53:34,546 [DEBUG] [MainThread] [systray_widget/systray.py:495]: Updating current state
2025-10-01 18:54:05,156 [DEBUG] [MainThread] [systray_widget/systray.py:473]: Re-sorting widgets
2025-10-01 18:54:05,156 [DEBUG] [MainThread] [systray_widget/systray.py:495]: Updating current state
2025-10-01 18:54:14,899 [DEBUG] [MainThread] [systray_widget/systray.py:473]: Re-sorting widgets
2025-10-01 18:54:14,900 [DEBUG] [MainThread] [systray_widget/systray.py:495]: Updating current state
2025-10-01 18:56:29,366 [DEBUG] [MainThread] [systray_widget/systray.py:473]: Re-sorting widgets
2025-10-01 18:56:29,368 [DEBUG] [MainThread] [systray_widget/systray.py:495]: Updating current state
2025-10-01 18:56:38,972 [DEBUG] [MainThread] [systray_widget/systray.py:473]: Re-sorting widgets
2025-10-01 18:56:38,972 [DEBUG] [MainThread] [systray_widget/systray.py:495]: Updating current state
2025-10-01 18:56:59,534 [DEBUG] [MainThread] [systray_widget/systray.py:473]: Re-sorting widgets
2025-10-01 18:56:59,534 [DEBUG] [MainThread] [systray_widget/systray.py:495]: Updating current state
2025-10-01 18:57:09,556 [DEBUG] [MainThread] [systray_widget/systray.py:473]: Re-sorting widgets
2025-10-01 18:57:09,556 [DEBUG] [MainThread] [systray_widget/systray.py:495]: Updating current state
2025-10-02 10:49:26,979 [INFO] [MainThread] [root/bar.py:147]: Screen geometry changed. Updating position for bar (primary-bar_DISPLAY1_f6485c41)
2025-10-02 10:59:39,572 [DEBUG] [MainThread] [systray_widget/systray.py:473]: Re-sorting widgets
2025-10-02 10:59:39,573 [DEBUG] [MainThread] [systray_widget/systray.py:495]: Updating current state
2025-10-02 14:34:54,986 [INFO] [MainThread] [root/bar.py:147]: Screen geometry changed. Updating position for bar (primary-bar_DISPLAY1_f6485c41)
2025-10-02 14:34:56,124 [DEBUG] [MainThread] [systray_widget/systray.py:473]: Re-sorting widgets
2025-10-02 14:34:56,125 [DEBUG] [MainThread] [systray_widget/systray.py:495]: Updating current state
2025-10-02 14:35:02,627 [DEBUG] [MainThread] [systray_widget/systray.py:473]: Re-sorting widgets
2025-10-02 14:35:02,627 [DEBUG] [MainThread] [systray_widget/systray.py:495]: Updating current state
2025-10-02 14:35:04,322 [DEBUG] [MainThread] [systray_widget/systray.py:473]: Re-sorting widgets
2025-10-02 14:35:04,322 [DEBUG] [MainThread] [systray_widget/systray.py:495]: Updating current state
2025-10-02 14:35:20,141 [DEBUG] [MainThread] [systray_widget/systray.py:473]: Re-sorting widgets
2025-10-02 14:35:20,141 [DEBUG] [MainThread] [systray_widget/systray.py:495]: Updating current state
2025-10-02 14:35:26,137 [DEBUG] [MainThread] [systray_widget/systray.py:473]: Re-sorting widgets
2025-10-02 14:35:26,137 [DEBUG] [MainThread] [systray_widget/systray.py:495]: Updating current state
2025-10-02 14:35:58,841 [DEBUG] [MainThread] [systray_widget/systray.py:473]: Re-sorting widgets
2025-10-02 14:35:58,841 [DEBUG] [MainThread] [systray_widget/systray.py:495]: Updating current state
2025-10-02 14:36:01,825 [DEBUG] [MainThread] [systray_widget/systray.py:473]: Re-sorting widgets
2025-10-02 14:36:01,825 [DEBUG] [MainThread] [systray_widget/systray.py:495]: Updating current state
2025-10-02 14:36:05,622 [DEBUG] [MainThread] [systray_widget/systray.py:473]: Re-sorting widgets
2025-10-02 14:36:05,622 [DEBUG] [MainThread] [systray_widget/systray.py:495]: Updating current state
2025-10-02 14:56:49,666 [DEBUG] [MainThread] [systray_widget/systray.py:473]: Re-sorting widgets
2025-10-02 14:56:49,666 [DEBUG] [MainThread] [systray_widget/systray.py:495]: Updating current state
2025-10-02 15:02:58,348 [DEBUG] [MainThread] [systray_widget/systray.py:473]: Re-sorting widgets
2025-10-02 15:02:58,348 [DEBUG] [MainThread] [systray_widget/systray.py:495]: Updating current state
2025-10-02 15:03:08,083 [DEBUG] [MainThread] [systray_widget/systray.py:473]: Re-sorting widgets
2025-10-02 15:03:08,083 [DEBUG] [MainThread] [systray_widget/systray.py:495]: Updating current state
2025-10-02 15:04:37,029 [DEBUG] [MainThread] [systray_widget/systray.py:473]: Re-sorting widgets
2025-10-02 15:04:37,029 [DEBUG] [MainThread] [systray_widget/systray.py:495]: Updating current state
2025-10-02 15:04:46,694 [DEBUG] [MainThread] [systray_widget/systray.py:473]: Re-sorting widgets
2025-10-02 15:04:46,694 [DEBUG] [MainThread] [systray_widget/systray.py:495]: Updating current state
2025-10-02 15:05:21,408 [DEBUG] [MainThread] [systray_widget/systray.py:473]: Re-sorting widgets
2025-10-02 15:05:21,408 [DEBUG] [MainThread] [systray_widget/systray.py:495]: Updating current state
2025-10-02 15:06:00,039 [DEBUG] [MainThread] [systray_widget/systray.py:473]: Re-sorting widgets
2025-10-02 15:06:00,039 [DEBUG] [MainThread] [systray_widget/systray.py:495]: Updating current state
2025-10-02 15:06:09,572 [DEBUG] [MainThread] [systray_widget/systray.py:473]: Re-sorting widgets
2025-10-02 15:06:09,572 [DEBUG] [MainThread] [systray_widget/systray.py:495]: Updating current state
2025-10-02 15:06:12,981 [DEBUG] [MainThread] [systray_widget/systray.py:473]: Re-sorting widgets
2025-10-02 15:06:12,981 [DEBUG] [MainThread] [systray_widget/systray.py:495]: Updating current state
2025-10-02 15:10:36,518 [DEBUG] [MainThread] [systray_widget/systray.py:473]: Re-sorting widgets
2025-10-02 15:10:36,518 [DEBUG] [MainThread] [systray_widget/systray.py:495]: Updating current state
2025-10-02 15:10:45,861 [DEBUG] [MainThread] [systray_widget/systray.py:473]: Re-sorting widgets
2025-10-02 15:10:45,861 [DEBUG] [MainThread] [systray_widget/systray.py:495]: Updating current state
2025-10-02 15:10:48,475 [DEBUG] [MainThread] [systray_widget/systray.py:473]: Re-sorting widgets
2025-10-02 15:10:48,475 [DEBUG] [MainThread] [systray_widget/systray.py:495]: Updating current state
2025-10-02 15:11:23,332 [DEBUG] [MainThread] [systray_widget/systray.py:473]: Re-sorting widgets
2025-10-02 15:11:23,332 [DEBUG] [MainThread] [systray_widget/systray.py:495]: Updating current state
2025-10-02 15:11:32,663 [DEBUG] [MainThread] [systray_widget/systray.py:473]: Re-sorting widgets
2025-10-02 15:11:32,663 [DEBUG] [MainThread] [systray_widget/systray.py:495]: Updating current state
2025-10-02 15:11:35,741 [DEBUG] [MainThread] [systray_widget/systray.py:473]: Re-sorting widgets
2025-10-02 15:11:35,742 [DEBUG] [MainThread] [systray_widget/systray.py:495]: Updating current state
2025-10-02 15:25:22,453 [DEBUG] [MainThread] [systray_widget/systray.py:473]: Re-sorting widgets
2025-10-02 15:25:22,453 [DEBUG] [MainThread] [systray_widget/systray.py:495]: Updating current state
2025-10-02 15:25:32,044 [DEBUG] [MainThread] [systray_widget/systray.py:473]: Re-sorting widgets
2025-10-02 15:25:32,044 [DEBUG] [MainThread] [systray_widget/systray.py:495]: Updating current state
2025-10-02 15:25:37,384 [DEBUG] [MainThread] [systray_widget/systray.py:473]: Re-sorting widgets
2025-10-02 15:25:37,384 [DEBUG] [MainThread] [systray_widget/systray.py:495]: Updating current state
2025-10-02 15:32:38,749 [DEBUG] [MainThread] [systray_widget/systray.py:473]: Re-sorting widgets
2025-10-02 15:32:38,749 [DEBUG] [MainThread] [systray_widget/systray.py:495]: Updating current state
2025-10-02 16:03:58,076 [DEBUG] [MainThread] [systray_widget/systray.py:473]: Re-sorting widgets
2025-10-02 16:03:58,076 [DEBUG] [MainThread] [systray_widget/systray.py:495]: Updating current state
2025-10-02 16:04:11,752 [DEBUG] [MainThread] [systray_widget/systray.py:473]: Re-sorting widgets
2025-10-02 16:04:11,753 [DEBUG] [MainThread] [systray_widget/systray.py:495]: Updating current state
2025-10-02 18:54:13,170 [DEBUG] [MainThread] [systray_widget/systray.py:473]: Re-sorting widgets
2025-10-02 18:54:13,174 [DEBUG] [MainThread] [systray_widget/systray.py:495]: Updating current state
2025-10-02 18:54:31,472 [DEBUG] [MainThread] [systray_widget/systray.py:473]: Re-sorting widgets
2025-10-02 18:54:31,473 [DEBUG] [MainThread] [systray_widget/systray.py:495]: Updating current state
2025-10-02 18:54:38,473 [DEBUG] [MainThread] [systray_widget/systray.py:473]: Re-sorting widgets
2025-10-02 18:54:38,474 [DEBUG] [MainThread] [systray_widget/systray.py:495]: Updating current state
2025-10-02 19:21:12,174 [DEBUG] [MainThread] [systray_widget/systray.py:473]: Re-sorting widgets
2025-10-02 19:21:12,175 [DEBUG] [MainThread] [systray_widget/systray.py:495]: Updating current state
2025-10-02 19:21:22,082 [DEBUG] [MainThread] [systray_widget/systray.py:473]: Re-sorting widgets
2025-10-02 19:21:22,082 [DEBUG] [MainThread] [systray_widget/systray.py:495]: Updating current state
2025-10-02 19:21:29,672 [DEBUG] [MainThread] [systray_widget/systray.py:473]: Re-sorting widgets
2025-10-02 19:21:29,672 [DEBUG] [MainThread] [systray_widget/systray.py:495]: Updating current state
2025-10-02 19:23:18,927 [DEBUG] [MainThread] [systray_widget/systray.py:473]: Re-sorting widgets
2025-10-02 19:23:18,927 [DEBUG] [MainThread] [systray_widget/systray.py:495]: Updating current state
2025-10-02 19:23:28,536 [DEBUG] [MainThread] [systray_widget/systray.py:473]: Re-sorting widgets
2025-10-02 19:23:28,536 [DEBUG] [MainThread] [systray_widget/systray.py:495]: Updating current state
2025-10-02 19:24:17,487 [DEBUG] [MainThread] [systray_widget/systray.py:473]: Re-sorting widgets
2025-10-02 19:24:17,487 [DEBUG] [MainThread] [systray_widget/systray.py:495]: Updating current state
2025-10-03 09:14:55,314 [INFO] [MainThread] [root/bar.py:147]: Screen geometry changed. Updating position for bar (primary-bar_DISPLAY1_f6485c41)
2025-10-03 09:16:00,144 [DEBUG] [MainThread] [systray_widget/systray.py:473]: Re-sorting widgets
2025-10-03 09:16:00,146 [DEBUG] [MainThread] [systray_widget/systray.py:495]: Updating current state
2025-10-03 09:16:01,873 [DEBUG] [MainThread] [systray_widget/systray.py:473]: Re-sorting widgets
2025-10-03 09:16:01,873 [DEBUG] [MainThread] [systray_widget/systray.py:495]: Updating current state
2025-10-03 09:16:39,746 [INFO] [MainThread] [root/bar_manager.py:71]: Screens updated. Re-initialising all bars.
2025-10-03 09:16:39,748 [INFO] [MainThread] [root/controller.py:15]: Reloading Application because of screen update.
2025-10-03 09:16:39,865 [INFO] [MainThread] [cli_server/cli_server.py:112]: Log pipe server stopped
2025-10-03 09:16:39,865 [DEBUG] [MainThread] [cli_server/cli_server.py:206]: CLI server stopped
2025-10-03 09:16:40,228 [INFO] [MainThread] [root/bar_manager.py:83]: Stopping SystemEventListener...
2025-10-03 09:16:40,230 [INFO] [MainThread] [root/bar_manager.py:83]: Stopping KomorebiEventListener...
2025-10-03 09:16:40,230 [INFO] [MainThread] [root/bar_manager.py:83]: Stopping WindowsNotificationEventListener...
2025-10-03 09:16:40,262 [DEBUG] [MainThread] [systray_widget/systray.py:495]: Updating current state
2025-10-03 09:16:40,262 [DEBUG] [MainThread] [systray_widget/systray.py:513]: Saving state to disk
2025-10-03 09:16:40,276 [DEBUG] [MainThread] [systray_widget/systray.py:517]: Saving state to C:\Users\renat\AppData\Local\YASB\systray_state_CHIMEIINNOLUXCORPORATIONDISPLAY1.json
2025-10-03 09:16:40,329 [DEBUG] [MainThread] [qasync._windows._EventPoller/_windows.py:220]: Stopping worker thread...
2025-10-03 09:16:40,343 [DEBUG] [Dummy-9] [qasync._windows._EventWorker/_windows.py:204]: Exiting thread
2025-10-03 09:16:40,366 [DEBUG] [MainThread] [qasync._windows._IocpProactor/_windows.py:78]: Closing
2025-10-03 09:16:41,170 [DEBUG] [MainThread] [systray_widget/utils.py:96]: Destroying window 12518182
2025-10-03 09:16:41,172 [DEBUG] [MainThread] [systray_widget/utils.py:96]: Destroying window 983374
2025-10-03 09:16:54,277 [INFO] [MainThread] [root/log.py:59]: YASB v1.8.2
2025-10-03 09:16:54,283 [INFO] [Thread-1 (_run_server)] [cli_server/cli_server.py:212]: CLI server started v1.1.2
2025-10-03 09:16:54,284 [INFO] [MainThread] [cli_server/cli_server.py:104]: Log pipe server started
2025-10-03 09:16:56,869 [DEBUG] [MainThread] [comtypes/__init__.py:149]: CoInitializeEx(None, 2)
2025-10-03 09:16:59,733 [DEBUG] [MainThread] [tzlocal/win32.py:55]: Looking up time zone info from registry
2025-10-03 09:17:13,893 [INFO] [MainThread] [root/bar_manager.py:76]: Starting WindowsNotificationEventListener...
2025-10-03 09:17:13,896 [INFO] [MainThread] [root/bar_manager.py:76]: Starting KomorebiEventListener...
2025-10-03 09:17:13,896 [INFO] [MainThread] [root/bar_manager.py:76]: Starting SystemEventListener...
2025-10-03 09:17:13,901 [INFO] [MainThread] [root/watcher.py:54]: Created file watcher for path C:\Users\renat\.config\yasb
2025-10-03 09:17:14,183 [INFO] [Dummy-5] [root/event_listener.py:51]: Created named pipe yasb-e50b4455-a052-11f0-aca0-dc45465b95c7
2025-10-03 09:17:14,434 [DEBUG] [MainThread] [qasync._windows._EventPoller/_windows.py:215]: Starting (proactor: <_IocpProactor overlapped#=0 result#=0>)...
2025-10-03 09:17:14,501 [DEBUG] [Dummy-9] [qasync._windows._EventWorker/_windows.py:195]: Thread started
2025-10-03 09:17:14,503 [DEBUG] [MainThread] [systray_widget/systray.py:535]: Loading state from C:\Users\renat\AppData\Local\YASB\systray_state_LGELECTRONICSLGFHD283841.json
2025-10-03 09:17:15,298 [DEBUG] [TrayMonitor] [systray_widget/systray.py:58]: Systray thread is starting...
2025-10-03 09:17:15,299 [DEBUG] [TaskbarService] [systray_widget/systray.py:72]: TaskbarService thread is starting...
2025-10-03 09:17:15,496 [DEBUG] [TaskbarService] [root/tasks_service.py:75]: Found yasb systray hwnd: 11274994
2025-10-03 09:17:15,501 [DEBUG] [TaskbarService] [systray_widget/tasks_service.py:81]: Adding TaskbandHWND prop to hwnd 11274994
2025-10-03 09:17:22,858 [DEBUG] [TrayMonitor] [systray_widget/tray_monitor.py:228]: Finding real tray hwnd
2025-10-03 09:17:26,416 [DEBUG] [MainThread] [systray_widget/systray.py:535]: Loading state from C:\Users\renat\AppData\Local\YASB\systray_state_CHIMEIINNOLUXCORPORATIONDISPLAY1.json
2025-10-03 09:17:26,623 [DEBUG] [MainThread] [systray_widget/systray.py:285]: Systray thread started
2025-10-03 09:17:26,827 [DEBUG] [TaskbarService] [systray_widget/tasks_service.py:81]: Adding TaskbandHWND prop to hwnd 11274994
2025-10-03 09:17:26,885 [DEBUG] [MainThread] [systray_widget/tray_monitor.py:154]: Sending TaskbarCreated message: 49283
2025-10-03 09:17:28,211 [DEBUG] [MainThread] [systray_widget/systray.py:473]: Re-sorting widgets
2025-10-03 09:17:28,212 [DEBUG] [MainThread] [systray_widget/systray.py:495]: Updating current state
2025-10-03 09:17:28,213 [DEBUG] [MainThread] [systray_widget/systray.py:473]: Re-sorting widgets
2025-10-03 09:17:28,213 [DEBUG] [MainThread] [systray_widget/systray.py:495]: Updating current state
2025-10-03 09:17:36,047 [DEBUG] [MainThread] [systray_widget/systray.py:473]: Re-sorting widgets
2025-10-03 09:17:36,048 [DEBUG] [MainThread] [systray_widget/systray.py:495]: Updating current state
2025-10-03 09:17:36,049 [DEBUG] [MainThread] [systray_widget/systray.py:473]: Re-sorting widgets
2025-10-03 09:17:36,049 [DEBUG] [MainThread] [systray_widget/systray.py:495]: Updating current state
2025-10-03 09:22:37,309 [INFO] [MainThread] [root/bar_manager.py:71]: Screens updated. Re-initialising all bars.
2025-10-03 09:22:37,310 [INFO] [MainThread] [root/controller.py:15]: Reloading Application because of screen update.
2025-10-03 09:22:37,422 [INFO] [MainThread] [cli_server/cli_server.py:112]: Log pipe server stopped
2025-10-03 09:22:37,422 [DEBUG] [MainThread] [cli_server/cli_server.py:206]: CLI server stopped
2025-10-03 09:22:37,600 [INFO] [MainThread] [root/bar_manager.py:83]: Stopping WindowsNotificationEventListener...
2025-10-03 09:22:37,601 [INFO] [MainThread] [root/bar_manager.py:83]: Stopping KomorebiEventListener...
2025-10-03 09:22:37,602 [INFO] [MainThread] [root/bar_manager.py:83]: Stopping SystemEventListener...
2025-10-03 09:22:37,608 [DEBUG] [MainThread] [systray_widget/systray.py:495]: Updating current state
2025-10-03 09:22:37,609 [DEBUG] [MainThread] [systray_widget/systray.py:513]: Saving state to disk
2025-10-03 09:22:37,610 [DEBUG] [MainThread] [systray_widget/systray.py:517]: Saving state to C:\Users\renat\AppData\Local\YASB\systray_state_LGELECTRONICSLGFHD283841.json
2025-10-03 09:22:37,614 [DEBUG] [MainThread] [systray_widget/systray.py:495]: Updating current state
2025-10-03 09:22:37,615 [DEBUG] [MainThread] [systray_widget/systray.py:513]: Saving state to disk
2025-10-03 09:22:37,615 [DEBUG] [MainThread] [systray_widget/systray.py:517]: Saving state to C:\Users\renat\AppData\Local\YASB\systray_state_LGELECTRONICSLGFHD283841.json
2025-10-03 09:22:37,717 [DEBUG] [MainThread] [qasync._windows._EventPoller/_windows.py:220]: Stopping worker thread...
2025-10-03 09:22:37,731 [DEBUG] [Dummy-9] [qasync._windows._EventWorker/_windows.py:204]: Exiting thread
2025-10-03 09:22:37,779 [DEBUG] [MainThread] [qasync._windows._IocpProactor/_windows.py:78]: Closing
2025-10-03 09:22:38,298 [DEBUG] [MainThread] [systray_widget/utils.py:96]: Destroying window 6163396
2025-10-03 09:22:38,303 [DEBUG] [MainThread] [systray_widget/utils.py:96]: Destroying window 11274994
2025-10-03 09:22:40,054 [INFO] [MainThread] [root/log.py:59]: YASB v1.8.2
2025-10-03 09:22:40,056 [INFO] [Thread-1 (_run_server)] [cli_server/cli_server.py:212]: CLI server started v1.1.2
2025-10-03 09:22:40,058 [INFO] [MainThread] [cli_server/cli_server.py:104]: Log pipe server started
2025-10-03 09:22:40,505 [DEBUG] [MainThread] [comtypes/__init__.py:149]: CoInitializeEx(None, 2)
2025-10-03 09:22:40,854 [DEBUG] [MainThread] [tzlocal/win32.py:55]: Looking up time zone info from registry
2025-10-03 09:22:43,017 [INFO] [MainThread] [root/bar_manager.py:76]: Starting SystemEventListener...
2025-10-03 09:22:43,018 [INFO] [MainThread] [root/bar_manager.py:76]: Starting WindowsNotificationEventListener...
2025-10-03 09:22:43,020 [INFO] [MainThread] [root/bar_manager.py:76]: Starting KomorebiEventListener...
2025-10-03 09:22:43,021 [INFO] [MainThread] [root/watcher.py:54]: Created file watcher for path C:\Users\renat\.config\yasb
2025-10-03 09:22:43,022 [INFO] [Dummy-5] [root/event_listener.py:51]: Created named pipe yasb-a9378373-a053-11f0-acf2-dc45465b95c7
2025-10-03 09:22:43,092 [DEBUG] [MainThread] [qasync._windows._EventPoller/_windows.py:215]: Starting (proactor: <_IocpProactor overlapped#=0 result#=0>)...
2025-10-03 09:22:43,096 [DEBUG] [Dummy-9] [qasync._windows._EventWorker/_windows.py:195]: Thread started
2025-10-03 09:22:43,099 [DEBUG] [MainThread] [systray_widget/systray.py:535]: Loading state from C:\Users\renat\AppData\Local\YASB\systray_state_LGELECTRONICSLGFHD283841.json
2025-10-03 09:22:43,105 [DEBUG] [TaskbarService] [systray_widget/systray.py:72]: TaskbarService thread is starting...
2025-10-03 09:22:43,105 [DEBUG] [TrayMonitor] [systray_widget/systray.py:58]: Systray thread is starting...
2025-10-03 09:22:43,113 [DEBUG] [TaskbarService] [root/tasks_service.py:75]: Found yasb systray hwnd: 4721414
2025-10-03 09:22:43,113 [DEBUG] [TaskbarService] [systray_widget/tasks_service.py:81]: Adding TaskbandHWND prop to hwnd 4721414
2025-10-03 09:22:43,736 [DEBUG] [MainThread] [systray_widget/systray.py:285]: Systray thread started
2025-10-03 09:22:43,939 [DEBUG] [TaskbarService] [systray_widget/tasks_service.py:81]: Adding TaskbandHWND prop to hwnd 4721414
2025-10-03 09:22:43,939 [DEBUG] [TrayMonitor] [systray_widget/tray_monitor.py:228]: Finding real tray hwnd
2025-10-03 09:22:43,983 [DEBUG] [MainThread] [systray_widget/tray_monitor.py:154]: Sending TaskbarCreated message: 49283
2025-10-03 09:22:45,178 [DEBUG] [MainThread] [systray_widget/systray.py:473]: Re-sorting widgets
2025-10-03 09:22:45,179 [DEBUG] [MainThread] [systray_widget/systray.py:495]: Updating current state
2025-10-03 09:22:53,100 [DEBUG] [MainThread] [systray_widget/systray.py:473]: Re-sorting widgets
2025-10-03 09:22:53,101 [DEBUG] [MainThread] [systray_widget/systray.py:495]: Updating current state
2025-10-03 09:30:42,967 [DEBUG] [MainThread] [systray_widget/systray.py:473]: Re-sorting widgets
2025-10-03 09:30:42,967 [DEBUG] [MainThread] [systray_widget/systray.py:495]: Updating current state
2025-10-03 10:17:07,089 [DEBUG] [MainThread] [systray_widget/systray.py:473]: Re-sorting widgets
2025-10-03 10:17:07,090 [DEBUG] [MainThread] [systray_widget/systray.py:495]: Updating current state
2025-10-03 10:17:08,228 [DEBUG] [MainThread] [systray_widget/systray.py:473]: Re-sorting widgets
2025-10-03 10:17:08,230 [DEBUG] [MainThread] [systray_widget/systray.py:495]: Updating current state
2025-10-03 10:17:51,785 [DEBUG] [MainThread] [systray_widget/systray.py:473]: Re-sorting widgets
2025-10-03 10:17:51,785 [DEBUG] [MainThread] [systray_widget/systray.py:495]: Updating current state
2025-10-03 10:18:08,891 [DEBUG] [MainThread] [systray_widget/systray.py:473]: Re-sorting widgets
2025-10-03 10:18:08,891 [DEBUG] [MainThread] [systray_widget/systray.py:495]: Updating current state
2025-10-03 12:14:20,954 [DEBUG] [MainThread] [systray_widget/systray.py:473]: Re-sorting widgets
2025-10-03 12:14:20,957 [DEBUG] [MainThread] [systray_widget/systray.py:495]: Updating current state
2025-10-03 12:17:20,950 [DEBUG] [MainThread] [systray_widget/systray.py:473]: Re-sorting widgets
2025-10-03 12:17:20,950 [DEBUG] [MainThread] [systray_widget/systray.py:495]: Updating current state
2025-10-03 12:17:33,991 [DEBUG] [MainThread] [systray_widget/systray.py:473]: Re-sorting widgets
2025-10-03 12:17:33,992 [DEBUG] [MainThread] [systray_widget/systray.py:495]: Updating current state
2025-10-03 12:24:58,866 [DEBUG] [MainThread] [systray_widget/systray.py:473]: Re-sorting widgets
2025-10-03 12:24:58,866 [DEBUG] [MainThread] [systray_widget/systray.py:495]: Updating current state
2025-10-03 12:25:08,728 [DEBUG] [MainThread] [systray_widget/systray.py:473]: Re-sorting widgets
2025-10-03 12:25:08,728 [DEBUG] [MainThread] [systray_widget/systray.py:495]: Updating current state
2025-10-03 12:26:09,560 [DEBUG] [MainThread] [systray_widget/systray.py:473]: Re-sorting widgets
2025-10-03 12:26:09,560 [DEBUG] [MainThread] [systray_widget/systray.py:495]: Updating current state
2025-10-03 12:26:19,396 [DEBUG] [MainThread] [systray_widget/systray.py:473]: Re-sorting widgets
2025-10-03 12:26:19,396 [DEBUG] [MainThread] [systray_widget/systray.py:495]: Updating current state
2025-10-03 14:02:36,378 [DEBUG] [MainThread] [systray_widget/systray.py:473]: Re-sorting widgets
2025-10-03 14:02:36,379 [DEBUG] [MainThread] [systray_widget/systray.py:495]: Updating current state
2025-10-03 14:02:38,689 [DEBUG] [MainThread] [systray_widget/systray.py:473]: Re-sorting widgets
2025-10-03 14:02:38,689 [DEBUG] [MainThread] [systray_widget/systray.py:495]: Updating current state
2025-10-03 16:02:29,227 [DEBUG] [MainThread] [systray_widget/systray.py:473]: Re-sorting widgets
2025-10-03 16:02:29,228 [DEBUG] [MainThread] [systray_widget/systray.py:495]: Updating current state
2025-10-03 16:02:39,781 [DEBUG] [MainThread] [systray_widget/systray.py:473]: Re-sorting widgets
2025-10-03 16:02:39,781 [DEBUG] [MainThread] [systray_widget/systray.py:495]: Updating current state
2025-10-03 16:02:48,871 [DEBUG] [MainThread] [systray_widget/systray.py:473]: Re-sorting widgets
2025-10-03 16:02:48,872 [DEBUG] [MainThread] [systray_widget/systray.py:495]: Updating current state
2025-10-03 16:03:32,880 [DEBUG] [MainThread] [systray_widget/systray.py:473]: Re-sorting widgets
2025-10-03 16:03:32,880 [DEBUG] [MainThread] [systray_widget/systray.py:495]: Updating current state
2025-10-03 16:03:56,602 [DEBUG] [MainThread] [systray_widget/systray.py:473]: Re-sorting widgets
2025-10-03 16:03:56,602 [DEBUG] [MainThread] [systray_widget/systray.py:495]: Updating current state
2025-10-03 16:04:00,094 [DEBUG] [MainThread] [systray_widget/systray.py:473]: Re-sorting widgets
2025-10-03 16:04:00,095 [DEBUG] [MainThread] [systray_widget/systray.py:495]: Updating current state
2025-10-03 16:13:05,241 [DEBUG] [MainThread] [systray_widget/systray.py:473]: Re-sorting widgets
2025-10-03 16:13:05,241 [DEBUG] [MainThread] [systray_widget/systray.py:495]: Updating current state
2025-10-03 16:13:15,335 [DEBUG] [MainThread] [systray_widget/systray.py:473]: Re-sorting widgets
2025-10-03 16:13:15,335 [DEBUG] [MainThread] [systray_widget/systray.py:495]: Updating current state
2025-10-03 16:13:21,497 [DEBUG] [MainThread] [systray_widget/systray.py:473]: Re-sorting widgets
2025-10-03 16:13:21,498 [DEBUG] [MainThread] [systray_widget/systray.py:495]: Updating current state
2025-10-03 16:21:29,498 [DEBUG] [MainThread] [systray_widget/systray.py:473]: Re-sorting widgets
2025-10-03 16:21:29,499 [DEBUG] [MainThread] [systray_widget/systray.py:495]: Updating current state
2025-10-03 16:21:39,337 [DEBUG] [MainThread] [systray_widget/systray.py:473]: Re-sorting widgets
2025-10-03 16:21:39,337 [DEBUG] [MainThread] [systray_widget/systray.py:495]: Updating current state
2025-10-03 16:21:58,078 [DEBUG] [MainThread] [systray_widget/systray.py:473]: Re-sorting widgets
2025-10-03 16:21:58,078 [DEBUG] [MainThread] [systray_widget/systray.py:495]: Updating current state
2025-10-03 16:22:13,431 [DEBUG] [MainThread] [systray_widget/systray.py:473]: Re-sorting widgets
2025-10-03 16:22:13,431 [DEBUG] [MainThread] [systray_widget/systray.py:495]: Updating current state
2025-10-03 16:23:38,814 [DEBUG] [MainThread] [systray_widget/systray.py:473]: Re-sorting widgets
2025-10-03 16:23:38,817 [DEBUG] [MainThread] [systray_widget/systray.py:495]: Updating current state
2025-10-03 16:23:48,822 [DEBUG] [MainThread] [systray_widget/systray.py:473]: Re-sorting widgets
2025-10-03 16:23:48,823 [DEBUG] [MainThread] [systray_widget/systray.py:495]: Updating current state
2025-10-03 16:23:55,590 [DEBUG] [MainThread] [systray_widget/systray.py:473]: Re-sorting widgets
2025-10-03 16:23:55,590 [DEBUG] [MainThread] [systray_widget/systray.py:495]: Updating current state
2025-10-03 16:25:53,100 [DEBUG] [MainThread] [systray_widget/systray.py:473]: Re-sorting widgets
2025-10-03 16:25:53,100 [DEBUG] [MainThread] [systray_widget/systray.py:495]: Updating current state
2025-10-03 16:32:27,898 [DEBUG] [MainThread] [systray_widget/systray.py:473]: Re-sorting widgets
2025-10-03 16:32:27,898 [DEBUG] [MainThread] [systray_widget/systray.py:495]: Updating current state
2025-10-03 16:32:38,172 [DEBUG] [MainThread] [systray_widget/systray.py:473]: Re-sorting widgets
2025-10-03 16:32:38,172 [DEBUG] [MainThread] [systray_widget/systray.py:495]: Updating current state
2025-10-03 16:34:51,305 [DEBUG] [MainThread] [systray_widget/systray.py:473]: Re-sorting widgets
2025-10-03 16:34:51,305 [DEBUG] [MainThread] [systray_widget/systray.py:495]: Updating current state
2025-10-03 16:36:09,736 [DEBUG] [MainThread] [systray_widget/systray.py:473]: Re-sorting widgets
2025-10-03 16:36:09,736 [DEBUG] [MainThread] [systray_widget/systray.py:495]: Updating current state
2025-10-03 16:36:19,751 [DEBUG] [MainThread] [systray_widget/systray.py:473]: Re-sorting widgets
2025-10-03 16:36:19,752 [DEBUG] [MainThread] [systray_widget/systray.py:495]: Updating current state
2025-10-03 16:36:36,548 [DEBUG] [MainThread] [systray_widget/systray.py:473]: Re-sorting widgets
2025-10-03 16:36:36,549 [DEBUG] [MainThread] [systray_widget/systray.py:495]: Updating current state
2025-10-03 16:53:13,196 [DEBUG] [MainThread] [systray_widget/systray.py:473]: Re-sorting widgets
2025-10-03 16:53:13,197 [DEBUG] [MainThread] [systray_widget/systray.py:495]: Updating current state
2025-10-03 16:53:23,124 [DEBUG] [MainThread] [systray_widget/systray.py:473]: Re-sorting widgets
2025-10-03 16:53:23,125 [DEBUG] [MainThread] [systray_widget/systray.py:495]: Updating current state
2025-10-03 16:53:31,268 [DEBUG] [MainThread] [systray_widget/systray.py:473]: Re-sorting widgets
2025-10-03 16:53:31,268 [DEBUG] [MainThread] [systray_widget/systray.py:495]: Updating current state
2025-10-03 17:13:24,591 [DEBUG] [MainThread] [systray_widget/systray.py:473]: Re-sorting widgets
2025-10-03 17:13:24,592 [DEBUG] [MainThread] [systray_widget/systray.py:495]: Updating current state
2025-10-03 17:13:35,148 [DEBUG] [MainThread] [systray_widget/systray.py:473]: Re-sorting widgets
2025-10-03 17:13:35,149 [DEBUG] [MainThread] [systray_widget/systray.py:495]: Updating current state
2025-10-03 17:13:40,572 [DEBUG] [MainThread] [systray_widget/systray.py:473]: Re-sorting widgets
2025-10-03 17:13:40,573 [DEBUG] [MainThread] [systray_widget/systray.py:495]: Updating current state
2025-10-03 17:17:32,691 [DEBUG] [MainThread] [systray_widget/systray.py:473]: Re-sorting widgets
2025-10-03 17:17:32,691 [DEBUG] [MainThread] [systray_widget/systray.py:495]: Updating current state
2025-10-03 17:18:49,814 [DEBUG] [MainThread] [systray_widget/systray.py:473]: Re-sorting widgets
2025-10-03 17:18:49,815 [DEBUG] [MainThread] [systray_widget/systray.py:495]: Updating current state
2025-10-03 17:19:00,090 [DEBUG] [MainThread] [systray_widget/systray.py:473]: Re-sorting widgets
2025-10-03 17:19:00,091 [DEBUG] [MainThread] [systray_widget/systray.py:495]: Updating current state
2025-10-03 17:19:07,879 [DEBUG] [MainThread] [systray_widget/systray.py:473]: Re-sorting widgets
2025-10-03 17:19:07,879 [DEBUG] [MainThread] [systray_widget/systray.py:495]: Updating current state
2025-10-03 17:29:11,860 [DEBUG] [MainThread] [systray_widget/systray.py:473]: Re-sorting widgets
2025-10-03 17:29:11,860 [DEBUG] [MainThread] [systray_widget/systray.py:495]: Updating current state
2025-10-03 17:29:21,616 [DEBUG] [MainThread] [systray_widget/systray.py:473]: Re-sorting widgets
2025-10-03 17:29:21,617 [DEBUG] [MainThread] [systray_widget/systray.py:495]: Updating current state
2025-10-03 17:29:26,762 [DEBUG] [MainThread] [systray_widget/systray.py:473]: Re-sorting widgets
2025-10-03 17:29:26,762 [DEBUG] [MainThread] [systray_widget/systray.py:495]: Updating current state
2025-10-03 17:36:29,539 [DEBUG] [MainThread] [systray_widget/systray.py:473]: Re-sorting widgets
2025-10-03 17:36:29,540 [DEBUG] [MainThread] [systray_widget/systray.py:495]: Updating current state
2025-10-03 17:36:39,293 [DEBUG] [MainThread] [systray_widget/systray.py:473]: Re-sorting widgets
2025-10-03 17:36:39,293 [DEBUG] [MainThread] [systray_widget/systray.py:495]: Updating current state
2025-10-03 17:36:44,062 [DEBUG] [MainThread] [systray_widget/systray.py:473]: Re-sorting widgets
2025-10-03 17:36:44,062 [DEBUG] [MainThread] [systray_widget/systray.py:495]: Updating current state
2025-10-03 17:38:34,563 [DEBUG] [MainThread] [systray_widget/systray.py:473]: Re-sorting widgets
2025-10-03 17:38:34,564 [DEBUG] [MainThread] [systray_widget/systray.py:495]: Updating current state
2025-10-03 17:38:44,495 [DEBUG] [MainThread] [systray_widget/systray.py:473]: Re-sorting widgets
2025-10-03 17:38:44,495 [DEBUG] [MainThread] [systray_widget/systray.py:495]: Updating current state
2025-10-03 17:38:49,372 [DEBUG] [MainThread] [systray_widget/systray.py:473]: Re-sorting widgets
2025-10-03 17:38:49,372 [DEBUG] [MainThread] [systray_widget/systray.py:495]: Updating current state
2025-10-03 17:51:02,329 [DEBUG] [MainThread] [systray_widget/systray.py:473]: Re-sorting widgets
2025-10-03 17:51:02,329 [DEBUG] [MainThread] [systray_widget/systray.py:495]: Updating current state
2025-10-03 17:59:47,533 [DEBUG] [MainThread] [systray_widget/systray.py:473]: Re-sorting widgets
2025-10-03 17:59:47,534 [DEBUG] [MainThread] [systray_widget/systray.py:495]: Updating current state
2025-10-03 17:59:57,347 [DEBUG] [MainThread] [systray_widget/systray.py:473]: Re-sorting widgets
2025-10-03 17:59:57,347 [DEBUG] [MainThread] [systray_widget/systray.py:495]: Updating current state
2025-10-03 18:00:00,374 [DEBUG] [MainThread] [systray_widget/systray.py:473]: Re-sorting widgets
2025-10-03 18:00:00,374 [DEBUG] [MainThread] [systray_widget/systray.py:495]: Updating current state
2025-10-03 18:00:41,994 [DEBUG] [MainThread] [systray_widget/systray.py:473]: Re-sorting widgets
2025-10-03 18:00:41,994 [DEBUG] [MainThread] [systray_widget/systray.py:495]: Updating current state
2025-10-03 18:01:15,284 [DEBUG] [MainThread] [systray_widget/systray.py:473]: Re-sorting widgets
2025-10-03 18:01:15,284 [DEBUG] [MainThread] [systray_widget/systray.py:495]: Updating current state
2025-10-03 18:01:40,257 [DEBUG] [MainThread] [systray_widget/systray.py:473]: Re-sorting widgets
2025-10-03 18:01:40,257 [DEBUG] [MainThread] [systray_widget/systray.py:495]: Updating current state
2025-10-03 18:01:52,750 [DEBUG] [MainThread] [systray_widget/systray.py:473]: Re-sorting widgets
2025-10-03 18:01:52,752 [DEBUG] [MainThread] [systray_widget/systray.py:495]: Updating current state
2025-10-03 18:03:29,745 [DEBUG] [MainThread] [systray_widget/systray.py:473]: Re-sorting widgets
2025-10-03 18:03:29,746 [DEBUG] [MainThread] [systray_widget/systray.py:495]: Updating current state
2025-10-03 18:37:11,235 [DEBUG] [MainThread] [systray_widget/systray.py:473]: Re-sorting widgets
2025-10-03 18:37:11,236 [DEBUG] [MainThread] [systray_widget/systray.py:495]: Updating current state
2025-10-03 18:37:29,822 [DEBUG] [MainThread] [systray_widget/systray.py:473]: Re-sorting widgets
2025-10-03 18:37:29,822 [DEBUG] [MainThread] [systray_widget/systray.py:495]: Updating current state
2025-10-03 18:37:36,599 [DEBUG] [MainThread] [systray_widget/systray.py:473]: Re-sorting widgets
2025-10-03 18:37:36,599 [DEBUG] [MainThread] [systray_widget/systray.py:495]: Updating current state
2025-10-03 18:49:48,746 [DEBUG] [MainThread] [systray_widget/systray.py:473]: Re-sorting widgets
2025-10-03 18:49:48,747 [DEBUG] [MainThread] [systray_widget/systray.py:495]: Updating current state
2025-10-03 18:49:55,593 [DEBUG] [MainThread] [systray_widget/systray.py:473]: Re-sorting widgets
2025-10-03 18:49:55,594 [DEBUG] [MainThread] [systray_widget/systray.py:495]: Updating current state
2025-10-03 18:50:08,406 [DEBUG] [MainThread] [systray_widget/systray.py:473]: Re-sorting widgets
2025-10-03 18:50:08,407 [DEBUG] [MainThread] [systray_widget/systray.py:495]: Updating current state
2025-10-03 18:50:16,254 [DEBUG] [MainThread] [systray_widget/systray.py:473]: Re-sorting widgets
2025-10-03 18:50:16,254 [DEBUG] [MainThread] [systray_widget/systray.py:495]: Updating current state
2025-10-03 18:50:23,319 [DEBUG] [MainThread] [systray_widget/systray.py:473]: Re-sorting widgets
2025-10-03 18:50:23,320 [DEBUG] [MainThread] [systray_widget/systray.py:495]: Updating current state
2025-10-03 18:50:28,752 [DEBUG] [MainThread] [systray_widget/systray.py:473]: Re-sorting widgets
2025-10-03 18:50:28,752 [DEBUG] [MainThread] [systray_widget/systray.py:495]: Updating current state
2025-10-03 18:50:29,924 [DEBUG] [MainThread] [systray_widget/systray.py:473]: Re-sorting widgets
2025-10-03 18:50:29,924 [DEBUG] [MainThread] [systray_widget/systray.py:495]: Updating current state
2025-10-06 11:00:40,473 [DEBUG] [MainThread] [systray_widget/systray.py:473]: Re-sorting widgets
2025-10-06 11:00:40,476 [DEBUG] [MainThread] [systray_widget/systray.py:495]: Updating current state
2025-10-06 11:05:38,965 [INFO] [MainThread] [root/bar_manager.py:71]: Screens updated. Re-initialising all bars.
2025-10-06 11:05:38,965 [INFO] [MainThread] [root/controller.py:15]: Reloading Application because of screen update.
2025-10-06 11:05:39,071 [INFO] [MainThread] [cli_server/cli_server.py:112]: Log pipe server stopped
2025-10-06 11:05:39,073 [DEBUG] [MainThread] [cli_server/cli_server.py:206]: CLI server stopped
2025-10-06 11:05:39,146 [INFO] [MainThread] [root/bar_manager.py:83]: Stopping SystemEventListener...
2025-10-06 11:05:39,146 [INFO] [MainThread] [root/bar_manager.py:83]: Stopping WindowsNotificationEventListener...
2025-10-06 11:05:39,156 [INFO] [MainThread] [root/bar_manager.py:83]: Stopping KomorebiEventListener...
2025-10-06 11:05:39,175 [DEBUG] [MainThread] [systray_widget/systray.py:495]: Updating current state
2025-10-06 11:05:39,175 [DEBUG] [MainThread] [systray_widget/systray.py:513]: Saving state to disk
2025-10-06 11:05:39,183 [DEBUG] [MainThread] [systray_widget/systray.py:517]: Saving state to C:\Users\renat\AppData\Local\YASB\systray_state_LGELECTRONICSLGFHD283841.json
2025-10-06 11:05:39,230 [INFO] [MainThread] [root/bar_manager.py:71]: Screens updated. Re-initialising all bars.
2025-10-06 11:05:39,230 [INFO] [MainThread] [root/controller.py:15]: Reloading Application because of screen update.
2025-10-06 11:05:39,335 [INFO] [MainThread] [cli_server/cli_server.py:112]: Log pipe server stopped
2025-10-06 11:05:39,335 [DEBUG] [MainThread] [cli_server/cli_server.py:206]: CLI server stopped
2025-10-06 11:05:39,346 [DEBUG] [MainThread] [qasync._windows._EventPoller/_windows.py:220]: Stopping worker thread...
2025-10-06 11:05:39,357 [DEBUG] [Dummy-9] [qasync._windows._EventWorker/_windows.py:204]: Exiting thread
2025-10-06 11:05:39,367 [DEBUG] [MainThread] [qasync._windows._IocpProactor/_windows.py:78]: Closing
2025-10-06 11:05:42,434 [DEBUG] [MainThread] [systray_widget/utils.py:96]: Destroying window 852300
2025-10-06 11:05:42,438 [DEBUG] [MainThread] [systray_widget/utils.py:96]: Destroying window 4721414
2025-10-06 11:05:52,254 [INFO] [MainThread] [root/log.py:59]: YASB v1.8.2
2025-10-06 11:05:52,254 [INFO] [MainThread] [root/log.py:59]: YASB v1.8.2
2025-10-06 11:05:52,254 [INFO] [Thread-1 (_run_server)] [cli_server/cli_server.py:212]: CLI server started v1.1.2
2025-10-06 11:05:52,258 [INFO] [MainThread] [cli_server/cli_server.py:104]: Log pipe server started
2025-10-06 11:05:52,258 [INFO] [MainThread] [cli_server/cli_server.py:104]: Log pipe server started
2025-10-06 11:05:52,258 [INFO] [MainThread] [root/main.py:48]: Waiting for previous YASB instance to exit...
2025-10-06 11:05:53,857 [DEBUG] [MainThread] [comtypes/__init__.py:149]: CoInitializeEx(None, 2)
2025-10-06 11:05:56,010 [DEBUG] [MainThread] [tzlocal/win32.py:55]: Looking up time zone info from registry
2025-10-06 11:06:08,782 [INFO] [MainThread] [root/bar_manager.py:76]: Starting SystemEventListener...
2025-10-06 11:06:08,784 [INFO] [MainThread] [root/bar_manager.py:76]: Starting WindowsNotificationEventListener...
2025-10-06 11:06:08,786 [INFO] [MainThread] [root/bar_manager.py:76]: Starting KomorebiEventListener...
2025-10-06 11:06:08,786 [INFO] [MainThread] [root/watcher.py:54]: Created file watcher for path C:\Users\renat\.config\yasb
2025-10-06 11:06:08,790 [INFO] [Dummy-5] [root/event_listener.py:51]: Created named pipe yasb-9b6179f3-a2bd-11f0-87db-dc45465b95c7
2025-10-06 11:06:08,866 [DEBUG] [MainThread] [qasync._windows._EventPoller/_windows.py:215]: Starting (proactor: <_IocpProactor overlapped#=0 result#=0>)...
2025-10-06 11:06:08,868 [DEBUG] [Dummy-9] [qasync._windows._EventWorker/_windows.py:195]: Thread started
2025-10-06 11:06:08,870 [DEBUG] [MainThread] [systray_widget/systray.py:535]: Loading state from C:\Users\renat\AppData\Local\YASB\systray_state_CHIMEIINNOLUXCORPORATIONDISPLAY1.json
2025-10-06 11:06:08,881 [DEBUG] [TaskbarService] [systray_widget/systray.py:72]: TaskbarService thread is starting...
2025-10-06 11:06:08,887 [DEBUG] [TrayMonitor] [systray_widget/systray.py:58]: Systray thread is starting...
2025-10-06 11:06:08,887 [DEBUG] [TaskbarService] [root/tasks_service.py:75]: Found yasb systray hwnd: 919332
2025-10-06 11:06:08,887 [DEBUG] [TaskbarService] [systray_widget/tasks_service.py:81]: Adding TaskbandHWND prop to hwnd 919332
2025-10-06 11:06:12,301 [ERROR] [MainThread] [root/main.py:71]: Timeout waiting for previous instance. Aborting start.
2025-10-06 11:06:13,063 [DEBUG] [MainThread] [systray_widget/systray.py:285]: Systray thread started
2025-10-06 11:06:13,264 [DEBUG] [TaskbarService] [systray_widget/tasks_service.py:81]: Adding TaskbandHWND prop to hwnd 919332
2025-10-06 11:06:13,264 [DEBUG] [TrayMonitor] [systray_widget/tray_monitor.py:228]: Finding real tray hwnd
2025-10-06 11:06:13,273 [DEBUG] [MainThread] [systray_widget/tray_monitor.py:154]: Sending TaskbarCreated message: 49283
2025-10-06 11:06:14,486 [DEBUG] [MainThread] [systray_widget/systray.py:473]: Re-sorting widgets
2025-10-06 11:06:14,487 [DEBUG] [MainThread] [systray_widget/systray.py:495]: Updating current state
2025-10-06 11:06:22,330 [DEBUG] [MainThread] [systray_widget/systray.py:473]: Re-sorting widgets
2025-10-06 11:06:22,330 [DEBUG] [MainThread] [systray_widget/systray.py:495]: Updating current state
2025-10-06 11:08:21,394 [DEBUG] [MainThread] [systray_widget/systray.py:473]: Re-sorting widgets
2025-10-06 11:08:21,394 [DEBUG] [MainThread] [systray_widget/systray.py:495]: Updating current state
2025-10-06 11:08:31,714 [DEBUG] [MainThread] [systray_widget/systray.py:473]: Re-sorting widgets
2025-10-06 11:08:31,714 [DEBUG] [MainThread] [systray_widget/systray.py:495]: Updating current state
2025-10-06 12:29:54,797 [INFO] [MainThread] [root/bar.py:147]: Screen geometry changed. Updating position for bar (primary-bar_DISPLAY1_88c99907)
2025-10-06 12:29:58,913 [DEBUG] [MainThread] [systray_widget/systray.py:473]: Re-sorting widgets
2025-10-06 12:29:58,913 [DEBUG] [MainThread] [systray_widget/systray.py:495]: Updating current state
2025-10-06 12:30:00,087 [DEBUG] [MainThread] [systray_widget/systray.py:473]: Re-sorting widgets
2025-10-06 12:30:00,087 [DEBUG] [MainThread] [systray_widget/systray.py:495]: Updating current state
2025-10-06 14:04:31,746 [DEBUG] [MainThread] [systray_widget/systray.py:473]: Re-sorting widgets
2025-10-06 14:04:31,748 [DEBUG] [MainThread] [systray_widget/systray.py:495]: Updating current state
2025-10-06 14:04:40,068 [DEBUG] [MainThread] [systray_widget/systray.py:473]: Re-sorting widgets
2025-10-06 14:04:40,068 [DEBUG] [MainThread] [systray_widget/systray.py:495]: Updating current state
2025-10-06 14:04:41,919 [DEBUG] [MainThread] [systray_widget/systray.py:473]: Re-sorting widgets
2025-10-06 14:04:41,920 [DEBUG] [MainThread] [systray_widget/systray.py:495]: Updating current state
2025-10-06 14:06:15,391 [DEBUG] [MainThread] [systray_widget/systray.py:473]: Re-sorting widgets
2025-10-06 14:06:15,391 [DEBUG] [MainThread] [systray_widget/systray.py:495]: Updating current state
2025-10-06 14:06:25,934 [DEBUG] [MainThread] [systray_widget/systray.py:473]: Re-sorting widgets
2025-10-06 14:06:25,935 [DEBUG] [MainThread] [systray_widget/systray.py:495]: Updating current state
2025-10-06 14:06:28,972 [DEBUG] [MainThread] [systray_widget/systray.py:473]: Re-sorting widgets
2025-10-06 14:06:28,972 [DEBUG] [MainThread] [systray_widget/systray.py:495]: Updating current state
2025-10-06 14:25:23,734 [DEBUG] [MainThread] [systray_widget/systray.py:473]: Re-sorting widgets
2025-10-06 14:25:23,734 [DEBUG] [MainThread] [systray_widget/systray.py:495]: Updating current state
2025-10-06 14:25:33,571 [DEBUG] [MainThread] [systray_widget/systray.py:473]: Re-sorting widgets
2025-10-06 14:25:33,572 [DEBUG] [MainThread] [systray_widget/systray.py:495]: Updating current state
2025-10-06 14:25:39,040 [DEBUG] [MainThread] [systray_widget/systray.py:473]: Re-sorting widgets
2025-10-06 14:25:39,041 [DEBUG] [MainThread] [systray_widget/systray.py:495]: Updating current state
2025-10-06 14:26:25,883 [DEBUG] [MainThread] [systray_widget/systray.py:473]: Re-sorting widgets
2025-10-06 14:26:25,883 [DEBUG] [MainThread] [systray_widget/systray.py:495]: Updating current state
2025-10-06 14:26:35,730 [DEBUG] [MainThread] [systray_widget/systray.py:473]: Re-sorting widgets
2025-10-06 14:26:35,733 [DEBUG] [MainThread] [systray_widget/systray.py:495]: Updating current state
2025-10-06 14:26:42,114 [DEBUG] [MainThread] [systray_widget/systray.py:473]: Re-sorting widgets
2025-10-06 14:26:42,115 [DEBUG] [MainThread] [systray_widget/systray.py:495]: Updating current state
2025-10-06 14:33:00,690 [DEBUG] [MainThread] [systray_widget/systray.py:473]: Re-sorting widgets
2025-10-06 14:33:00,691 [DEBUG] [MainThread] [systray_widget/systray.py:495]: Updating current state
2025-10-06 14:33:11,026 [DEBUG] [MainThread] [systray_widget/systray.py:473]: Re-sorting widgets
2025-10-06 14:33:11,026 [DEBUG] [MainThread] [systray_widget/systray.py:495]: Updating current state
2025-10-06 14:33:20,725 [DEBUG] [MainThread] [systray_widget/systray.py:473]: Re-sorting widgets
2025-10-06 14:33:20,726 [DEBUG] [MainThread] [systray_widget/systray.py:495]: Updating current state
2025-10-06 15:09:38,294 [DEBUG] [MainThread] [systray_widget/systray.py:473]: Re-sorting widgets
2025-10-06 15:09:38,296 [DEBUG] [MainThread] [systray_widget/systray.py:495]: Updating current state
2025-10-06 15:09:48,758 [DEBUG] [MainThread] [systray_widget/systray.py:473]: Re-sorting widgets
2025-10-06 15:09:48,760 [DEBUG] [MainThread] [systray_widget/systray.py:495]: Updating current state
2025-10-06 15:45:00,415 [ERROR] [Dummy-6166] [core.utils.widgets.media.media/media.py:266]: MediaCallback: Error occurred whilst fetching media properties and thumbnail: [WinError -2147024875] The device is not ready.
2025-10-06 18:10:39,467 [DEBUG] [MainThread] [systray_widget/systray.py:473]: Re-sorting widgets
2025-10-06 18:10:39,474 [DEBUG] [MainThread] [systray_widget/systray.py:495]: Updating current state
2025-10-06 18:10:49,380 [DEBUG] [MainThread] [systray_widget/systray.py:473]: Re-sorting widgets
2025-10-06 18:10:49,380 [DEBUG] [MainThread] [systray_widget/systray.py:495]: Updating current state
2025-10-06 18:10:52,497 [DEBUG] [MainThread] [systray_widget/systray.py:473]: Re-sorting widgets
2025-10-06 18:10:52,497 [DEBUG] [MainThread] [systray_widget/systray.py:495]: Updating current state
2025-10-06 18:32:47,703 [DEBUG] [MainThread] [systray_widget/systray.py:473]: Re-sorting widgets
2025-10-06 18:32:47,703 [DEBUG] [MainThread] [systray_widget/systray.py:495]: Updating current state
2025-10-06 18:32:57,464 [DEBUG] [MainThread] [systray_widget/systray.py:473]: Re-sorting widgets
2025-10-06 18:32:57,464 [DEBUG] [MainThread] [systray_widget/systray.py:495]: Updating current state
2025-10-06 18:33:17,914 [DEBUG] [MainThread] [systray_widget/systray.py:473]: Re-sorting widgets
2025-10-06 18:33:17,916 [DEBUG] [MainThread] [systray_widget/systray.py:495]: Updating current state
2025-10-06 18:33:42,385 [DEBUG] [MainThread] [systray_widget/systray.py:473]: Re-sorting widgets
2025-10-06 18:33:42,386 [DEBUG] [MainThread] [systray_widget/systray.py:495]: Updating current state
2025-10-07 11:47:58,631 [DEBUG] [MainThread] [systray_widget/systray.py:473]: Re-sorting widgets
2025-10-07 11:47:58,636 [DEBUG] [MainThread] [systray_widget/systray.py:495]: Updating current state
2025-10-07 11:48:26,514 [DEBUG] [MainThread] [systray_widget/systray.py:473]: Re-sorting widgets
2025-10-07 11:48:26,514 [DEBUG] [MainThread] [systray_widget/systray.py:495]: Updating current state
2025-10-07 11:49:40,752 [DEBUG] [MainThread] [systray_widget/systray.py:473]: Re-sorting widgets
2025-10-07 11:49:40,752 [DEBUG] [MainThread] [systray_widget/systray.py:495]: Updating current state
2025-10-07 12:04:47,955 [DEBUG] [MainThread] [systray_widget/systray.py:473]: Re-sorting widgets
2025-10-07 12:04:47,955 [DEBUG] [MainThread] [systray_widget/systray.py:495]: Updating current state
2025-10-07 12:05:07,645 [DEBUG] [MainThread] [systray_widget/systray.py:473]: Re-sorting widgets
2025-10-07 12:05:07,645 [DEBUG] [MainThread] [systray_widget/systray.py:495]: Updating current state
2025-10-07 12:05:17,448 [DEBUG] [MainThread] [systray_widget/systray.py:473]: Re-sorting widgets
2025-10-07 12:05:17,448 [DEBUG] [MainThread] [systray_widget/systray.py:495]: Updating current state
2025-10-07 12:05:21,093 [DEBUG] [MainThread] [systray_widget/systray.py:473]: Re-sorting widgets
2025-10-07 12:05:21,093 [DEBUG] [MainThread] [systray_widget/systray.py:495]: Updating current state
2025-10-07 12:11:09,536 [DEBUG] [MainThread] [systray_widget/systray.py:473]: Re-sorting widgets
2025-10-07 12:11:09,537 [DEBUG] [MainThread] [systray_widget/systray.py:495]: Updating current state
2025-10-07 12:11:19,379 [DEBUG] [MainThread] [systray_widget/systray.py:473]: Re-sorting widgets
2025-10-07 12:11:19,379 [DEBUG] [MainThread] [systray_widget/systray.py:495]: Updating current state
2025-10-07 12:11:34,498 [DEBUG] [MainThread] [systray_widget/systray.py:473]: Re-sorting widgets
2025-10-07 12:11:34,499 [DEBUG] [MainThread] [systray_widget/systray.py:495]: Updating current state
2025-10-07 13:08:48,857 [DEBUG] [MainThread] [systray_widget/systray.py:473]: Re-sorting widgets
2025-10-07 13:08:48,860 [DEBUG] [MainThread] [systray_widget/systray.py:495]: Updating current state
2025-10-07 13:12:16,991 [DEBUG] [MainThread] [systray_widget/systray.py:473]: Re-sorting widgets
2025-10-07 13:12:16,992 [DEBUG] [MainThread] [systray_widget/systray.py:495]: Updating current state
2025-10-07 13:12:44,915 [DEBUG] [MainThread] [systray_widget/systray.py:473]: Re-sorting widgets
2025-10-07 13:12:44,915 [DEBUG] [MainThread] [systray_widget/systray.py:495]: Updating current state
2025-10-07 13:12:51,793 [DEBUG] [MainThread] [systray_widget/systray.py:473]: Re-sorting widgets
2025-10-07 13:12:51,793 [DEBUG] [MainThread] [systray_widget/systray.py:495]: Updating current state
2025-10-07 16:46:38,180 [DEBUG] [MainThread] [systray_widget/systray.py:473]: Re-sorting widgets
2025-10-07 16:46:38,186 [DEBUG] [MainThread] [systray_widget/systray.py:495]: Updating current state
2025-10-07 16:46:48,260 [DEBUG] [MainThread] [systray_widget/systray.py:473]: Re-sorting widgets
2025-10-07 16:46:48,260 [DEBUG] [MainThread] [systray_widget/systray.py:495]: Updating current state
2025-10-07 16:47:23,664 [DEBUG] [MainThread] [systray_widget/systray.py:473]: Re-sorting widgets
2025-10-07 16:47:23,664 [DEBUG] [MainThread] [systray_widget/systray.py:495]: Updating current state
2025-10-07 16:47:33,415 [DEBUG] [MainThread] [systray_widget/systray.py:473]: Re-sorting widgets
2025-10-07 16:47:33,415 [DEBUG] [MainThread] [systray_widget/systray.py:495]: Updating current state
2025-10-07 16:47:35,221 [DEBUG] [MainThread] [systray_widget/systray.py:473]: Re-sorting widgets
2025-10-07 16:47:35,221 [DEBUG] [MainThread] [systray_widget/systray.py:495]: Updating current state
2025-10-07 17:50:15,448 [DEBUG] [MainThread] [systray_widget/systray.py:473]: Re-sorting widgets
2025-10-07 17:50:15,453 [DEBUG] [MainThread] [systray_widget/systray.py:495]: Updating current state
2025-10-07 17:50:37,820 [DEBUG] [MainThread] [systray_widget/systray.py:473]: Re-sorting widgets
2025-10-07 17:50:37,821 [DEBUG] [MainThread] [systray_widget/systray.py:495]: Updating current state
2025-10-07 17:50:48,181 [DEBUG] [MainThread] [systray_widget/systray.py:473]: Re-sorting widgets
2025-10-07 17:50:48,181 [DEBUG] [MainThread] [systray_widget/systray.py:495]: Updating current state
2025-10-07 18:04:50,540 [DEBUG] [MainThread] [systray_widget/systray.py:473]: Re-sorting widgets
2025-10-07 18:04:50,541 [DEBUG] [MainThread] [systray_widget/systray.py:495]: Updating current state
2025-10-07 18:05:00,920 [DEBUG] [MainThread] [systray_widget/systray.py:473]: Re-sorting widgets
2025-10-07 18:05:00,920 [DEBUG] [MainThread] [systray_widget/systray.py:495]: Updating current state
2025-10-07 18:05:20,112 [DEBUG] [MainThread] [systray_widget/systray.py:473]: Re-sorting widgets
2025-10-07 18:05:20,114 [DEBUG] [MainThread] [systray_widget/systray.py:495]: Updating current state
2025-10-07 18:05:30,158 [DEBUG] [MainThread] [systray_widget/systray.py:473]: Re-sorting widgets
2025-10-07 18:05:30,158 [DEBUG] [MainThread] [systray_widget/systray.py:495]: Updating current state
2025-10-07 18:05:32,740 [DEBUG] [MainThread] [systray_widget/systray.py:473]: Re-sorting widgets
2025-10-07 18:05:32,741 [DEBUG] [MainThread] [systray_widget/systray.py:495]: Updating current state
2025-10-07 18:07:52,400 [DEBUG] [MainThread] [systray_widget/systray.py:473]: Re-sorting widgets
2025-10-07 18:07:52,400 [DEBUG] [MainThread] [systray_widget/systray.py:495]: Updating current state
2025-10-07 18:08:02,248 [DEBUG] [MainThread] [systray_widget/systray.py:473]: Re-sorting widgets
2025-10-07 18:08:02,249 [DEBUG] [MainThread] [systray_widget/systray.py:495]: Updating current state
2025-10-07 18:08:57,239 [DEBUG] [MainThread] [systray_widget/systray.py:473]: Re-sorting widgets
2025-10-07 18:08:57,239 [DEBUG] [MainThread] [systray_widget/systray.py:495]: Updating current state
2025-10-07 18:09:38,536 [DEBUG] [MainThread] [systray_widget/systray.py:473]: Re-sorting widgets
2025-10-07 18:09:38,536 [DEBUG] [MainThread] [systray_widget/systray.py:495]: Updating current state
2025-10-07 18:09:48,375 [DEBUG] [MainThread] [systray_widget/systray.py:473]: Re-sorting widgets
2025-10-07 18:09:48,375 [DEBUG] [MainThread] [systray_widget/systray.py:495]: Updating current state
2025-10-07 18:10:03,396 [DEBUG] [MainThread] [systray_widget/systray.py:473]: Re-sorting widgets
2025-10-07 18:10:03,396 [DEBUG] [MainThread] [systray_widget/systray.py:495]: Updating current state
2025-10-07 18:25:33,091 [DEBUG] [MainThread] [systray_widget/systray.py:473]: Re-sorting widgets
2025-10-07 18:25:33,127 [DEBUG] [MainThread] [systray_widget/systray.py:495]: Updating current state
2025-10-07 18:25:42,653 [DEBUG] [MainThread] [systray_widget/systray.py:473]: Re-sorting widgets
2025-10-07 18:25:42,654 [DEBUG] [MainThread] [systray_widget/systray.py:495]: Updating current state
2025-10-07 18:27:30,758 [DEBUG] [MainThread] [systray_widget/systray.py:473]: Re-sorting widgets
2025-10-07 18:27:30,759 [DEBUG] [MainThread] [systray_widget/systray.py:495]: Updating current state
2025-10-07 18:27:40,723 [DEBUG] [MainThread] [systray_widget/systray.py:473]: Re-sorting widgets
2025-10-07 18:27:40,725 [DEBUG] [MainThread] [systray_widget/systray.py:495]: Updating current state
2025-10-07 18:27:57,002 [DEBUG] [MainThread] [systray_widget/systray.py:473]: Re-sorting widgets
2025-10-07 18:27:57,002 [DEBUG] [MainThread] [systray_widget/systray.py:495]: Updating current state
2025-10-07 18:28:06,983 [DEBUG] [MainThread] [systray_widget/systray.py:473]: Re-sorting widgets
2025-10-07 18:28:06,984 [DEBUG] [MainThread] [systray_widget/systray.py:495]: Updating current state
2025-10-07 18:28:32,472 [DEBUG] [MainThread] [systray_widget/systray.py:473]: Re-sorting widgets
2025-10-07 18:28:32,472 [DEBUG] [MainThread] [systray_widget/systray.py:495]: Updating current state
2025-10-07 18:28:42,264 [DEBUG] [MainThread] [systray_widget/systray.py:473]: Re-sorting widgets
2025-10-07 18:28:42,264 [DEBUG] [MainThread] [systray_widget/systray.py:495]: Updating current state
2025-10-08 11:14:13,229 [DEBUG] [MainThread] [systray_widget/systray.py:473]: Re-sorting widgets
2025-10-08 11:14:13,242 [DEBUG] [MainThread] [systray_widget/systray.py:495]: Updating current state
2025-10-08 12:05:19,110 [INFO] [MainThread] [root/bar_manager.py:83]: Stopping SystemEventListener...
2025-10-08 12:05:19,129 [INFO] [MainThread] [root/bar_manager.py:83]: Stopping WindowsNotificationEventListener...
2025-10-08 12:05:19,129 [INFO] [MainThread] [root/bar_manager.py:83]: Stopping KomorebiEventListener...
2025-10-08 12:05:19,147 [DEBUG] [MainThread] [systray_widget/systray.py:495]: Updating current state
2025-10-08 12:05:19,153 [DEBUG] [MainThread] [systray_widget/systray.py:513]: Saving state to disk
2025-10-08 12:05:19,161 [DEBUG] [MainThread] [systray_widget/systray.py:517]: Saving state to C:\Users\renat\AppData\Local\YASB\systray_state_CHIMEIINNOLUXCORPORATIONDISPLAY1.json
2025-10-08 12:07:27,894 [INFO] [MainThread] [root/log.py:59]: YASB v1.8.2
2025-10-08 12:07:27,898 [INFO] [Thread-1 (_run_server)] [cli_server/cli_server.py:212]: CLI server started v1.1.2
2025-10-08 12:07:27,898 [INFO] [MainThread] [cli_server/cli_server.py:104]: Log pipe server started
2025-10-08 12:07:29,418 [DEBUG] [MainThread] [comtypes/__init__.py:149]: CoInitializeEx(None, 2)
2025-10-08 12:07:30,866 [DEBUG] [MainThread] [tzlocal/win32.py:55]: Looking up time zone info from registry
2025-10-08 12:07:37,091 [INFO] [MainThread] [root/bar_manager.py:76]: Starting WindowsNotificationEventListener...
2025-10-08 12:07:37,118 [INFO] [MainThread] [root/bar_manager.py:76]: Starting KomorebiEventListener...
2025-10-08 12:07:37,118 [INFO] [MainThread] [root/bar_manager.py:76]: Starting SystemEventListener...
2025-10-08 12:07:37,118 [INFO] [MainThread] [root/watcher.py:54]: Created file watcher for path C:\Users\renat\.config\yasb
2025-10-08 12:07:37,118 [INFO] [Dummy-5] [root/event_listener.py:51]: Created named pipe yasb-869fe38b-a458-11f0-b308-dc45465b95c7
2025-10-08 12:07:37,182 [DEBUG] [MainThread] [qasync._windows._EventPoller/_windows.py:215]: Starting (proactor: <_IocpProactor overlapped#=0 result#=0>)...
2025-10-08 12:07:37,182 [DEBUG] [Dummy-9] [qasync._windows._EventWorker/_windows.py:195]: Thread started
2025-10-08 12:07:37,182 [DEBUG] [MainThread] [systray_widget/systray.py:535]: Loading state from C:\Users\renat\AppData\Local\YASB\systray_state_LGELECTRONICSLGFHD283841.json
2025-10-08 12:07:37,228 [DEBUG] [TaskbarService] [systray_widget/systray.py:72]: TaskbarService thread is starting...
2025-10-08 12:07:37,229 [DEBUG] [TrayMonitor] [systray_widget/systray.py:58]: Systray thread is starting...
2025-10-08 12:07:37,229 [DEBUG] [TaskbarService] [root/tasks_service.py:75]: Found yasb systray hwnd: 67220
2025-10-08 12:07:37,229 [DEBUG] [TaskbarService] [systray_widget/tasks_service.py:81]: Adding TaskbandHWND prop to hwnd 67220
2025-10-08 12:07:39,749 [DEBUG] [MainThread] [systray_widget/systray.py:285]: Systray thread started
2025-10-08 12:07:40,007 [DEBUG] [TaskbarService] [systray_widget/tasks_service.py:81]: Adding TaskbandHWND prop to hwnd 67220
2025-10-08 12:07:40,007 [DEBUG] [TrayMonitor] [systray_widget/tray_monitor.py:228]: Finding real tray hwnd
2025-10-08 12:07:40,030 [DEBUG] [MainThread] [systray_widget/tray_monitor.py:154]: Sending TaskbarCreated message: 49271
2025-10-08 12:07:41,047 [DEBUG] [MainThread] [systray_widget/systray.py:473]: Re-sorting widgets
2025-10-08 12:07:41,047 [DEBUG] [MainThread] [systray_widget/systray.py:495]: Updating current state
2025-10-08 12:07:49,085 [DEBUG] [MainThread] [systray_widget/systray.py:473]: Re-sorting widgets
2025-10-08 12:07:49,085 [DEBUG] [MainThread] [systray_widget/systray.py:495]: Updating current state
2025-10-08 12:08:27,682 [DEBUG] [MainThread] [systray_widget/systray.py:473]: Re-sorting widgets
2025-10-08 12:08:27,682 [DEBUG] [MainThread] [systray_widget/systray.py:495]: Updating current state
2025-10-08 12:08:29,156 [ERROR] [TrayMonitor] [root/app_icons.py:170]: GetIconInfo failed: 0
2025-10-08 12:08:30,094 [DEBUG] [MainThread] [systray_widget/systray.py:473]: Re-sorting widgets
2025-10-08 12:08:30,094 [DEBUG] [MainThread] [systray_widget/systray.py:495]: Updating current state
2025-10-08 12:13:48,656 [DEBUG] [MainThread] [systray_widget/systray.py:473]: Re-sorting widgets
2025-10-08 12:13:48,656 [DEBUG] [MainThread] [systray_widget/systray.py:495]: Updating current state
2025-10-08 12:24:08,519 [DEBUG] [MainThread] [systray_widget/systray.py:473]: Re-sorting widgets
2025-10-08 12:24:08,519 [DEBUG] [MainThread] [systray_widget/systray.py:495]: Updating current state
2025-10-08 14:04:27,072 [DEBUG] [MainThread] [systray_widget/systray.py:473]: Re-sorting widgets
2025-10-08 14:04:27,074 [DEBUG] [MainThread] [systray_widget/systray.py:495]: Updating current state
2025-10-08 15:22:39,551 [INFO] [MainThread] [root/bar.py:147]: Screen geometry changed. Updating position for bar (primary-bar_LG FHD_8693cb21)
2025-10-08 16:16:00,516 [INFO] [MainThread] [root/bar_manager.py:83]: Stopping WindowsNotificationEventListener...
2025-10-08 16:16:00,518 [INFO] [MainThread] [root/bar_manager.py:83]: Stopping KomorebiEventListener...
2025-10-08 16:16:00,518 [INFO] [MainThread] [root/bar_manager.py:83]: Stopping SystemEventListener...
2025-10-08 16:16:00,528 [DEBUG] [MainThread] [systray_widget/systray.py:495]: Updating current state
2025-10-08 16:16:00,528 [DEBUG] [MainThread] [systray_widget/systray.py:513]: Saving state to disk
2025-10-08 16:16:00,536 [DEBUG] [MainThread] [systray_widget/systray.py:517]: Saving state to C:\Users\renat\AppData\Local\YASB\systray_state_LGELECTRONICSLGFHD283841.json
2025-10-08 16:18:07,635 [INFO] [MainThread] [root/log.py:59]: YASB v1.8.2
2025-10-08 16:18:07,651 [INFO] [Thread-1 (_run_server)] [cli_server/cli_server.py:212]: CLI server started v1.1.2
2025-10-08 16:18:07,757 [INFO] [MainThread] [cli_server/cli_server.py:104]: Log pipe server started
2025-10-08 16:18:11,241 [DEBUG] [MainThread] [comtypes/__init__.py:149]: CoInitializeEx(None, 2)
2025-10-08 16:18:13,664 [DEBUG] [MainThread] [tzlocal/win32.py:55]: Looking up time zone info from registry
2025-10-08 16:18:20,357 [INFO] [MainThread] [root/bar_manager.py:76]: Starting SystemEventListener...
2025-10-08 16:18:20,357 [INFO] [MainThread] [root/bar_manager.py:76]: Starting KomorebiEventListener...
2025-10-08 16:18:20,357 [INFO] [MainThread] [root/bar_manager.py:76]: Starting WindowsNotificationEventListener...
2025-10-08 16:18:20,359 [INFO] [Dummy-3] [root/event_listener.py:51]: Created named pipe yasb-8d17f128-a47b-11f0-b23f-dc45465b95c4
2025-10-08 16:18:20,359 [INFO] [MainThread] [root/watcher.py:54]: Created file watcher for path C:\Users\renat\.config\yasb
2025-10-08 16:18:20,434 [DEBUG] [MainThread] [qasync._windows._EventPoller/_windows.py:215]: Starting (proactor: <_IocpProactor overlapped#=0 result#=0>)...
2025-10-08 16:18:20,439 [DEBUG] [Dummy-9] [qasync._windows._EventWorker/_windows.py:195]: Thread started
2025-10-08 16:18:20,439 [DEBUG] [MainThread] [systray_widget/systray.py:535]: Loading state from C:\Users\renat\AppData\Local\YASB\systray_state_CHIMEIINNOLUXCORPORATIONDISPLAY1.json
2025-10-08 16:18:20,489 [DEBUG] [TrayMonitor] [systray_widget/systray.py:58]: Systray thread is starting...
2025-10-08 16:18:20,489 [DEBUG] [TaskbarService] [systray_widget/systray.py:72]: TaskbarService thread is starting...
2025-10-08 16:18:20,493 [DEBUG] [TaskbarService] [root/tasks_service.py:75]: Found yasb systray hwnd: 67384
2025-10-08 16:18:20,495 [DEBUG] [TaskbarService] [systray_widget/tasks_service.py:81]: Adding TaskbandHWND prop to hwnd 67384
2025-10-08 16:18:20,824 [DEBUG] [TrayMonitor] [systray_widget/tray_monitor.py:228]: Finding real tray hwnd
2025-10-08 16:18:24,016 [DEBUG] [MainThread] [systray_widget/systray.py:285]: Systray thread started
2025-10-08 16:18:24,216 [DEBUG] [TaskbarService] [systray_widget/tasks_service.py:81]: Adding TaskbandHWND prop to hwnd 67384
2025-10-08 16:18:24,238 [DEBUG] [MainThread] [systray_widget/tray_monitor.py:154]: Sending TaskbarCreated message: 49260
2025-10-08 16:18:25,257 [DEBUG] [MainThread] [systray_widget/systray.py:473]: Re-sorting widgets
2025-10-08 16:18:25,258 [DEBUG] [MainThread] [systray_widget/systray.py:495]: Updating current state
2025-10-08 16:18:29,164 [DEBUG] [MainThread] [systray_widget/systray.py:473]: Re-sorting widgets
2025-10-08 16:18:29,164 [DEBUG] [MainThread] [systray_widget/systray.py:495]: Updating current state
2025-10-08 16:18:38,888 [DEBUG] [MainThread] [systray_widget/systray.py:473]: Re-sorting widgets
2025-10-08 16:18:38,889 [DEBUG] [MainThread] [systray_widget/systray.py:495]: Updating current state
2025-10-08 16:18:40,628 [DEBUG] [MainThread] [systray_widget/systray.py:473]: Re-sorting widgets
2025-10-08 16:18:40,628 [DEBUG] [MainThread] [systray_widget/systray.py:495]: Updating current state
2025-10-08 16:18:55,347 [ERROR] [TrayMonitor] [root/app_icons.py:170]: GetIconInfo failed: 0
2025-10-08 16:18:55,358 [ERROR] [TrayMonitor] [root/app_icons.py:170]: GetIconInfo failed: 0
2025-10-08 16:18:56,347 [DEBUG] [MainThread] [systray_widget/systray.py:473]: Re-sorting widgets
2025-10-08 16:18:56,347 [DEBUG] [MainThread] [systray_widget/systray.py:495]: Updating current state
2025-10-08 16:20:04,052 [INFO] [MainThread] [root/bar.py:147]: Screen geometry changed. Updating position for bar (primary-bar_DISPLAY1_1d1b5405)
2025-10-08 16:20:19,190 [DEBUG] [MainThread] [systray_widget/systray.py:473]: Re-sorting widgets
2025-10-08 16:20:19,190 [DEBUG] [MainThread] [systray_widget/systray.py:495]: Updating current state
2025-10-08 16:21:14,452 [DEBUG] [MainThread] [systray_widget/systray.py:473]: Re-sorting widgets
2025-10-08 16:21:14,453 [DEBUG] [MainThread] [systray_widget/systray.py:495]: Updating current state
2025-10-08 16:21:27,492 [DEBUG] [MainThread] [systray_widget/systray.py:473]: Re-sorting widgets
2025-10-08 16:21:27,492 [DEBUG] [MainThread] [systray_widget/systray.py:495]: Updating current state
2025-10-08 16:21:42,069 [ERROR] [TrayMonitor] [root/app_icons.py:170]: GetIconInfo failed: 0
2025-10-08 16:21:42,925 [DEBUG] [MainThread] [systray_widget/systray.py:473]: Re-sorting widgets
2025-10-08 16:21:42,926 [DEBUG] [MainThread] [systray_widget/systray.py:495]: Updating current state
2025-10-08 16:26:59,990 [DEBUG] [MainThread] [systray_widget/systray.py:473]: Re-sorting widgets
2025-10-08 16:26:59,990 [DEBUG] [MainThread] [systray_widget/systray.py:495]: Updating current state
2025-10-08 16:31:00,347 [DEBUG] [MainThread] [systray_widget/systray.py:473]: Re-sorting widgets
2025-10-08 16:31:00,348 [DEBUG] [MainThread] [systray_widget/systray.py:495]: Updating current state
2025-10-08 16:31:01,752 [DEBUG] [MainThread] [systray_widget/systray.py:473]: Re-sorting widgets
2025-10-08 16:31:01,752 [DEBUG] [MainThread] [systray_widget/systray.py:495]: Updating current state
2025-10-08 16:31:03,765 [DEBUG] [MainThread] [systray_widget/systray.py:473]: Re-sorting widgets
2025-10-08 16:31:03,765 [DEBUG] [MainThread] [systray_widget/systray.py:495]: Updating current state
2025-10-08 16:46:09,212 [DEBUG] [MainThread] [systray_widget/systray.py:473]: Re-sorting widgets
2025-10-08 16:46:09,212 [DEBUG] [MainThread] [systray_widget/systray.py:495]: Updating current state
2025-10-08 17:08:33,743 [DEBUG] [MainThread] [systray_widget/systray.py:473]: Re-sorting widgets
2025-10-08 17:08:33,743 [DEBUG] [MainThread] [systray_widget/systray.py:495]: Updating current state
2025-10-08 17:19:36,561 [DEBUG] [MainThread] [systray_widget/systray.py:473]: Re-sorting widgets
2025-10-08 17:19:36,561 [DEBUG] [MainThread] [systray_widget/systray.py:495]: Updating current state
2025-10-08 17:19:37,825 [DEBUG] [MainThread] [systray_widget/systray.py:473]: Re-sorting widgets
2025-10-08 17:19:37,825 [DEBUG] [MainThread] [systray_widget/systray.py:495]: Updating current state
2025-10-08 17:28:23,561 [INFO] [MainThread] [root/bar.py:147]: Screen geometry changed. Updating position for bar (primary-bar_DISPLAY1_1d1b5405)
2025-10-08 18:49:16,411 [DEBUG] [MainThread] [systray_widget/systray.py:473]: Re-sorting widgets
2025-10-08 18:49:16,411 [DEBUG] [MainThread] [systray_widget/systray.py:495]: Updating current state
2025-10-08 18:51:14,099 [DEBUG] [MainThread] [systray_widget/systray.py:473]: Re-sorting widgets
2025-10-08 18:51:14,099 [DEBUG] [MainThread] [systray_widget/systray.py:495]: Updating current state
2025-10-08 18:53:24,787 [DEBUG] [MainThread] [systray_widget/systray.py:473]: Re-sorting widgets
2025-10-08 18:53:24,787 [DEBUG] [MainThread] [systray_widget/systray.py:495]: Updating current state
2025-10-08 18:57:07,987 [DEBUG] [MainThread] [systray_widget/systray.py:473]: Re-sorting widgets
2025-10-08 18:57:07,987 [DEBUG] [MainThread] [systray_widget/systray.py:495]: Updating current state
2025-10-08 19:06:06,183 [DEBUG] [MainThread] [systray_widget/systray.py:473]: Re-sorting widgets
2025-10-08 19:06:06,183 [DEBUG] [MainThread] [systray_widget/systray.py:495]: Updating current state
2025-10-08 19:09:06,192 [DEBUG] [MainThread] [systray_widget/systray.py:473]: Re-sorting widgets
2025-10-08 19:09:06,192 [DEBUG] [MainThread] [systray_widget/systray.py:495]: Updating current state
2025-10-08 19:09:43,864 [DEBUG] [MainThread] [systray_widget/systray.py:473]: Re-sorting widgets
2025-10-08 19:09:43,865 [DEBUG] [MainThread] [systray_widget/systray.py:495]: Updating current state
2025-10-08 19:10:51,048 [DEBUG] [MainThread] [systray_widget/systray.py:473]: Re-sorting widgets
2025-10-08 19:10:51,049 [DEBUG] [MainThread] [systray_widget/systray.py:495]: Updating current state
2025-10-08 19:11:54,674 [DEBUG] [MainThread] [systray_widget/systray.py:473]: Re-sorting widgets
2025-10-08 19:11:54,676 [DEBUG] [MainThread] [systray_widget/systray.py:495]: Updating current state
2025-10-09 11:42:52,734 [DEBUG] [MainThread] [systray_widget/systray.py:473]: Re-sorting widgets
2025-10-09 11:42:52,734 [DEBUG] [MainThread] [systray_widget/systray.py:495]: Updating current state
2025-10-09 11:42:54,998 [INFO] [MainThread] [root/bar.py:147]: Screen geometry changed. Updating position for bar (primary-bar_DISPLAY1_1d1b5405)
2025-10-09 11:42:58,540 [DEBUG] [MainThread] [systray_widget/systray.py:473]: Re-sorting widgets
2025-10-09 11:42:58,540 [DEBUG] [MainThread] [systray_widget/systray.py:495]: Updating current state
2025-10-09 11:42:59,791 [DEBUG] [MainThread] [systray_widget/systray.py:473]: Re-sorting widgets
2025-10-09 11:42:59,791 [DEBUG] [MainThread] [systray_widget/systray.py:495]: Updating current state
2025-10-09 11:43:33,266 [DEBUG] [MainThread] [systray_widget/systray.py:473]: Re-sorting widgets
2025-10-09 11:43:33,266 [DEBUG] [MainThread] [systray_widget/systray.py:495]: Updating current state
2025-10-09 11:43:39,480 [DEBUG] [MainThread] [systray_widget/systray.py:473]: Re-sorting widgets
2025-10-09 11:43:39,480 [DEBUG] [MainThread] [systray_widget/systray.py:495]: Updating current state
2025-10-09 11:43:40,913 [DEBUG] [MainThread] [systray_widget/systray.py:473]: Re-sorting widgets
2025-10-09 11:43:40,913 [DEBUG] [MainThread] [systray_widget/systray.py:495]: Updating current state
2025-10-09 11:44:33,745 [DEBUG] [MainThread] [systray_widget/systray.py:473]: Re-sorting widgets
2025-10-09 11:44:33,746 [DEBUG] [MainThread] [systray_widget/systray.py:495]: Updating current state
2025-10-09 11:44:36,643 [DEBUG] [MainThread] [systray_widget/systray.py:473]: Re-sorting widgets
2025-10-09 11:44:36,643 [DEBUG] [MainThread] [systray_widget/systray.py:495]: Updating current state
2025-10-09 11:44:39,832 [DEBUG] [MainThread] [systray_widget/systray.py:473]: Re-sorting widgets
2025-10-09 11:44:39,832 [DEBUG] [MainThread] [systray_widget/systray.py:495]: Updating current state
2025-10-09 11:46:46,828 [ERROR] [TrayMonitor] [root/app_icons.py:170]: GetIconInfo failed: 0
2025-10-09 11:46:47,753 [DEBUG] [MainThread] [systray_widget/systray.py:473]: Re-sorting widgets
2025-10-09 11:46:47,753 [DEBUG] [MainThread] [systray_widget/systray.py:495]: Updating current state
2025-10-09 17:22:29,743 [DEBUG] [MainThread] [systray_widget/systray.py:473]: Re-sorting widgets
2025-10-09 17:22:29,759 [DEBUG] [MainThread] [systray_widget/systray.py:495]: Updating current state
2025-10-09 17:31:51,867 [DEBUG] [MainThread] [systray_widget/systray.py:473]: Re-sorting widgets
2025-10-09 17:31:51,870 [DEBUG] [MainThread] [systray_widget/systray.py:495]: Updating current state
2025-10-09 17:34:23,974 [DEBUG] [MainThread] [systray_widget/systray.py:473]: Re-sorting widgets
2025-10-09 17:34:23,974 [DEBUG] [MainThread] [systray_widget/systray.py:495]: Updating current state
2025-10-09 17:35:07,865 [DEBUG] [MainThread] [systray_widget/systray.py:473]: Re-sorting widgets
2025-10-09 17:35:07,865 [DEBUG] [MainThread] [systray_widget/systray.py:495]: Updating current state
2025-10-09 17:39:22,799 [DEBUG] [MainThread] [systray_widget/systray.py:473]: Re-sorting widgets
2025-10-09 17:39:22,801 [DEBUG] [MainThread] [systray_widget/systray.py:495]: Updating current state
2025-10-09 17:55:32,201 [DEBUG] [MainThread] [systray_widget/systray.py:473]: Re-sorting widgets
2025-10-09 17:55:32,208 [DEBUG] [MainThread] [systray_widget/systray.py:495]: Updating current state
2025-10-09 18:11:42,631 [DEBUG] [MainThread] [systray_widget/systray.py:473]: Re-sorting widgets
2025-10-09 18:11:42,634 [DEBUG] [MainThread] [systray_widget/systray.py:495]: Updating current state
2025-10-09 18:11:52,616 [DEBUG] [MainThread] [systray_widget/systray.py:473]: Re-sorting widgets
2025-10-09 18:11:52,618 [DEBUG] [MainThread] [systray_widget/systray.py:495]: Updating current state
2025-10-09 18:12:01,130 [DEBUG] [MainThread] [systray_widget/systray.py:473]: Re-sorting widgets
2025-10-09 18:12:01,130 [DEBUG] [MainThread] [systray_widget/systray.py:495]: Updating current state
2025-10-09 18:18:15,097 [DEBUG] [MainThread] [systray_widget/systray.py:473]: Re-sorting widgets
2025-10-09 18:18:15,100 [DEBUG] [MainThread] [systray_widget/systray.py:495]: Updating current state
2025-10-09 18:38:29,265 [DEBUG] [MainThread] [systray_widget/systray.py:473]: Re-sorting widgets
2025-10-09 18:38:29,266 [DEBUG] [MainThread] [systray_widget/systray.py:495]: Updating current state
2025-10-09 19:07:26,662 [DEBUG] [MainThread] [systray_widget/systray.py:473]: Re-sorting widgets
2025-10-09 19:07:26,674 [DEBUG] [MainThread] [systray_widget/systray.py:495]: Updating current state
2025-10-09 19:07:49,281 [DEBUG] [MainThread] [systray_widget/systray.py:473]: Re-sorting widgets
2025-10-09 19:07:49,281 [DEBUG] [MainThread] [systray_widget/systray.py:495]: Updating current state
2025-10-09 19:08:28,159 [DEBUG] [MainThread] [systray_widget/systray.py:473]: Re-sorting widgets
2025-10-09 19:08:28,160 [DEBUG] [MainThread] [systray_widget/systray.py:495]: Updating current state
2025-10-09 19:10:35,232 [DEBUG] [MainThread] [systray_widget/systray.py:473]: Re-sorting widgets
2025-10-09 19:10:35,232 [DEBUG] [MainThread] [systray_widget/systray.py:495]: Updating current state
2025-10-09 19:12:50,843 [DEBUG] [MainThread] [systray_widget/systray.py:473]: Re-sorting widgets
2025-10-09 19:12:50,844 [DEBUG] [MainThread] [systray_widget/systray.py:495]: Updating current state
2025-10-09 19:13:43,129 [DEBUG] [MainThread] [systray_widget/systray.py:473]: Re-sorting widgets
2025-10-09 19:13:43,129 [DEBUG] [MainThread] [systray_widget/systray.py:495]: Updating current state
2025-10-09 19:14:03,949 [DEBUG] [MainThread] [systray_widget/systray.py:473]: Re-sorting widgets
2025-10-09 19:14:03,950 [DEBUG] [MainThread] [systray_widget/systray.py:495]: Updating current state
2025-10-09 19:14:50,528 [DEBUG] [MainThread] [systray_widget/systray.py:473]: Re-sorting widgets
2025-10-09 19:14:50,528 [DEBUG] [MainThread] [systray_widget/systray.py:495]: Updating current state
2025-10-09 19:17:13,728 [DEBUG] [MainThread] [systray_widget/systray.py:473]: Re-sorting widgets
2025-10-09 19:17:13,751 [DEBUG] [MainThread] [systray_widget/systray.py:495]: Updating current state
2025-10-09 19:19:27,164 [DEBUG] [MainThread] [systray_widget/systray.py:473]: Re-sorting widgets
2025-10-09 19:19:27,164 [DEBUG] [MainThread] [systray_widget/systray.py:495]: Updating current state
2025-10-09 19:24:19,166 [DEBUG] [MainThread] [systray_widget/systray.py:473]: Re-sorting widgets
2025-10-09 19:24:19,166 [DEBUG] [MainThread] [systray_widget/systray.py:495]: Updating current state
2025-10-09 19:31:21,894 [DEBUG] [MainThread] [systray_widget/systray.py:473]: Re-sorting widgets
2025-10-09 19:31:21,895 [DEBUG] [MainThread] [systray_widget/systray.py:495]: Updating current state
2025-10-09 19:33:28,026 [DEBUG] [MainThread] [systray_widget/systray.py:473]: Re-sorting widgets
2025-10-09 19:33:28,026 [DEBUG] [MainThread] [systray_widget/systray.py:495]: Updating current state
2025-10-09 19:33:30,379 [DEBUG] [MainThread] [systray_widget/systray.py:473]: Re-sorting widgets
2025-10-09 19:33:30,380 [DEBUG] [MainThread] [systray_widget/systray.py:495]: Updating current state
2025-10-09 19:34:26,474 [DEBUG] [MainThread] [systray_widget/systray.py:473]: Re-sorting widgets
2025-10-09 19:34:26,475 [DEBUG] [MainThread] [systray_widget/systray.py:495]: Updating current state
2025-10-09 19:35:32,825 [DEBUG] [MainThread] [systray_widget/systray.py:473]: Re-sorting widgets
2025-10-09 19:35:32,825 [DEBUG] [MainThread] [systray_widget/systray.py:495]: Updating current state
2025-10-09 19:39:15,358 [DEBUG] [MainThread] [systray_widget/systray.py:473]: Re-sorting widgets
2025-10-09 19:39:15,358 [DEBUG] [MainThread] [systray_widget/systray.py:495]: Updating current state
2025-10-09 19:39:24,325 [DEBUG] [MainThread] [systray_widget/systray.py:473]: Re-sorting widgets
2025-10-09 19:39:24,325 [DEBUG] [MainThread] [systray_widget/systray.py:495]: Updating current state
2025-10-09 19:40:44,639 [DEBUG] [MainThread] [systray_widget/systray.py:473]: Re-sorting widgets
2025-10-09 19:40:44,641 [DEBUG] [MainThread] [systray_widget/systray.py:495]: Updating current state
2025-10-09 19:41:45,124 [DEBUG] [MainThread] [systray_widget/systray.py:473]: Re-sorting widgets
2025-10-09 19:41:45,125 [DEBUG] [MainThread] [systray_widget/systray.py:495]: Updating current state
2025-10-09 19:42:51,969 [DEBUG] [MainThread] [systray_widget/systray.py:473]: Re-sorting widgets
2025-10-09 19:42:51,970 [DEBUG] [MainThread] [systray_widget/systray.py:495]: Updating current state
2025-10-09 19:45:30,592 [DEBUG] [MainThread] [systray_widget/systray.py:473]: Re-sorting widgets
2025-10-09 19:45:30,592 [DEBUG] [MainThread] [systray_widget/systray.py:495]: Updating current state
2025-10-09 19:47:26,302 [DEBUG] [MainThread] [systray_widget/systray.py:473]: Re-sorting widgets
2025-10-09 19:47:26,303 [DEBUG] [MainThread] [systray_widget/systray.py:495]: Updating current state
2025-10-09 19:48:27,808 [DEBUG] [MainThread] [systray_widget/systray.py:473]: Re-sorting widgets
2025-10-09 19:48:27,808 [DEBUG] [MainThread] [systray_widget/systray.py:495]: Updating current state
2025-10-09 19:55:43,143 [DEBUG] [MainThread] [systray_widget/systray.py:473]: Re-sorting widgets
2025-10-09 19:55:43,144 [DEBUG] [MainThread] [systray_widget/systray.py:495]: Updating current state
2025-10-09 19:56:09,530 [DEBUG] [MainThread] [systray_widget/systray.py:473]: Re-sorting widgets
2025-10-09 19:56:09,530 [DEBUG] [MainThread] [systray_widget/systray.py:495]: Updating current state
2025-10-09 20:06:12,912 [DEBUG] [MainThread] [systray_widget/systray.py:473]: Re-sorting widgets
2025-10-09 20:06:12,914 [DEBUG] [MainThread] [systray_widget/systray.py:495]: Updating current state
2025-10-09 20:07:13,303 [DEBUG] [MainThread] [systray_widget/systray.py:473]: Re-sorting widgets
2025-10-09 20:07:13,303 [DEBUG] [MainThread] [systray_widget/systray.py:495]: Updating current state
2025-10-09 20:07:58,787 [DEBUG] [MainThread] [systray_widget/systray.py:473]: Re-sorting widgets
2025-10-09 20:07:58,788 [DEBUG] [MainThread] [systray_widget/systray.py:495]: Updating current state
2025-10-09 20:08:07,224 [DEBUG] [MainThread] [systray_widget/systray.py:473]: Re-sorting widgets
2025-10-09 20:08:07,224 [DEBUG] [MainThread] [systray_widget/systray.py:495]: Updating current state
2025-10-09 20:08:29,617 [DEBUG] [MainThread] [systray_widget/systray.py:473]: Re-sorting widgets
2025-10-09 20:08:29,618 [DEBUG] [MainThread] [systray_widget/systray.py:495]: Updating current state
2025-10-09 20:08:53,991 [DEBUG] [MainThread] [systray_widget/systray.py:473]: Re-sorting widgets
2025-10-09 20:08:53,991 [DEBUG] [MainThread] [systray_widget/systray.py:495]: Updating current state
2025-10-09 20:09:25,623 [DEBUG] [MainThread] [systray_widget/systray.py:473]: Re-sorting widgets
2025-10-09 20:09:25,623 [DEBUG] [MainThread] [systray_widget/systray.py:495]: Updating current state
2025-10-09 20:10:10,534 [DEBUG] [MainThread] [systray_widget/systray.py:473]: Re-sorting widgets
2025-10-09 20:10:10,534 [DEBUG] [MainThread] [systray_widget/systray.py:495]: Updating current state
2025-10-09 20:10:17,241 [DEBUG] [MainThread] [systray_widget/systray.py:473]: Re-sorting widgets
2025-10-09 20:10:17,241 [DEBUG] [MainThread] [systray_widget/systray.py:495]: Updating current state
2025-10-09 20:11:25,071 [DEBUG] [MainThread] [systray_widget/systray.py:473]: Re-sorting widgets
2025-10-09 20:11:25,071 [DEBUG] [MainThread] [systray_widget/systray.py:495]: Updating current state
2025-10-09 20:12:42,800 [DEBUG] [MainThread] [systray_widget/systray.py:473]: Re-sorting widgets
2025-10-09 20:12:42,801 [DEBUG] [MainThread] [systray_widget/systray.py:495]: Updating current state
2025-10-09 20:14:46,661 [DEBUG] [MainThread] [systray_widget/systray.py:473]: Re-sorting widgets
2025-10-09 20:14:46,662 [DEBUG] [MainThread] [systray_widget/systray.py:495]: Updating current state
2025-10-09 20:17:57,880 [DEBUG] [MainThread] [systray_widget/systray.py:473]: Re-sorting widgets
2025-10-09 20:17:57,880 [DEBUG] [MainThread] [systray_widget/systray.py:495]: Updating current state
2025-10-09 20:18:35,070 [DEBUG] [MainThread] [systray_widget/systray.py:473]: Re-sorting widgets
2025-10-09 20:18:35,071 [DEBUG] [MainThread] [systray_widget/systray.py:495]: Updating current state
2025-10-09 20:25:11,637 [DEBUG] [MainThread] [systray_widget/systray.py:473]: Re-sorting widgets
2025-10-09 20:25:11,639 [DEBUG] [MainThread] [systray_widget/systray.py:495]: Updating current state
2025-10-09 20:28:38,015 [DEBUG] [MainThread] [systray_widget/systray.py:473]: Re-sorting widgets
2025-10-09 20:28:38,015 [DEBUG] [MainThread] [systray_widget/systray.py:495]: Updating current state
2025-10-09 20:28:44,955 [DEBUG] [MainThread] [systray_widget/systray.py:473]: Re-sorting widgets
2025-10-09 20:28:44,956 [DEBUG] [MainThread] [systray_widget/systray.py:495]: Updating current state
2025-10-09 20:28:55,402 [DEBUG] [MainThread] [systray_widget/systray.py:473]: Re-sorting widgets
2025-10-09 20:28:55,402 [DEBUG] [MainThread] [systray_widget/systray.py:495]: Updating current state
2025-10-09 20:35:44,690 [DEBUG] [MainThread] [systray_widget/systray.py:473]: Re-sorting widgets
2025-10-09 20:35:44,693 [DEBUG] [MainThread] [systray_widget/systray.py:495]: Updating current state
2025-10-09 20:42:36,176 [DEBUG] [MainThread] [systray_widget/systray.py:473]: Re-sorting widgets
2025-10-09 20:42:36,176 [DEBUG] [MainThread] [systray_widget/systray.py:495]: Updating current state
2025-10-09 20:43:38,235 [DEBUG] [MainThread] [systray_widget/systray.py:473]: Re-sorting widgets
2025-10-09 20:43:38,236 [DEBUG] [MainThread] [systray_widget/systray.py:495]: Updating current state
2025-10-09 20:44:31,162 [DEBUG] [MainThread] [systray_widget/systray.py:473]: Re-sorting widgets
2025-10-09 20:44:31,163 [DEBUG] [MainThread] [systray_widget/systray.py:495]: Updating current state
2025-10-10 09:23:07,084 [DEBUG] [MainThread] [systray_widget/systray.py:473]: Re-sorting widgets
2025-10-10 09:23:07,092 [DEBUG] [MainThread] [systray_widget/systray.py:495]: Updating current state
2025-10-10 09:23:27,246 [DEBUG] [MainThread] [systray_widget/systray.py:473]: Re-sorting widgets
2025-10-10 09:23:27,248 [DEBUG] [MainThread] [systray_widget/systray.py:495]: Updating current state
2025-10-10 09:24:19,119 [DEBUG] [MainThread] [systray_widget/systray.py:473]: Re-sorting widgets
2025-10-10 09:24:19,122 [DEBUG] [MainThread] [systray_widget/systray.py:495]: Updating current state
2025-10-10 09:24:21,326 [DEBUG] [MainThread] [systray_widget/systray.py:473]: Re-sorting widgets
2025-10-10 09:24:21,327 [DEBUG] [MainThread] [systray_widget/systray.py:495]: Updating current state
2025-10-10 09:27:34,837 [DEBUG] [MainThread] [systray_widget/systray.py:473]: Re-sorting widgets
2025-10-10 09:27:34,837 [DEBUG] [MainThread] [systray_widget/systray.py:495]: Updating current state
2025-10-10 09:27:36,632 [DEBUG] [MainThread] [systray_widget/systray.py:473]: Re-sorting widgets
2025-10-10 09:27:36,633 [DEBUG] [MainThread] [systray_widget/systray.py:495]: Updating current state
2025-10-10 10:08:06,562 [DEBUG] [MainThread] [systray_widget/systray.py:473]: Re-sorting widgets
2025-10-10 10:08:06,568 [DEBUG] [MainThread] [systray_widget/systray.py:495]: Updating current state
2025-10-10 10:08:35,222 [DEBUG] [MainThread] [systray_widget/systray.py:473]: Re-sorting widgets
2025-10-10 10:08:35,223 [DEBUG] [MainThread] [systray_widget/systray.py:495]: Updating current state
2025-10-10 10:12:42,048 [DEBUG] [MainThread] [systray_widget/systray.py:473]: Re-sorting widgets
2025-10-10 10:12:42,049 [DEBUG] [MainThread] [systray_widget/systray.py:495]: Updating current state
2025-10-10 10:13:28,738 [DEBUG] [MainThread] [systray_widget/systray.py:473]: Re-sorting widgets
2025-10-10 10:13:28,739 [DEBUG] [MainThread] [systray_widget/systray.py:495]: Updating current state
2025-10-10 10:13:43,465 [DEBUG] [MainThread] [systray_widget/systray.py:473]: Re-sorting widgets
2025-10-10 10:13:43,466 [DEBUG] [MainThread] [systray_widget/systray.py:495]: Updating current state
2025-10-10 10:16:15,941 [DEBUG] [MainThread] [systray_widget/systray.py:473]: Re-sorting widgets
2025-10-10 10:16:15,941 [DEBUG] [MainThread] [systray_widget/systray.py:495]: Updating current state
2025-10-10 11:00:58,439 [INFO] [MainThread] [root/bar.py:147]: Screen geometry changed. Updating position for bar (primary-bar_DISPLAY1_1d1b5405)
2025-10-10 11:38:06,981 [DEBUG] [MainThread] [systray_widget/systray.py:473]: Re-sorting widgets
2025-10-10 11:38:07,073 [DEBUG] [MainThread] [systray_widget/systray.py:495]: Updating current state
2025-10-10 11:38:07,115 [INFO] [MainThread] [root/bar.py:147]: Screen geometry changed. Updating position for bar (primary-bar_DISPLAY1_1d1b5405)
2025-10-10 11:45:42,761 [DEBUG] [MainThread] [systray_widget/systray.py:473]: Re-sorting widgets
2025-10-10 11:45:42,773 [DEBUG] [MainThread] [systray_widget/systray.py:495]: Updating current state
2025-10-10 11:45:45,154 [DEBUG] [MainThread] [systray_widget/systray.py:473]: Re-sorting widgets
2025-10-10 11:45:45,154 [DEBUG] [MainThread] [systray_widget/systray.py:495]: Updating current state
2025-10-10 14:00:40,585 [DEBUG] [MainThread] [systray_widget/systray.py:473]: Re-sorting widgets
2025-10-10 14:00:40,596 [DEBUG] [MainThread] [systray_widget/systray.py:495]: Updating current state
2025-10-10 14:00:41,838 [DEBUG] [MainThread] [systray_widget/systray.py:473]: Re-sorting widgets
2025-10-10 14:00:41,840 [DEBUG] [MainThread] [systray_widget/systray.py:495]: Updating current state
2025-10-10 14:00:50,147 [DEBUG] [MainThread] [systray_widget/systray.py:473]: Re-sorting widgets
2025-10-10 14:00:50,148 [DEBUG] [MainThread] [systray_widget/systray.py:495]: Updating current state
2025-10-10 14:00:52,242 [DEBUG] [MainThread] [systray_widget/systray.py:473]: Re-sorting widgets
2025-10-10 14:00:52,244 [DEBUG] [MainThread] [systray_widget/systray.py:495]: Updating current state
2025-10-10 14:57:11,533 [DEBUG] [MainThread] [systray_widget/systray.py:473]: Re-sorting widgets
2025-10-10 14:57:11,544 [DEBUG] [MainThread] [systray_widget/systray.py:495]: Updating current state
2025-10-10 17:54:25,429 [INFO] [MainThread] [root/bar.py:147]: Screen geometry changed. Updating position for bar (primary-bar_DISPLAY1_1d1b5405)
2025-10-10 17:54:43,255 [DEBUG] [MainThread] [systray_widget/systray.py:473]: Re-sorting widgets
2025-10-10 17:54:43,259 [DEBUG] [MainThread] [systray_widget/systray.py:495]: Updating current state
2025-10-10 18:00:48,301 [DEBUG] [MainThread] [systray_widget/systray.py:473]: Re-sorting widgets
2025-10-10 18:00:48,335 [DEBUG] [MainThread] [systray_widget/systray.py:495]: Updating current state
2025-10-10 18:11:23,847 [INFO] [MainThread] [root/bar.py:147]: Screen geometry changed. Updating position for bar (primary-bar_DISPLAY1_1d1b5405)
2025-10-10 18:11:32,323 [DEBUG] [MainThread] [systray_widget/systray.py:473]: Re-sorting widgets
2025-10-10 18:11:32,324 [DEBUG] [MainThread] [systray_widget/systray.py:495]: Updating current state
2025-10-10 18:52:02,821 [DEBUG] [MainThread] [systray_widget/systray.py:473]: Re-sorting widgets
2025-10-10 18:52:02,828 [DEBUG] [MainThread] [systray_widget/systray.py:495]: Updating current state
2025-10-10 18:53:25,834 [DEBUG] [MainThread] [systray_widget/systray.py:473]: Re-sorting widgets
2025-10-10 18:53:25,834 [DEBUG] [MainThread] [systray_widget/systray.py:495]: Updating current state
2025-10-10 19:04:15,003 [DEBUG] [MainThread] [systray_widget/systray.py:473]: Re-sorting widgets
2025-10-10 19:04:15,008 [DEBUG] [MainThread] [systray_widget/systray.py:495]: Updating current state
2025-10-13 11:08:57,383 [DEBUG] [MainThread] [systray_widget/systray.py:473]: Re-sorting widgets
2025-10-13 11:08:57,413 [DEBUG] [MainThread] [systray_widget/systray.py:495]: Updating current state
2025-10-13 11:19:34,956 [INFO] [MainThread] [root/bar.py:147]: Screen geometry changed. Updating position for bar (primary-bar_DISPLAY1_1d1b5405)
2025-10-13 11:20:03,072 [INFO] [MainThread] [root/bar_manager.py:83]: Stopping SystemEventListener...
2025-10-13 11:20:03,074 [INFO] [MainThread] [root/bar_manager.py:83]: Stopping KomorebiEventListener...
2025-10-13 11:20:03,075 [INFO] [MainThread] [root/bar_manager.py:83]: Stopping WindowsNotificationEventListener...
2025-10-13 11:20:03,120 [DEBUG] [MainThread] [systray_widget/systray.py:495]: Updating current state
2025-10-13 11:20:03,120 [DEBUG] [MainThread] [systray_widget/systray.py:513]: Saving state to disk
2025-10-13 11:20:03,155 [DEBUG] [MainThread] [systray_widget/systray.py:517]: Saving state to C:\Users\renat\AppData\Local\YASB\systray_state_CHIMEIINNOLUXCORPORATIONDISPLAY1.json
2025-10-13 11:22:03,638 [INFO] [MainThread] [root/log.py:59]: YASB v1.8.2
2025-10-13 11:22:03,638 [INFO] [Thread-1 (_run_server)] [cli_server/cli_server.py:212]: CLI server started v1.1.2
2025-10-13 11:22:03,638 [INFO] [MainThread] [cli_server/cli_server.py:104]: Log pipe server started
2025-10-13 11:22:04,271 [DEBUG] [MainThread] [comtypes/__init__.py:149]: CoInitializeEx(None, 2)
2025-10-13 11:22:05,632 [DEBUG] [MainThread] [tzlocal/win32.py:55]: Looking up time zone info from registry
2025-10-13 11:22:14,110 [INFO] [MainThread] [root/bar_manager.py:76]: Starting SystemEventListener...
2025-10-13 11:22:14,115 [INFO] [MainThread] [root/bar_manager.py:76]: Starting WindowsNotificationEventListener...
2025-10-13 11:22:14,115 [INFO] [MainThread] [root/bar_manager.py:76]: Starting KomorebiEventListener...
2025-10-13 11:22:14,117 [INFO] [MainThread] [root/watcher.py:54]: Created file watcher for path C:\Users\renat\.config\yasb
2025-10-13 11:22:14,117 [INFO] [Dummy-5] [root/event_listener.py:51]: Created named pipe yasb-03a73b32-a840-11f0-a74d-dc45465b95c7
2025-10-13 11:22:14,189 [DEBUG] [MainThread] [qasync._windows._EventPoller/_windows.py:215]: Starting (proactor: <_IocpProactor overlapped#=0 result#=0>)...
2025-10-13 11:22:14,193 [DEBUG] [Dummy-9] [qasync._windows._EventWorker/_windows.py:195]: Thread started
2025-10-13 11:22:14,195 [DEBUG] [MainThread] [systray_widget/systray.py:535]: Loading state from C:\Users\renat\AppData\Local\YASB\systray_state_CHIMEIINNOLUXCORPORATIONDISPLAY1.json
2025-10-13 11:22:14,233 [DEBUG] [TaskbarService] [systray_widget/systray.py:72]: TaskbarService thread is starting...
2025-10-13 11:22:14,233 [DEBUG] [TrayMonitor] [systray_widget/systray.py:58]: Systray thread is starting...
2025-10-13 11:22:14,244 [DEBUG] [TaskbarService] [root/tasks_service.py:75]: Found yasb systray hwnd: 67180
2025-10-13 11:22:14,244 [DEBUG] [TaskbarService] [systray_widget/tasks_service.py:81]: Adding TaskbandHWND prop to hwnd 67180
2025-10-13 11:22:14,746 [DEBUG] [TrayMonitor] [systray_widget/tray_monitor.py:228]: Finding real tray hwnd
2025-10-13 11:22:16,490 [ERROR] [TrayMonitor] [root/app_icons.py:170]: GetIconInfo failed: 0
2025-10-13 11:22:16,495 [ERROR] [TrayMonitor] [root/app_icons.py:170]: GetIconInfo failed: 0
2025-10-13 11:22:16,810 [DEBUG] [MainThread] [systray_widget/systray.py:285]: Systray thread started
2025-10-13 11:22:17,012 [DEBUG] [TaskbarService] [systray_widget/tasks_service.py:81]: Adding TaskbandHWND prop to hwnd 67180
2025-10-13 11:22:17,071 [DEBUG] [MainThread] [systray_widget/tray_monitor.py:154]: Sending TaskbarCreated message: 49260
2025-10-13 11:22:18,095 [DEBUG] [MainThread] [systray_widget/systray.py:473]: Re-sorting widgets
2025-10-13 11:22:18,097 [DEBUG] [MainThread] [systray_widget/systray.py:495]: Updating current state
2025-10-13 11:22:19,882 [DEBUG] [MainThread] [systray_widget/systray.py:473]: Re-sorting widgets
2025-10-13 11:22:19,882 [DEBUG] [MainThread] [systray_widget/systray.py:495]: Updating current state
2025-10-13 11:22:26,141 [DEBUG] [MainThread] [systray_widget/systray.py:473]: Re-sorting widgets
2025-10-13 11:22:26,142 [DEBUG] [MainThread] [systray_widget/systray.py:495]: Updating current state
2025-10-13 11:23:56,080 [DEBUG] [MainThread] [systray_widget/systray.py:473]: Re-sorting widgets
2025-10-13 11:23:56,080 [DEBUG] [MainThread] [systray_widget/systray.py:495]: Updating current state
2025-10-13 11:24:09,547 [DEBUG] [MainThread] [systray_widget/systray.py:473]: Re-sorting widgets
2025-10-13 11:24:09,548 [DEBUG] [MainThread] [systray_widget/systray.py:495]: Updating current state
2025-10-13 11:24:26,169 [ERROR] [TrayMonitor] [root/app_icons.py:170]: GetIconInfo failed: 0
2025-10-13 11:24:27,100 [DEBUG] [MainThread] [systray_widget/systray.py:473]: Re-sorting widgets
2025-10-13 11:24:27,100 [DEBUG] [MainThread] [systray_widget/systray.py:495]: Updating current state
2025-10-13 11:29:32,748 [DEBUG] [MainThread] [systray_widget/systray.py:473]: Re-sorting widgets
2025-10-13 11:29:32,748 [DEBUG] [MainThread] [systray_widget/systray.py:495]: Updating current state
2025-10-13 11:44:13,348 [INFO] [MainThread] [root/controller.py:35]: Exiting Application from tray...
2025-10-13 11:44:13,459 [INFO] [MainThread] [cli_server/cli_server.py:112]: Log pipe server stopped
2025-10-13 11:44:13,459 [DEBUG] [MainThread] [cli_server/cli_server.py:206]: CLI server stopped
2025-10-13 11:44:13,459 [INFO] [MainThread] [root/bar_manager.py:83]: Stopping SystemEventListener...
2025-10-13 11:44:13,459 [INFO] [MainThread] [root/bar_manager.py:83]: Stopping WindowsNotificationEventListener...
2025-10-13 11:44:13,459 [INFO] [MainThread] [root/bar_manager.py:83]: Stopping KomorebiEventListener...
2025-10-13 11:44:13,459 [DEBUG] [MainThread] [systray_widget/systray.py:495]: Updating current state
2025-10-13 11:44:13,459 [DEBUG] [MainThread] [systray_widget/systray.py:513]: Saving state to disk
2025-10-13 11:44:13,463 [DEBUG] [MainThread] [systray_widget/systray.py:517]: Saving state to C:\Users\renat\AppData\Local\YASB\systray_state_CHIMEIINNOLUXCORPORATIONDISPLAY1.json
2025-10-13 11:44:13,463 [DEBUG] [MainThread] [qasync._windows._EventPoller/_windows.py:220]: Stopping worker thread...
2025-10-13 11:44:13,475 [DEBUG] [Dummy-9] [qasync._windows._EventWorker/_windows.py:204]: Exiting thread
2025-10-13 11:44:13,475 [DEBUG] [MainThread] [qasync._windows._IocpProactor/_windows.py:78]: Closing
2025-10-13 11:44:13,516 [DEBUG] [MainThread] [systray_widget/utils.py:96]: Destroying window 67178
2025-10-13 11:44:13,516 [DEBUG] [MainThread] [systray_widget/utils.py:96]: Destroying window 67180
2025-10-13 11:46:59,202 [INFO] [MainThread] [root/log.py:59]: YASB v1.8.3
2025-10-13 11:46:59,204 [INFO] [Thread-1 (_run_server)] [cli_server/cli_server.py:212]: CLI server started v1.1.2
2025-10-13 11:46:59,206 [INFO] [MainThread] [cli_server/cli_server.py:104]: Log pipe server started
2025-10-13 11:47:01,274 [DEBUG] [MainThread] [comtypes/__init__.py:149]: CoInitializeEx(None, 2)
2025-10-13 11:47:03,581 [DEBUG] [MainThread] [tzlocal/win32.py:55]: Looking up time zone info from registry
2025-10-13 11:47:11,916 [INFO] [MainThread] [root/bar_manager.py:85]: Starting KomorebiEventListener...
2025-10-13 11:47:11,916 [INFO] [MainThread] [root/bar_manager.py:85]: Starting WindowsNotificationEventListener...
2025-10-13 11:47:11,916 [INFO] [Dummy-3] [root/event_listener.py:51]: Created named pipe yasb-8069a380-a843-11f0-89ac-dc45465b95c7
2025-10-13 11:47:11,916 [INFO] [MainThread] [root/bar_manager.py:85]: Starting SystemEventListener...
2025-10-13 11:47:11,916 [INFO] [MainThread] [root/watcher.py:54]: Created file watcher for path C:\Users\renat\.config\yasb
2025-10-13 11:47:12,084 [DEBUG] [MainThread] [qasync._windows._EventPoller/_windows.py:215]: Starting (proactor: <_IocpProactor overlapped#=0 result#=0>)...
2025-10-13 11:47:12,084 [DEBUG] [Dummy-9] [qasync._windows._EventWorker/_windows.py:195]: Thread started
2025-10-13 11:47:12,084 [DEBUG] [MainThread] [systray_widget/systray.py:538]: Loading state from C:\Users\renat\AppData\Local\YASB\systray_state_CHIMEIINNOLUXCORPORATIONDISPLAY1.json
2025-10-13 11:47:12,084 [DEBUG] [TrayMonitor] [systray_widget/systray.py:58]: Systray thread is starting...
2025-10-13 11:47:12,084 [DEBUG] [TaskbarService] [systray_widget/systray.py:72]: TaskbarService thread is starting...
2025-10-13 11:47:12,090 [DEBUG] [TaskbarService] [root/tasks_service.py:75]: Found yasb systray hwnd: 1771284
2025-10-13 11:47:12,090 [DEBUG] [TaskbarService] [systray_widget/tasks_service.py:81]: Adding TaskbandHWND prop to hwnd 1771284
2025-10-13 11:47:19,487 [DEBUG] [MainThread] [systray_widget/systray.py:285]: Systray thread started
2025-10-13 11:47:19,687 [DEBUG] [TaskbarService] [systray_widget/tasks_service.py:81]: Adding TaskbandHWND prop to hwnd 1771284
2025-10-13 11:47:19,688 [DEBUG] [TrayMonitor] [systray_widget/tray_monitor.py:228]: Finding real tray hwnd
2025-10-13 11:47:19,717 [DEBUG] [MainThread] [systray_widget/tray_monitor.py:154]: Sending TaskbarCreated message: 49260
2025-10-13 11:47:20,794 [DEBUG] [MainThread] [systray_widget/systray.py:476]: Re-sorting widgets
2025-10-13 11:47:20,795 [DEBUG] [MainThread] [systray_widget/systray.py:498]: Updating current state
2025-10-13 11:47:28,806 [DEBUG] [MainThread] [systray_widget/systray.py:476]: Re-sorting widgets
2025-10-13 11:47:28,806 [DEBUG] [MainThread] [systray_widget/systray.py:498]: Updating current state
2025-10-13 14:22:02,971 [DEBUG] [MainThread] [systray_widget/systray.py:476]: Re-sorting widgets
2025-10-13 14:22:02,971 [DEBUG] [MainThread] [systray_widget/systray.py:498]: Updating current state
2025-10-13 14:22:03,434 [INFO] [MainThread] [root/bar.py:147]: Screen geometry changed. Updating position for bar (primary-bar_DISPLAY1_e34879eb)
2025-10-13 15:17:40,265 [DEBUG] [MainThread] [systray_widget/systray.py:476]: Re-sorting widgets
2025-10-13 15:17:40,265 [DEBUG] [MainThread] [systray_widget/systray.py:498]: Updating current state
2025-10-13 16:09:01,981 [INFO] [MainThread] [root/bar.py:147]: Screen geometry changed. Updating position for bar (primary-bar_DISPLAY1_e34879eb)
2025-10-13 17:29:15,580 [DEBUG] [MainThread] [systray_widget/systray.py:476]: Re-sorting widgets
2025-10-13 17:29:15,585 [DEBUG] [MainThread] [systray_widget/systray.py:498]: Updating current state
2025-10-13 17:29:17,896 [INFO] [MainThread] [root/bar.py:147]: Screen geometry changed. Updating position for bar (primary-bar_DISPLAY1_e34879eb)
2025-10-13 17:41:40,561 [INFO] [MainThread] [root/bar.py:147]: Screen geometry changed. Updating position for bar (primary-bar_DISPLAY1_e34879eb)
2025-10-13 17:41:49,708 [DEBUG] [MainThread] [systray_widget/systray.py:476]: Re-sorting widgets
2025-10-13 17:41:49,708 [DEBUG] [MainThread] [systray_widget/systray.py:498]: Updating current state
2025-10-13 17:48:20,022 [DEBUG] [MainThread] [systray_widget/systray.py:476]: Re-sorting widgets
2025-10-13 17:48:20,022 [DEBUG] [MainThread] [systray_widget/systray.py:498]: Updating current state
2025-10-13 17:48:21,751 [INFO] [MainThread] [root/bar.py:147]: Screen geometry changed. Updating position for bar (primary-bar_DISPLAY1_e34879eb)
2025-10-13 18:24:44,145 [DEBUG] [MainThread] [systray_widget/systray.py:476]: Re-sorting widgets
2025-10-13 18:24:44,145 [DEBUG] [MainThread] [systray_widget/systray.py:498]: Updating current state
2025-10-13 18:44:35,516 [DEBUG] [MainThread] [systray_widget/systray.py:476]: Re-sorting widgets
2025-10-13 18:44:35,517 [DEBUG] [MainThread] [systray_widget/systray.py:498]: Updating current state
2025-10-14 11:57:23,527 [DEBUG] [MainThread] [systray_widget/systray.py:476]: Re-sorting widgets
2025-10-14 11:57:23,528 [DEBUG] [MainThread] [systray_widget/systray.py:498]: Updating current state
2025-10-14 11:57:25,178 [DEBUG] [MainThread] [systray_widget/systray.py:476]: Re-sorting widgets
2025-10-14 11:57:25,180 [DEBUG] [MainThread] [systray_widget/systray.py:498]: Updating current state
2025-10-14 17:50:01,570 [INFO] [MainThread] [root/bar.py:147]: Screen geometry changed. Updating position for bar (primary-bar_DISPLAY1_e34879eb)
2025-10-14 18:37:25,566 [INFO] [MainThread] [root/controller.py:15]: Reloading Application from tray...
2025-10-14 18:37:25,680 [INFO] [MainThread] [cli_server/cli_server.py:112]: Log pipe server stopped
2025-10-14 18:37:25,680 [DEBUG] [MainThread] [cli_server/cli_server.py:206]: CLI server stopped
2025-10-14 18:37:25,819 [INFO] [MainThread] [root/bar_manager.py:92]: Stopping KomorebiEventListener...
2025-10-14 18:37:25,820 [INFO] [MainThread] [root/bar_manager.py:92]: Stopping WindowsNotificationEventListener...
2025-10-14 18:37:25,821 [INFO] [MainThread] [root/bar_manager.py:92]: Stopping SystemEventListener...
2025-10-14 18:37:25,832 [DEBUG] [MainThread] [systray_widget/systray.py:498]: Updating current state
2025-10-14 18:37:25,833 [DEBUG] [MainThread] [systray_widget/systray.py:516]: Saving state to disk
2025-10-14 18:37:25,836 [DEBUG] [MainThread] [systray_widget/systray.py:520]: Saving state to C:\Users\renat\AppData\Local\YASB\systray_state_CHIMEIINNOLUXCORPORATIONDISPLAY1.json
2025-10-14 18:37:25,905 [DEBUG] [MainThread] [qasync._windows._EventPoller/_windows.py:220]: Stopping worker thread...
2025-10-14 18:37:25,914 [DEBUG] [Dummy-9] [qasync._windows._EventWorker/_windows.py:204]: Exiting thread
2025-10-14 18:37:25,918 [DEBUG] [MainThread] [qasync._windows._IocpProactor/_windows.py:78]: Closing
2025-10-14 18:37:26,047 [DEBUG] [MainThread] [systray_widget/utils.py:96]: Destroying window 2622348
2025-10-14 18:37:26,047 [DEBUG] [MainThread] [systray_widget/utils.py:96]: Destroying window 1771284
2025-10-14 18:37:31,219 [INFO] [MainThread] [root/log.py:59]: YASB v1.8.3
2025-10-14 18:37:31,221 [INFO] [Thread-1 (_run_server)] [cli_server/cli_server.py:212]: CLI server started v1.1.2
2025-10-14 18:37:31,221 [INFO] [MainThread] [cli_server/cli_server.py:104]: Log pipe server started
2025-10-14 18:37:32,595 [DEBUG] [MainThread] [comtypes/__init__.py:149]: CoInitializeEx(None, 2)
2025-10-14 18:37:33,950 [DEBUG] [MainThread] [tzlocal/win32.py:55]: Looking up time zone info from registry
2025-10-14 18:37:42,446 [INFO] [MainThread] [root/bar_manager.py:85]: Starting WindowsNotificationEventListener...
2025-10-14 18:37:42,447 [INFO] [MainThread] [root/bar_manager.py:85]: Starting KomorebiEventListener...
2025-10-14 18:37:42,448 [INFO] [MainThread] [root/bar_manager.py:85]: Starting SystemEventListener...
2025-10-14 18:37:42,449 [INFO] [MainThread] [root/watcher.py:54]: Created file watcher for path C:\Users\renat\.config\yasb
2025-10-14 18:37:42,451 [INFO] [Dummy-5] [root/event_listener.py:51]: Created named pipe yasb-03c44967-a946-11f0-b359-dc45465b95c7
2025-10-14 18:37:42,550 [DEBUG] [MainThread] [qasync._windows._EventPoller/_windows.py:215]: Starting (proactor: <_IocpProactor overlapped#=0 result#=0>)...
2025-10-14 18:37:42,552 [DEBUG] [Dummy-9] [qasync._windows._EventWorker/_windows.py:195]: Thread started
2025-10-14 18:37:42,554 [DEBUG] [MainThread] [systray_widget/systray.py:538]: Loading state from C:\Users\renat\AppData\Local\YASB\systray_state_CHIMEIINNOLUXCORPORATIONDISPLAY1.json
2025-10-14 18:37:42,560 [DEBUG] [TrayMonitor] [systray_widget/systray.py:58]: Systray thread is starting...
2025-10-14 18:37:42,561 [DEBUG] [TaskbarService] [systray_widget/systray.py:72]: TaskbarService thread is starting...
2025-10-14 18:37:42,578 [DEBUG] [TaskbarService] [root/tasks_service.py:75]: Found yasb systray hwnd: 788144
2025-10-14 18:37:42,578 [DEBUG] [TaskbarService] [systray_widget/tasks_service.py:81]: Adding TaskbandHWND prop to hwnd 788144
2025-10-14 18:37:47,459 [DEBUG] [MainThread] [systray_widget/systray.py:285]: Systray thread started
2025-10-14 18:37:47,684 [DEBUG] [TaskbarService] [systray_widget/tasks_service.py:81]: Adding TaskbandHWND prop to hwnd 788144
2025-10-14 18:37:47,686 [DEBUG] [TrayMonitor] [systray_widget/tray_monitor.py:228]: Finding real tray hwnd
2025-10-14 18:37:47,725 [DEBUG] [MainThread] [systray_widget/tray_monitor.py:154]: Sending TaskbarCreated message: 49260
2025-10-14 18:37:48,852 [DEBUG] [MainThread] [systray_widget/systray.py:476]: Re-sorting widgets
2025-10-14 18:37:48,854 [DEBUG] [MainThread] [systray_widget/systray.py:498]: Updating current state
2025-10-14 18:37:56,820 [DEBUG] [MainThread] [systray_widget/systray.py:476]: Re-sorting widgets
2025-10-14 18:37:56,820 [DEBUG] [MainThread] [systray_widget/systray.py:498]: Updating current state
2025-10-14 18:38:37,467 [DEBUG] [MainThread] [systray_widget/systray.py:476]: Re-sorting widgets
2025-10-14 18:38:37,468 [DEBUG] [MainThread] [systray_widget/systray.py:498]: Updating current state
2025-10-14 18:38:44,701 [INFO] [MainThread] [root/bar.py:147]: Screen geometry changed. Updating position for bar (primary-bar_DISPLAY1_2dad44d5)
2025-10-14 18:38:45,669 [DEBUG] [MainThread] [systray_widget/systray.py:476]: Re-sorting widgets
2025-10-14 18:38:45,671 [DEBUG] [MainThread] [systray_widget/systray.py:498]: Updating current state
2025-10-15 01:17:46,854 [DEBUG] [MainThread] [systray_widget/systray.py:476]: Re-sorting widgets
2025-10-15 01:17:46,870 [DEBUG] [MainThread] [systray_widget/systray.py:498]: Updating current state
2025-10-15 01:17:56,508 [DEBUG] [MainThread] [systray_widget/systray.py:476]: Re-sorting widgets
2025-10-15 01:17:56,508 [DEBUG] [MainThread] [systray_widget/systray.py:498]: Updating current state
2025-10-15 02:13:12,220 [DEBUG] [MainThread] [systray_widget/systray.py:476]: Re-sorting widgets
2025-10-15 02:13:12,220 [DEBUG] [MainThread] [systray_widget/systray.py:498]: Updating current state
2025-10-15 04:11:41,769 [DEBUG] [MainThread] [systray_widget/systray.py:476]: Re-sorting widgets
2025-10-15 04:11:41,771 [DEBUG] [MainThread] [systray_widget/systray.py:498]: Updating current state
2025-10-15 05:25:02,162 [DEBUG] [MainThread] [systray_widget/systray.py:476]: Re-sorting widgets
2025-10-15 05:25:02,162 [DEBUG] [MainThread] [systray_widget/systray.py:498]: Updating current state
2025-10-15 06:10:12,273 [DEBUG] [MainThread] [systray_widget/systray.py:476]: Re-sorting widgets
2025-10-15 06:10:12,273 [DEBUG] [MainThread] [systray_widget/systray.py:498]: Updating current state
2025-10-15 07:09:27,305 [DEBUG] [MainThread] [systray_widget/systray.py:476]: Re-sorting widgets
2025-10-15 07:09:27,305 [DEBUG] [MainThread] [systray_widget/systray.py:498]: Updating current state
2025-10-15 08:27:57,939 [DEBUG] [MainThread] [systray_widget/systray.py:476]: Re-sorting widgets
2025-10-15 08:27:57,940 [DEBUG] [MainThread] [systray_widget/systray.py:498]: Updating current state
2025-10-15 10:10:38,832 [INFO] [MainThread] [root/bar.py:147]: Screen geometry changed. Updating position for bar (primary-bar_DISPLAY1_2dad44d5)
2025-10-15 11:14:01,889 [DEBUG] [MainThread] [systray_widget/systray.py:476]: Re-sorting widgets
2025-10-15 11:14:01,893 [DEBUG] [MainThread] [systray_widget/systray.py:498]: Updating current state
2025-10-15 11:18:12,749 [INFO] [MainThread] [root/bar.py:147]: Screen geometry changed. Updating position for bar (primary-bar_DISPLAY1_2dad44d5)
2025-10-15 13:53:22,184 [DEBUG] [MainThread] [systray_widget/systray.py:476]: Re-sorting widgets
2025-10-15 13:53:22,201 [DEBUG] [MainThread] [systray_widget/systray.py:498]: Updating current state
2025-10-15 13:55:27,425 [DEBUG] [MainThread] [systray_widget/systray.py:476]: Re-sorting widgets
2025-10-15 13:55:27,425 [DEBUG] [MainThread] [systray_widget/systray.py:498]: Updating current state
2025-10-15 14:44:43,043 [INFO] [MainThread] [root/bar_manager.py:92]: Stopping WindowsNotificationEventListener...
2025-10-15 14:44:43,057 [INFO] [MainThread] [root/bar_manager.py:92]: Stopping KomorebiEventListener...
2025-10-15 14:44:43,057 [INFO] [MainThread] [root/bar_manager.py:92]: Stopping SystemEventListener...
2025-10-15 14:44:43,082 [DEBUG] [MainThread] [systray_widget/systray.py:498]: Updating current state
2025-10-15 14:44:43,082 [DEBUG] [MainThread] [systray_widget/systray.py:516]: Saving state to disk
2025-10-15 14:44:43,084 [DEBUG] [MainThread] [systray_widget/systray.py:520]: Saving state to C:\Users\renat\AppData\Local\YASB\systray_state_CHIMEIINNOLUXCORPORATIONDISPLAY1.json
2025-10-15 14:53:41,845 [INFO] [MainThread] [root/log.py:59]: YASB v1.8.3
2025-10-15 14:53:41,847 [INFO] [Thread-1 (_run_server)] [cli_server/cli_server.py:212]: CLI server started v1.1.2
2025-10-15 14:53:41,847 [INFO] [MainThread] [cli_server/cli_server.py:104]: Log pipe server started
2025-10-15 14:53:43,404 [DEBUG] [MainThread] [comtypes/__init__.py:149]: CoInitializeEx(None, 2)
2025-10-15 14:53:44,982 [DEBUG] [MainThread] [tzlocal/win32.py:55]: Looking up time zone info from registry
2025-10-15 14:53:51,955 [INFO] [MainThread] [root/bar_manager.py:85]: Starting KomorebiEventListener...
2025-10-15 14:53:51,955 [INFO] [MainThread] [root/bar_manager.py:85]: Starting WindowsNotificationEventListener...
2025-10-15 14:53:51,955 [INFO] [Dummy-3] [root/event_listener.py:51]: Created named pipe yasb-e8fb7c29-a9ef-11f0-a102-dc45465b95c4
2025-10-15 14:53:51,955 [INFO] [MainThread] [root/bar_manager.py:85]: Starting SystemEventListener...
2025-10-15 14:53:51,955 [INFO] [MainThread] [root/watcher.py:54]: Created file watcher for path C:\Users\renat\.config\yasb
2025-10-15 14:53:52,021 [DEBUG] [MainThread] [qasync._windows._EventPoller/_windows.py:215]: Starting (proactor: <_IocpProactor overlapped#=0 result#=0>)...
2025-10-15 14:53:52,024 [DEBUG] [Dummy-9] [qasync._windows._EventWorker/_windows.py:195]: Thread started
2025-10-15 14:53:52,026 [DEBUG] [MainThread] [systray_widget/systray.py:538]: Loading state from C:\Users\renat\AppData\Local\YASB\systray_state_LGELECTRONICSLGFHD283841.json
2025-10-15 14:53:52,067 [DEBUG] [TrayMonitor] [systray_widget/systray.py:58]: Systray thread is starting...
2025-10-15 14:53:52,067 [DEBUG] [TaskbarService] [systray_widget/systray.py:72]: TaskbarService thread is starting...
2025-10-15 14:53:52,077 [DEBUG] [TaskbarService] [root/tasks_service.py:75]: Found yasb systray hwnd: 67582
2025-10-15 14:53:52,077 [DEBUG] [TaskbarService] [systray_widget/tasks_service.py:81]: Adding TaskbandHWND prop to hwnd 67582
2025-10-15 14:53:53,607 [DEBUG] [TrayMonitor] [systray_widget/tray_monitor.py:228]: Finding real tray hwnd
2025-10-15 14:53:56,427 [DEBUG] [MainThread] [systray_widget/systray.py:285]: Systray thread started
2025-10-15 14:53:56,630 [DEBUG] [TaskbarService] [systray_widget/tasks_service.py:81]: Adding TaskbandHWND prop to hwnd 67582
2025-10-15 14:53:56,649 [DEBUG] [MainThread] [systray_widget/tray_monitor.py:154]: Sending TaskbarCreated message: 49298
2025-10-15 14:53:57,792 [DEBUG] [MainThread] [systray_widget/systray.py:476]: Re-sorting widgets
2025-10-15 14:53:57,792 [DEBUG] [MainThread] [systray_widget/systray.py:498]: Updating current state
2025-10-15 14:54:05,725 [DEBUG] [MainThread] [systray_widget/systray.py:476]: Re-sorting widgets
2025-10-15 14:54:05,725 [DEBUG] [MainThread] [systray_widget/systray.py:498]: Updating current state
2025-10-15 14:56:19,569 [DEBUG] [MainThread] [systray_widget/systray.py:476]: Re-sorting widgets
2025-10-15 14:56:19,569 [DEBUG] [MainThread] [systray_widget/systray.py:498]: Updating current state
2025-10-15 14:56:22,193 [DEBUG] [MainThread] [systray_widget/systray.py:476]: Re-sorting widgets
2025-10-15 14:56:22,193 [DEBUG] [MainThread] [systray_widget/systray.py:498]: Updating current state
2025-10-15 15:06:47,896 [DEBUG] [MainThread] [systray_widget/systray.py:476]: Re-sorting widgets
2025-10-15 15:06:47,896 [DEBUG] [MainThread] [systray_widget/systray.py:498]: Updating current state
2025-10-15 15:42:35,612 [DEBUG] [MainThread] [systray_widget/systray.py:476]: Re-sorting widgets
2025-10-15 15:42:35,612 [DEBUG] [MainThread] [systray_widget/systray.py:498]: Updating current state
2025-10-15 16:35:07,908 [INFO] [MainThread] [root/bar.py:147]: Screen geometry changed. Updating position for bar (primary-bar_LG FHD_353cfde3)
2025-10-15 18:33:37,040 [INFO] [MainThread] [root/bar.py:147]: Screen geometry changed. Updating position for bar (primary-bar_LG FHD_353cfde3)
2025-10-15 19:15:20,051 [DEBUG] [MainThread] [systray_widget/systray.py:476]: Re-sorting widgets
2025-10-15 19:15:20,051 [DEBUG] [MainThread] [systray_widget/systray.py:498]: Updating current state
2025-10-17 11:32:01,543 [DEBUG] [MainThread] [systray_widget/systray.py:476]: Re-sorting widgets
2025-10-17 11:32:01,549 [DEBUG] [MainThread] [systray_widget/systray.py:498]: Updating current state
2025-10-17 12:01:08,063 [DEBUG] [MainThread] [systray_widget/systray.py:476]: Re-sorting widgets
2025-10-17 12:01:08,063 [DEBUG] [MainThread] [systray_widget/systray.py:498]: Updating current state
2025-10-17 13:04:53,826 [DEBUG] [MainThread] [systray_widget/systray.py:476]: Re-sorting widgets
2025-10-17 13:04:53,826 [DEBUG] [MainThread] [systray_widget/systray.py:498]: Updating current state
2025-10-17 13:52:10,255 [INFO] [MainThread] [root/bar_manager.py:92]: Stopping KomorebiEventListener...
2025-10-17 13:52:10,257 [INFO] [MainThread] [root/bar_manager.py:92]: Stopping WindowsNotificationEventListener...
2025-10-17 13:52:10,257 [INFO] [MainThread] [root/bar_manager.py:92]: Stopping SystemEventListener...
2025-10-17 13:52:10,276 [DEBUG] [MainThread] [systray_widget/systray.py:498]: Updating current state
2025-10-17 13:52:10,276 [DEBUG] [MainThread] [systray_widget/systray.py:516]: Saving state to disk
2025-10-17 13:52:10,283 [DEBUG] [MainThread] [systray_widget/systray.py:520]: Saving state to C:\Users\renat\AppData\Local\YASB\systray_state_LGELECTRONICSLGFHD283841.json
2025-10-17 13:56:19,372 [INFO] [MainThread] [root/log.py:59]: YASB v1.8.3
2025-10-17 13:56:19,377 [INFO] [Thread-1 (_run_server)] [cli_server/cli_server.py:212]: CLI server started v1.1.2
2025-10-17 13:56:19,377 [INFO] [MainThread] [cli_server/cli_server.py:104]: Log pipe server started
2025-10-17 13:56:20,962 [DEBUG] [MainThread] [comtypes/__init__.py:149]: CoInitializeEx(None, 2)
2025-10-17 13:56:22,486 [DEBUG] [MainThread] [tzlocal/win32.py:55]: Looking up time zone info from registry
2025-10-17 13:56:29,019 [INFO] [MainThread] [root/bar_manager.py:85]: Starting WindowsNotificationEventListener...
2025-10-17 13:56:29,035 [INFO] [MainThread] [root/bar_manager.py:85]: Starting SystemEventListener...
2025-10-17 13:56:29,035 [INFO] [MainThread] [root/bar_manager.py:85]: Starting KomorebiEventListener...
2025-10-17 13:56:29,035 [INFO] [MainThread] [root/watcher.py:54]: Created file watcher for path C:\Users\renat\.config\yasb
2025-10-17 13:56:29,038 [INFO] [Dummy-5] [root/event_listener.py:51]: Created named pipe yasb-39ab0bd4-ab7a-11f0-9832-dc45465b95c7
2025-10-17 13:56:29,083 [DEBUG] [MainThread] [qasync._windows._EventPoller/_windows.py:215]: Starting (proactor: <_IocpProactor overlapped#=0 result#=0>)...
2025-10-17 13:56:29,086 [DEBUG] [Dummy-9] [qasync._windows._EventWorker/_windows.py:195]: Thread started
2025-10-17 13:56:29,086 [DEBUG] [MainThread] [systray_widget/systray.py:538]: Loading state from C:\Users\renat\AppData\Local\YASB\systray_state_LGELECTRONICSLGFHD283841.json
2025-10-17 13:56:29,100 [DEBUG] [TrayMonitor] [systray_widget/systray.py:58]: Systray thread is starting...
2025-10-17 13:56:29,102 [DEBUG] [TaskbarService] [systray_widget/systray.py:72]: TaskbarService thread is starting...
2025-10-17 13:56:29,106 [DEBUG] [TaskbarService] [root/tasks_service.py:75]: Found yasb systray hwnd: 132140
2025-10-17 13:56:29,106 [DEBUG] [TaskbarService] [systray_widget/tasks_service.py:81]: Adding TaskbandHWND prop to hwnd 132140
2025-10-17 13:56:31,475 [DEBUG] [MainThread] [systray_widget/systray.py:285]: Systray thread started
2025-10-17 13:56:31,677 [DEBUG] [TaskbarService] [systray_widget/tasks_service.py:81]: Adding TaskbandHWND prop to hwnd 132140
2025-10-17 13:56:31,678 [DEBUG] [TrayMonitor] [systray_widget/tray_monitor.py:228]: Finding real tray hwnd
2025-10-17 13:56:31,695 [DEBUG] [MainThread] [systray_widget/tray_monitor.py:154]: Sending TaskbarCreated message: 49309
2025-10-17 13:56:32,736 [DEBUG] [MainThread] [systray_widget/systray.py:476]: Re-sorting widgets
2025-10-17 13:56:32,736 [DEBUG] [MainThread] [systray_widget/systray.py:498]: Updating current state
2025-10-17 13:56:40,749 [DEBUG] [MainThread] [systray_widget/systray.py:476]: Re-sorting widgets
2025-10-17 13:56:40,749 [DEBUG] [MainThread] [systray_widget/systray.py:498]: Updating current state
2025-10-17 13:57:00,937 [DEBUG] [MainThread] [systray_widget/systray.py:476]: Re-sorting widgets
2025-10-17 13:57:00,937 [DEBUG] [MainThread] [systray_widget/systray.py:498]: Updating current state
2025-10-17 13:57:10,993 [ERROR] [TrayMonitor] [root/app_icons.py:170]: GetIconInfo failed: 0
2025-10-17 13:57:11,937 [DEBUG] [MainThread] [systray_widget/systray.py:476]: Re-sorting widgets
2025-10-17 13:57:11,937 [DEBUG] [MainThread] [systray_widget/systray.py:498]: Updating current state
2025-10-17 13:57:15,384 [DEBUG] [MainThread] [systray_widget/systray.py:476]: Re-sorting widgets
2025-10-17 13:57:15,384 [DEBUG] [MainThread] [systray_widget/systray.py:498]: Updating current state
2025-10-17 14:02:10,404 [DEBUG] [MainThread] [systray_widget/systray.py:476]: Re-sorting widgets
2025-10-17 14:02:10,404 [DEBUG] [MainThread] [systray_widget/systray.py:498]: Updating current state
2025-10-17 14:07:57,386 [INFO] [MainThread] [root/bar.py:147]: Screen geometry changed. Updating position for bar (primary-bar_LG FHD_bda9dc6c)
2025-10-17 14:07:58,923 [INFO] [MainThread] [root/bar.py:147]: Screen geometry changed. Updating position for bar (primary-bar_LG FHD_bda9dc6c)
2025-10-17 15:04:43,405 [DEBUG] [MainThread] [systray_widget/systray.py:476]: Re-sorting widgets
2025-10-17 15:04:43,407 [DEBUG] [MainThread] [systray_widget/systray.py:498]: Updating current state
2025-10-17 15:12:50,602 [DEBUG] [MainThread] [systray_widget/systray.py:476]: Re-sorting widgets
2025-10-17 15:12:50,602 [DEBUG] [MainThread] [systray_widget/systray.py:498]: Updating current state
2025-10-17 18:05:36,064 [DEBUG] [MainThread] [systray_widget/systray.py:476]: Re-sorting widgets
2025-10-17 18:05:36,066 [DEBUG] [MainThread] [systray_widget/systray.py:498]: Updating current state
2025-10-17 18:55:31,908 [INFO] [MainThread] [root/bar.py:147]: Screen geometry changed. Updating position for bar (primary-bar_LG FHD_bda9dc6c)
2025-10-17 18:55:32,784 [DEBUG] [MainThread] [systray_widget/systray.py:476]: Re-sorting widgets
2025-10-17 18:55:32,788 [DEBUG] [MainThread] [systray_widget/systray.py:498]: Updating current state
2025-10-17 18:56:09,314 [INFO] [MainThread] [root/bar.py:147]: Screen geometry changed. Updating position for bar (primary-bar_LG FHD_bda9dc6c)
2025-10-20 11:07:44,204 [DEBUG] [MainThread] [systray_widget/systray.py:476]: Re-sorting widgets
2025-10-20 11:07:44,208 [DEBUG] [MainThread] [systray_widget/systray.py:498]: Updating current state
2025-10-20 11:13:45,650 [INFO] [MainThread] [root/bar_manager.py:92]: Stopping WindowsNotificationEventListener...
2025-10-20 11:13:45,654 [INFO] [MainThread] [root/bar_manager.py:92]: Stopping SystemEventListener...
2025-10-20 11:13:45,656 [INFO] [MainThread] [root/bar_manager.py:92]: Stopping KomorebiEventListener...
2025-10-20 11:13:45,722 [DEBUG] [MainThread] [systray_widget/systray.py:498]: Updating current state
2025-10-20 11:13:45,722 [DEBUG] [MainThread] [systray_widget/systray.py:516]: Saving state to disk
2025-10-20 11:13:45,739 [DEBUG] [MainThread] [systray_widget/systray.py:520]: Saving state to C:\Users\renat\AppData\Local\YASB\systray_state_LGELECTRONICSLGFHD283841.json
2025-10-20 11:33:07,686 [INFO] [MainThread] [root/log.py:59]: YASB v1.8.3
2025-10-20 11:33:07,689 [INFO] [Thread-1 (_run_server)] [cli_server/cli_server.py:212]: CLI server started v1.1.2
2025-10-20 11:33:07,689 [INFO] [MainThread] [cli_server/cli_server.py:104]: Log pipe server started
2025-10-20 11:33:09,234 [DEBUG] [MainThread] [comtypes/__init__.py:149]: CoInitializeEx(None, 2)
2025-10-20 11:33:10,823 [DEBUG] [MainThread] [tzlocal/win32.py:55]: Looking up time zone info from registry
2025-10-20 11:33:17,385 [INFO] [MainThread] [root/bar_manager.py:85]: Starting KomorebiEventListener...
2025-10-20 11:33:17,385 [INFO] [MainThread] [root/bar_manager.py:85]: Starting SystemEventListener...
2025-10-20 11:33:17,385 [INFO] [MainThread] [root/bar_manager.py:85]: Starting WindowsNotificationEventListener...
2025-10-20 11:33:17,385 [INFO] [MainThread] [root/watcher.py:54]: Created file watcher for path C:\Users\renat\.config\yasb
2025-10-20 11:33:17,385 [INFO] [Dummy-5] [root/event_listener.py:51]: Created named pipe yasb-b7e27886-adc1-11f0-83fd-dc45465b95c4
2025-10-20 11:33:17,436 [DEBUG] [MainThread] [qasync._windows._EventPoller/_windows.py:215]: Starting (proactor: <_IocpProactor overlapped#=0 result#=0>)...
2025-10-20 11:33:17,438 [DEBUG] [Dummy-9] [qasync._windows._EventWorker/_windows.py:195]: Thread started
2025-10-20 11:33:17,438 [DEBUG] [MainThread] [systray_widget/systray.py:538]: Loading state from C:\Users\renat\AppData\Local\YASB\systray_state_LGELECTRONICSLGFHD283841.json
2025-10-20 11:33:17,456 [DEBUG] [TaskbarService] [systray_widget/systray.py:72]: TaskbarService thread is starting...
2025-10-20 11:33:17,456 [DEBUG] [TrayMonitor] [systray_widget/systray.py:58]: Systray thread is starting...
2025-10-20 11:33:17,467 [DEBUG] [TaskbarService] [root/tasks_service.py:75]: Found yasb systray hwnd: 132170
2025-10-20 11:33:17,467 [DEBUG] [TaskbarService] [systray_widget/tasks_service.py:81]: Adding TaskbandHWND prop to hwnd 132170
2025-10-20 11:33:20,077 [DEBUG] [MainThread] [systray_widget/systray.py:285]: Systray thread started
2025-10-20 11:33:20,278 [DEBUG] [TaskbarService] [systray_widget/tasks_service.py:81]: Adding TaskbandHWND prop to hwnd 132170
2025-10-20 11:33:20,279 [DEBUG] [TrayMonitor] [systray_widget/tray_monitor.py:228]: Finding real tray hwnd
2025-10-20 11:33:20,301 [DEBUG] [MainThread] [systray_widget/tray_monitor.py:154]: Sending TaskbarCreated message: 49294
2025-10-20 11:33:21,441 [DEBUG] [MainThread] [systray_widget/systray.py:476]: Re-sorting widgets
2025-10-20 11:33:21,448 [DEBUG] [MainThread] [systray_widget/systray.py:498]: Updating current state
2025-10-20 11:46:33,935 [DEBUG] [MainThread] [systray_widget/systray.py:476]: Re-sorting widgets
2025-10-20 11:46:33,937 [DEBUG] [MainThread] [systray_widget/systray.py:498]: Updating current state
2025-10-20 12:04:32,538 [DEBUG] [MainThread] [systray_widget/systray.py:476]: Re-sorting widgets
2025-10-20 12:04:32,539 [DEBUG] [MainThread] [systray_widget/systray.py:498]: Updating current state
2025-10-20 13:40:53,906 [DEBUG] [MainThread] [systray_widget/systray.py:476]: Re-sorting widgets
2025-10-20 13:40:53,906 [DEBUG] [MainThread] [systray_widget/systray.py:498]: Updating current state
2025-10-20 13:41:25,685 [DEBUG] [MainThread] [systray_widget/systray.py:476]: Re-sorting widgets
2025-10-20 13:41:25,685 [DEBUG] [MainThread] [systray_widget/systray.py:498]: Updating current state
2025-10-20 14:04:15,501 [INFO] [MainThread] [root/bar.py:147]: Screen geometry changed. Updating position for bar (primary-bar_LG FHD_ac1f5647)
2025-10-20 15:29:34,330 [INFO] [MainThread] [root/bar.py:147]: Screen geometry changed. Updating position for bar (primary-bar_LG FHD_ac1f5647)
2025-10-20 15:29:52,580 [DEBUG] [MainThread] [systray_widget/systray.py:476]: Re-sorting widgets
2025-10-20 15:29:52,581 [DEBUG] [MainThread] [systray_widget/systray.py:498]: Updating current state
2025-10-20 16:01:22,441 [DEBUG] [MainThread] [systray_widget/systray.py:476]: Re-sorting widgets
2025-10-20 16:01:22,442 [DEBUG] [MainThread] [systray_widget/systray.py:498]: Updating current state
2025-10-20 16:02:32,451 [DEBUG] [MainThread] [systray_widget/systray.py:476]: Re-sorting widgets
2025-10-20 16:02:32,451 [DEBUG] [MainThread] [systray_widget/systray.py:498]: Updating current state
2025-10-20 16:02:34,326 [DEBUG] [MainThread] [systray_widget/systray.py:476]: Re-sorting widgets
2025-10-20 16:02:34,326 [DEBUG] [MainThread] [systray_widget/systray.py:498]: Updating current state
2025-10-21 00:23:42,059 [DEBUG] [MainThread] [systray_widget/systray.py:476]: Re-sorting widgets
2025-10-21 00:23:42,068 [DEBUG] [MainThread] [systray_widget/systray.py:498]: Updating current state
2025-10-21 02:13:15,399 [DEBUG] [MainThread] [systray_widget/systray.py:476]: Re-sorting widgets
2025-10-21 02:13:15,399 [DEBUG] [MainThread] [systray_widget/systray.py:498]: Updating current state
2025-10-21 02:58:23,868 [DEBUG] [MainThread] [systray_widget/systray.py:476]: Re-sorting widgets
2025-10-21 02:58:23,868 [DEBUG] [MainThread] [systray_widget/systray.py:498]: Updating current state
2025-10-21 03:57:37,370 [DEBUG] [MainThread] [systray_widget/systray.py:476]: Re-sorting widgets
2025-10-21 03:57:37,371 [DEBUG] [MainThread] [systray_widget/systray.py:498]: Updating current state
2025-10-21 04:56:50,180 [DEBUG] [MainThread] [systray_widget/systray.py:476]: Re-sorting widgets
2025-10-21 04:56:50,180 [DEBUG] [MainThread] [systray_widget/systray.py:498]: Updating current state
2025-10-21 06:55:17,214 [DEBUG] [MainThread] [systray_widget/systray.py:476]: Re-sorting widgets
2025-10-21 06:55:17,214 [DEBUG] [MainThread] [systray_widget/systray.py:498]: Updating current state
2025-10-21 07:09:26,910 [DEBUG] [MainThread] [systray_widget/systray.py:476]: Re-sorting widgets
2025-10-21 07:09:26,910 [DEBUG] [MainThread] [systray_widget/systray.py:498]: Updating current state
2025-10-21 07:54:36,121 [DEBUG] [MainThread] [systray_widget/systray.py:476]: Re-sorting widgets
2025-10-21 07:54:36,121 [DEBUG] [MainThread] [systray_widget/systray.py:498]: Updating current state
2025-10-21 08:13:49,523 [DEBUG] [MainThread] [systray_widget/systray.py:476]: Re-sorting widgets
2025-10-21 08:13:49,523 [DEBUG] [MainThread] [systray_widget/systray.py:498]: Updating current state
2025-10-21 14:43:35,799 [DEBUG] [MainThread] [systray_widget/systray.py:476]: Re-sorting widgets
2025-10-21 14:43:35,809 [DEBUG] [MainThread] [systray_widget/systray.py:498]: Updating current state
2025-10-21 14:43:44,671 [DEBUG] [MainThread] [systray_widget/systray.py:476]: Re-sorting widgets
2025-10-21 14:43:44,673 [DEBUG] [MainThread] [systray_widget/systray.py:498]: Updating current state
2025-10-21 14:53:17,632 [DEBUG] [MainThread] [systray_widget/systray.py:476]: Re-sorting widgets
2025-10-21 14:53:17,633 [DEBUG] [MainThread] [systray_widget/systray.py:498]: Updating current state
2025-10-22 02:36:09,290 [INFO] [MainThread] [root/bar_manager.py:92]: Stopping KomorebiEventListener...
2025-10-22 02:36:09,327 [INFO] [MainThread] [root/bar_manager.py:92]: Stopping SystemEventListener...
2025-10-22 02:36:09,329 [INFO] [MainThread] [root/bar_manager.py:92]: Stopping WindowsNotificationEventListener...
2025-10-22 02:36:09,355 [DEBUG] [MainThread] [systray_widget/systray.py:498]: Updating current state
2025-10-22 02:36:09,357 [DEBUG] [MainThread] [systray_widget/systray.py:516]: Saving state to disk
2025-10-22 02:36:09,363 [DEBUG] [MainThread] [systray_widget/systray.py:520]: Saving state to C:\Users\renat\AppData\Local\YASB\systray_state_LGELECTRONICSLGFHD283841.json
2025-10-22 12:37:55,261 [INFO] [MainThread] [root/log.py:59]: YASB v1.8.3
2025-10-22 12:37:55,270 [INFO] [Thread-1 (_run_server)] [cli_server/cli_server.py:212]: CLI server started v1.1.2
2025-10-22 12:37:55,270 [INFO] [MainThread] [cli_server/cli_server.py:104]: Log pipe server started
2025-10-22 12:37:56,933 [DEBUG] [MainThread] [comtypes/__init__.py:149]: CoInitializeEx(None, 2)
2025-10-22 12:37:58,458 [DEBUG] [MainThread] [tzlocal/win32.py:55]: Looking up time zone info from registry
2025-10-22 12:38:06,058 [INFO] [MainThread] [root/bar_manager.py:85]: Starting KomorebiEventListener...
2025-10-22 12:38:06,058 [INFO] [MainThread] [root/bar_manager.py:85]: Starting WindowsNotificationEventListener...
2025-10-22 12:38:06,058 [INFO] [MainThread] [root/bar_manager.py:85]: Starting SystemEventListener...
2025-10-22 12:38:06,058 [INFO] [MainThread] [root/watcher.py:54]: Created file watcher for path C:\Users\renat\.config\yasb
2025-10-22 12:38:06,058 [INFO] [Dummy-5] [root/event_listener.py:51]: Created named pipe yasb-1a8a677f-af5d-11f0-aa4e-dc45465b95c4
2025-10-22 12:38:06,132 [DEBUG] [MainThread] [qasync._windows._EventPoller/_windows.py:215]: Starting (proactor: <_IocpProactor overlapped#=0 result#=0>)...
2025-10-22 12:38:06,134 [DEBUG] [Dummy-9] [qasync._windows._EventWorker/_windows.py:195]: Thread started
2025-10-22 12:38:06,138 [DEBUG] [MainThread] [systray_widget/systray.py:538]: Loading state from C:\Users\renat\AppData\Local\YASB\systray_state_LGELECTRONICSLGFHD283841.json
2025-10-22 12:38:06,156 [DEBUG] [TrayMonitor] [systray_widget/systray.py:58]: Systray thread is starting...
2025-10-22 12:38:06,156 [DEBUG] [TaskbarService] [systray_widget/systray.py:72]: TaskbarService thread is starting...
2025-10-22 12:38:06,162 [DEBUG] [TaskbarService] [root/tasks_service.py:75]: Found yasb systray hwnd: 1245586
2025-10-22 12:38:06,162 [DEBUG] [TaskbarService] [systray_widget/tasks_service.py:81]: Adding TaskbandHWND prop to hwnd 1245586
2025-10-22 12:38:11,643 [DEBUG] [MainThread] [systray_widget/systray.py:285]: Systray thread started
2025-10-22 12:38:11,846 [DEBUG] [TaskbarService] [systray_widget/tasks_service.py:81]: Adding TaskbandHWND prop to hwnd 1245586
2025-10-22 12:38:11,846 [DEBUG] [TrayMonitor] [systray_widget/tray_monitor.py:228]: Finding real tray hwnd
2025-10-22 12:38:11,885 [DEBUG] [MainThread] [systray_widget/tray_monitor.py:154]: Sending TaskbarCreated message: 49276
2025-10-22 12:38:13,243 [DEBUG] [MainThread] [systray_widget/systray.py:476]: Re-sorting widgets
2025-10-22 12:38:13,244 [DEBUG] [MainThread] [systray_widget/systray.py:498]: Updating current state
2025-10-22 12:38:20,963 [DEBUG] [MainThread] [systray_widget/systray.py:476]: Re-sorting widgets
2025-10-22 12:38:20,963 [DEBUG] [MainThread] [systray_widget/systray.py:498]: Updating current state
2025-10-22 15:13:57,127 [DEBUG] [MainThread] [systray_widget/systray.py:476]: Re-sorting widgets
2025-10-22 15:13:57,131 [DEBUG] [MainThread] [systray_widget/systray.py:498]: Updating current state
2025-10-22 15:17:03,505 [DEBUG] [MainThread] [systray_widget/systray.py:476]: Re-sorting widgets
2025-10-22 15:17:03,505 [DEBUG] [MainThread] [systray_widget/systray.py:498]: Updating current state
2025-10-22 15:17:05,900 [DEBUG] [MainThread] [systray_widget/systray.py:476]: Re-sorting widgets
2025-10-22 15:17:05,900 [DEBUG] [MainThread] [systray_widget/systray.py:498]: Updating current state
2025-10-22 16:00:29,604 [INFO] [MainThread] [root/bar.py:147]: Screen geometry changed. Updating position for bar (primary-bar_LG FHD_cc534d13)
2025-10-24 11:11:14,235 [INFO] [MainThread] [root/bar.py:147]: Screen geometry changed. Updating position for bar (primary-bar_LG FHD_cc534d13)
2025-10-24 11:11:14,243 [DEBUG] [MainThread] [systray_widget/systray.py:476]: Re-sorting widgets
2025-10-24 11:11:14,245 [DEBUG] [MainThread] [systray_widget/systray.py:498]: Updating current state
2025-10-24 11:13:30,913 [ERROR] [TrayMonitor] [root/app_icons.py:170]: GetIconInfo failed: 0
2025-10-24 11:13:31,860 [DEBUG] [MainThread] [systray_widget/systray.py:476]: Re-sorting widgets
2025-10-24 11:13:31,861 [DEBUG] [MainThread] [systray_widget/systray.py:498]: Updating current state
2025-10-24 11:34:04,377 [DEBUG] [MainThread] [systray_widget/systray.py:476]: Re-sorting widgets
2025-10-24 11:34:04,378 [DEBUG] [MainThread] [systray_widget/systray.py:498]: Updating current state
2025-10-24 11:34:11,538 [DEBUG] [MainThread] [systray_widget/systray.py:476]: Re-sorting widgets
2025-10-24 11:34:11,538 [DEBUG] [MainThread] [systray_widget/systray.py:498]: Updating current state
2025-10-24 11:36:23,558 [DEBUG] [MainThread] [systray_widget/systray.py:476]: Re-sorting widgets
2025-10-24 11:36:23,558 [DEBUG] [MainThread] [systray_widget/systray.py:498]: Updating current state
2025-10-24 11:36:25,674 [DEBUG] [MainThread] [systray_widget/systray.py:476]: Re-sorting widgets
2025-10-24 11:36:25,674 [DEBUG] [MainThread] [systray_widget/systray.py:498]: Updating current state
2025-10-24 11:36:38,553 [DEBUG] [MainThread] [systray_widget/systray.py:476]: Re-sorting widgets
2025-10-24 11:36:38,555 [DEBUG] [MainThread] [systray_widget/systray.py:498]: Updating current state
2025-10-24 12:18:27,098 [DEBUG] [MainThread] [systray_widget/systray.py:476]: Re-sorting widgets
2025-10-24 12:18:27,098 [DEBUG] [MainThread] [systray_widget/systray.py:498]: Updating current state
2025-10-24 12:26:18,175 [DEBUG] [MainThread] [systray_widget/systray.py:476]: Re-sorting widgets
2025-10-24 12:26:18,175 [DEBUG] [MainThread] [systray_widget/systray.py:498]: Updating current state
2025-10-24 12:28:41,840 [DEBUG] [MainThread] [systray_widget/systray.py:476]: Re-sorting widgets
2025-10-24 12:28:41,840 [DEBUG] [MainThread] [systray_widget/systray.py:498]: Updating current state
2025-10-24 12:29:36,989 [DEBUG] [MainThread] [systray_widget/systray.py:476]: Re-sorting widgets
2025-10-24 12:29:36,991 [DEBUG] [MainThread] [systray_widget/systray.py:498]: Updating current state
2025-10-24 12:29:51,322 [DEBUG] [MainThread] [systray_widget/systray.py:476]: Re-sorting widgets
2025-10-24 12:29:51,323 [DEBUG] [MainThread] [systray_widget/systray.py:498]: Updating current state
2025-10-24 12:30:16,870 [DEBUG] [MainThread] [systray_widget/systray.py:476]: Re-sorting widgets
2025-10-24 12:30:16,872 [DEBUG] [MainThread] [systray_widget/systray.py:498]: Updating current state
2025-10-24 12:30:26,942 [DEBUG] [MainThread] [systray_widget/systray.py:476]: Re-sorting widgets
2025-10-24 12:30:26,942 [DEBUG] [MainThread] [systray_widget/systray.py:498]: Updating current state
2025-10-24 12:31:14,994 [DEBUG] [MainThread] [systray_widget/systray.py:476]: Re-sorting widgets
2025-10-24 12:31:14,994 [DEBUG] [MainThread] [systray_widget/systray.py:498]: Updating current state
2025-10-24 14:38:07,537 [DEBUG] [MainThread] [systray_widget/systray.py:476]: Re-sorting widgets
2025-10-24 14:38:07,537 [DEBUG] [MainThread] [systray_widget/systray.py:498]: Updating current state
2025-10-27 16:05:28,768 [DEBUG] [MainThread] [systray_widget/systray.py:476]: Re-sorting widgets
2025-10-27 16:05:28,771 [DEBUG] [MainThread] [systray_widget/systray.py:498]: Updating current state
2025-10-27 17:47:40,356 [DEBUG] [MainThread] [systray_widget/systray.py:476]: Re-sorting widgets
2025-10-27 17:47:40,360 [DEBUG] [MainThread] [systray_widget/systray.py:498]: Updating current state
2025-10-28 12:02:20,378 [DEBUG] [MainThread] [systray_widget/systray.py:476]: Re-sorting widgets
2025-10-28 12:02:20,385 [DEBUG] [MainThread] [systray_widget/systray.py:498]: Updating current state
2025-10-28 12:17:48,165 [DEBUG] [MainThread] [systray_widget/systray.py:476]: Re-sorting widgets
2025-10-28 12:17:48,166 [DEBUG] [MainThread] [systray_widget/systray.py:498]: Updating current state
2025-10-28 12:20:41,665 [DEBUG] [MainThread] [systray_widget/systray.py:476]: Re-sorting widgets
2025-10-28 12:20:41,667 [DEBUG] [MainThread] [systray_widget/systray.py:498]: Updating current state
2025-10-28 12:21:15,376 [DEBUG] [MainThread] [systray_widget/systray.py:476]: Re-sorting widgets
2025-10-28 12:21:15,377 [DEBUG] [MainThread] [systray_widget/systray.py:498]: Updating current state
2025-10-28 12:32:28,570 [DEBUG] [MainThread] [systray_widget/systray.py:476]: Re-sorting widgets
2025-10-28 12:32:28,570 [DEBUG] [MainThread] [systray_widget/systray.py:498]: Updating current state
2025-10-28 12:35:08,339 [INFO] [MainThread] [root/bar_manager.py:92]: Stopping KomorebiEventListener...
2025-10-28 12:35:08,341 [INFO] [MainThread] [root/bar_manager.py:92]: Stopping WindowsNotificationEventListener...
2025-10-28 12:35:08,348 [INFO] [MainThread] [root/bar_manager.py:92]: Stopping SystemEventListener...
2025-10-28 12:35:08,362 [DEBUG] [MainThread] [systray_widget/systray.py:498]: Updating current state
2025-10-28 12:35:08,362 [DEBUG] [MainThread] [systray_widget/systray.py:516]: Saving state to disk
2025-10-28 12:35:08,362 [DEBUG] [MainThread] [systray_widget/systray.py:520]: Saving state to C:\Users\renat\AppData\Local\YASB\systray_state_LGELECTRONICSLGFHD283841.json
2025-10-28 12:44:13,819 [INFO] [MainThread] [root/log.py:59]: YASB v1.8.3
2025-10-28 12:44:13,822 [INFO] [Thread-1 (_run_server)] [cli_server/cli_server.py:212]: CLI server started v1.1.2
2025-10-28 12:44:13,822 [INFO] [MainThread] [cli_server/cli_server.py:104]: Log pipe server started
2025-10-28 12:44:15,310 [DEBUG] [MainThread] [comtypes/__init__.py:149]: CoInitializeEx(None, 2)
2025-10-28 12:44:16,712 [DEBUG] [MainThread] [tzlocal/win32.py:55]: Looking up time zone info from registry
2025-10-28 12:44:22,391 [INFO] [MainThread] [root/bar_manager.py:85]: Starting SystemEventListener...
2025-10-28 12:44:22,391 [INFO] [MainThread] [root/bar_manager.py:85]: Starting WindowsNotificationEventListener...
2025-10-28 12:44:22,391 [INFO] [MainThread] [root/bar_manager.py:85]: Starting KomorebiEventListener...
2025-10-28 12:44:22,394 [INFO] [MainThread] [root/watcher.py:54]: Created file watcher for path C:\Users\renat\.config\yasb
2025-10-28 12:44:22,394 [INFO] [Dummy-5] [root/event_listener.py:51]: Created named pipe yasb-f954d96a-b414-11f0-85d9-dc45465b95c7
2025-10-28 12:44:22,434 [DEBUG] [MainThread] [qasync._windows._EventPoller/_windows.py:215]: Starting (proactor: <_IocpProactor overlapped#=0 result#=0>)...
2025-10-28 12:44:22,434 [DEBUG] [Dummy-9] [qasync._windows._EventWorker/_windows.py:195]: Thread started
2025-10-28 12:44:22,434 [DEBUG] [MainThread] [systray_widget/systray.py:538]: Loading state from C:\Users\renat\AppData\Local\YASB\systray_state_LGELECTRONICSLGFHD283841.json
2025-10-28 12:44:22,451 [DEBUG] [TaskbarService] [systray_widget/systray.py:72]: TaskbarService thread is starting...
2025-10-28 12:44:22,451 [DEBUG] [TrayMonitor] [systray_widget/systray.py:58]: Systray thread is starting...
2025-10-28 12:44:22,451 [DEBUG] [TaskbarService] [root/tasks_service.py:75]: Found yasb systray hwnd: 67504
2025-10-28 12:44:22,451 [DEBUG] [TaskbarService] [systray_widget/tasks_service.py:81]: Adding TaskbandHWND prop to hwnd 67504
2025-10-28 12:44:24,752 [DEBUG] [MainThread] [systray_widget/systray.py:285]: Systray thread started
2025-10-28 12:44:24,954 [DEBUG] [TaskbarService] [systray_widget/tasks_service.py:81]: Adding TaskbandHWND prop to hwnd 67504
2025-10-28 12:44:24,954 [DEBUG] [TrayMonitor] [systray_widget/tray_monitor.py:228]: Finding real tray hwnd
2025-10-28 12:44:25,000 [DEBUG] [MainThread] [systray_widget/tray_monitor.py:154]: Sending TaskbarCreated message: 49294
2025-10-28 12:44:26,038 [DEBUG] [MainThread] [systray_widget/systray.py:476]: Re-sorting widgets
2025-10-28 12:44:26,041 [DEBUG] [MainThread] [systray_widget/systray.py:498]: Updating current state
2025-10-28 12:44:34,018 [DEBUG] [MainThread] [systray_widget/systray.py:476]: Re-sorting widgets
2025-10-28 12:44:34,018 [DEBUG] [MainThread] [systray_widget/systray.py:498]: Updating current state
2025-10-28 12:52:51,265 [DEBUG] [MainThread] [systray_widget/systray.py:476]: Re-sorting widgets
2025-10-28 12:52:51,265 [DEBUG] [MainThread] [systray_widget/systray.py:498]: Updating current state
2025-10-28 15:52:23,895 [DEBUG] [MainThread] [systray_widget/systray.py:476]: Re-sorting widgets
2025-10-28 15:52:23,899 [DEBUG] [MainThread] [systray_widget/systray.py:498]: Updating current state
2025-10-28 17:34:05,570 [INFO] [MainThread] [root/bar.py:147]: Screen geometry changed. Updating position for bar (primary-bar_LG FHD_45b61629)
2025-10-29 01:47:12,717 [DEBUG] [MainThread] [systray_widget/systray.py:476]: Re-sorting widgets
2025-10-29 01:47:12,732 [DEBUG] [MainThread] [systray_widget/systray.py:498]: Updating current state
2025-10-29 04:32:39,278 [DEBUG] [MainThread] [systray_widget/systray.py:476]: Re-sorting widgets
2025-10-29 04:32:39,278 [DEBUG] [MainThread] [systray_widget/systray.py:498]: Updating current state
2025-10-29 05:31:54,014 [DEBUG] [MainThread] [systray_widget/systray.py:476]: Re-sorting widgets
2025-10-29 05:31:54,014 [DEBUG] [MainThread] [systray_widget/systray.py:498]: Updating current state
2025-10-29 05:45:59,996 [DEBUG] [MainThread] [systray_widget/systray.py:476]: Re-sorting widgets
2025-10-29 05:45:59,996 [DEBUG] [MainThread] [systray_widget/systray.py:498]: Updating current state
2025-10-29 06:31:27,335 [DEBUG] [MainThread] [systray_widget/systray.py:476]: Re-sorting widgets
2025-10-29 06:31:27,335 [DEBUG] [MainThread] [systray_widget/systray.py:498]: Updating current state
2025-10-29 06:45:32,779 [DEBUG] [MainThread] [systray_widget/systray.py:476]: Re-sorting widgets
2025-10-29 06:45:32,779 [DEBUG] [MainThread] [systray_widget/systray.py:498]: Updating current state
2025-10-29 07:30:40,620 [DEBUG] [MainThread] [systray_widget/systray.py:476]: Re-sorting widgets
2025-10-29 07:30:40,620 [DEBUG] [MainThread] [systray_widget/systray.py:498]: Updating current state
2025-10-29 11:43:50,457 [DEBUG] [MainThread] [systray_widget/systray.py:476]: Re-sorting widgets
2025-10-29 11:43:50,458 [DEBUG] [MainThread] [systray_widget/systray.py:498]: Updating current state
2025-10-29 11:43:52,114 [INFO] [MainThread] [root/bar.py:147]: Screen geometry changed. Updating position for bar (primary-bar_LG FHD_45b61629)
2025-10-29 13:03:04,343 [DEBUG] [MainThread] [systray_widget/systray.py:476]: Re-sorting widgets
2025-10-29 13:03:04,353 [DEBUG] [MainThread] [systray_widget/systray.py:498]: Updating current state
2025-10-29 13:03:15,093 [DEBUG] [MainThread] [systray_widget/systray.py:476]: Re-sorting widgets
2025-10-29 13:03:15,095 [DEBUG] [MainThread] [systray_widget/systray.py:498]: Updating current state
2025-10-29 13:03:17,951 [DEBUG] [MainThread] [systray_widget/systray.py:476]: Re-sorting widgets
2025-10-29 13:03:17,951 [DEBUG] [MainThread] [systray_widget/systray.py:498]: Updating current state
2025-10-29 13:05:42,938 [DEBUG] [MainThread] [systray_widget/systray.py:476]: Re-sorting widgets
2025-10-29 13:05:42,938 [DEBUG] [MainThread] [systray_widget/systray.py:498]: Updating current state
2025-10-29 13:06:54,960 [DEBUG] [MainThread] [systray_widget/systray.py:476]: Re-sorting widgets
2025-10-29 13:06:54,961 [DEBUG] [MainThread] [systray_widget/systray.py:498]: Updating current state
2025-10-29 13:58:47,943 [DEBUG] [MainThread] [systray_widget/systray.py:476]: Re-sorting widgets
2025-10-29 13:58:47,943 [DEBUG] [MainThread] [systray_widget/systray.py:498]: Updating current state
2025-10-29 13:58:54,883 [DEBUG] [MainThread] [systray_widget/systray.py:476]: Re-sorting widgets
2025-10-29 13:58:54,883 [DEBUG] [MainThread] [systray_widget/systray.py:498]: Updating current state
2025-10-29 13:59:07,747 [DEBUG] [MainThread] [systray_widget/systray.py:476]: Re-sorting widgets
2025-10-29 13:59:07,747 [DEBUG] [MainThread] [systray_widget/systray.py:498]: Updating current state
2025-10-29 14:00:03,399 [DEBUG] [MainThread] [systray_widget/systray.py:476]: Re-sorting widgets
2025-10-29 14:00:03,399 [DEBUG] [MainThread] [systray_widget/systray.py:498]: Updating current state
2025-10-29 14:04:51,116 [DEBUG] [MainThread] [systray_widget/systray.py:476]: Re-sorting widgets
2025-10-29 14:04:51,116 [DEBUG] [MainThread] [systray_widget/systray.py:498]: Updating current state
2025-10-29 14:05:57,784 [DEBUG] [MainThread] [systray_widget/systray.py:476]: Re-sorting widgets
2025-10-29 14:05:57,784 [DEBUG] [MainThread] [systray_widget/systray.py:498]: Updating current state
2025-10-29 14:06:47,235 [DEBUG] [MainThread] [systray_widget/systray.py:476]: Re-sorting widgets
2025-10-29 14:06:47,235 [DEBUG] [MainThread] [systray_widget/systray.py:498]: Updating current state
2025-10-29 14:08:08,940 [DEBUG] [MainThread] [systray_widget/systray.py:476]: Re-sorting widgets
2025-10-29 14:08:08,940 [DEBUG] [MainThread] [systray_widget/systray.py:498]: Updating current state
2025-10-29 14:18:32,849 [DEBUG] [MainThread] [systray_widget/systray.py:476]: Re-sorting widgets
2025-10-29 14:18:32,850 [DEBUG] [MainThread] [systray_widget/systray.py:498]: Updating current state
2025-10-29 14:19:20,655 [DEBUG] [MainThread] [systray_widget/systray.py:476]: Re-sorting widgets
2025-10-29 14:19:20,655 [DEBUG] [MainThread] [systray_widget/systray.py:498]: Updating current state
2025-10-29 14:20:20,595 [DEBUG] [MainThread] [systray_widget/systray.py:476]: Re-sorting widgets
2025-10-29 14:20:20,595 [DEBUG] [MainThread] [systray_widget/systray.py:498]: Updating current state
2025-10-29 14:21:13,885 [DEBUG] [MainThread] [systray_widget/systray.py:476]: Re-sorting widgets
2025-10-29 14:21:13,885 [DEBUG] [MainThread] [systray_widget/systray.py:498]: Updating current state
2025-10-29 14:27:51,936 [DEBUG] [MainThread] [systray_widget/systray.py:476]: Re-sorting widgets
2025-10-29 14:27:51,936 [DEBUG] [MainThread] [systray_widget/systray.py:498]: Updating current state
2025-10-29 14:30:35,604 [DEBUG] [MainThread] [systray_widget/systray.py:476]: Re-sorting widgets
2025-10-29 14:30:35,604 [DEBUG] [MainThread] [systray_widget/systray.py:498]: Updating current state
2025-10-29 14:32:07,814 [DEBUG] [MainThread] [systray_widget/systray.py:476]: Re-sorting widgets
2025-10-29 14:32:07,814 [DEBUG] [MainThread] [systray_widget/systray.py:498]: Updating current state
2025-10-29 14:35:17,103 [DEBUG] [MainThread] [systray_widget/systray.py:476]: Re-sorting widgets
2025-10-29 14:35:17,103 [DEBUG] [MainThread] [systray_widget/systray.py:498]: Updating current state
2025-10-29 14:58:01,166 [DEBUG] [MainThread] [systray_widget/systray.py:476]: Re-sorting widgets
2025-10-29 14:58:01,166 [DEBUG] [MainThread] [systray_widget/systray.py:498]: Updating current state
2025-10-29 14:58:55,970 [DEBUG] [MainThread] [systray_widget/systray.py:476]: Re-sorting widgets
2025-10-29 14:58:55,970 [DEBUG] [MainThread] [systray_widget/systray.py:498]: Updating current state
2025-10-29 15:05:01,428 [DEBUG] [MainThread] [systray_widget/systray.py:476]: Re-sorting widgets
2025-10-29 15:05:01,428 [DEBUG] [MainThread] [systray_widget/systray.py:498]: Updating current state
2025-10-29 15:05:10,722 [DEBUG] [MainThread] [systray_widget/systray.py:476]: Re-sorting widgets
2025-10-29 15:05:10,722 [DEBUG] [MainThread] [systray_widget/systray.py:498]: Updating current state
2025-10-29 15:06:51,295 [DEBUG] [MainThread] [systray_widget/systray.py:476]: Re-sorting widgets
2025-10-29 15:06:51,295 [DEBUG] [MainThread] [systray_widget/systray.py:498]: Updating current state
2025-10-29 15:35:00,543 [DEBUG] [MainThread] [systray_widget/systray.py:476]: Re-sorting widgets
2025-10-29 15:35:00,543 [DEBUG] [MainThread] [systray_widget/systray.py:498]: Updating current state
2025-10-29 15:35:27,535 [DEBUG] [MainThread] [systray_widget/systray.py:476]: Re-sorting widgets
2025-10-29 15:35:27,535 [DEBUG] [MainThread] [systray_widget/systray.py:498]: Updating current state
2025-10-29 17:51:46,651 [INFO] [MainThread] [root/bar.py:147]: Screen geometry changed. Updating position for bar (primary-bar_LG FHD_45b61629)
2025-10-29 18:51:33,441 [DEBUG] [MainThread] [systray_widget/systray.py:476]: Re-sorting widgets
2025-10-29 18:51:33,443 [DEBUG] [MainThread] [systray_widget/systray.py:498]: Updating current state
2025-10-29 18:51:34,743 [INFO] [MainThread] [root/bar.py:147]: Screen geometry changed. Updating position for bar (primary-bar_LG FHD_45b61629)
2025-10-31 11:44:15,485 [DEBUG] [MainThread] [systray_widget/systray.py:476]: Re-sorting widgets
2025-10-31 11:44:15,485 [DEBUG] [MainThread] [systray_widget/systray.py:498]: Updating current state
2025-10-31 11:44:37,041 [DEBUG] [MainThread] [systray_widget/systray.py:476]: Re-sorting widgets
2025-10-31 11:44:37,041 [DEBUG] [MainThread] [systray_widget/systray.py:498]: Updating current state
2025-10-31 11:45:38,968 [DEBUG] [MainThread] [systray_widget/systray.py:476]: Re-sorting widgets
2025-10-31 11:45:38,968 [DEBUG] [MainThread] [systray_widget/systray.py:498]: Updating current state
2025-10-31 11:45:43,094 [DEBUG] [MainThread] [systray_widget/systray.py:476]: Re-sorting widgets
2025-10-31 11:45:43,095 [DEBUG] [MainThread] [systray_widget/systray.py:498]: Updating current state
2025-10-31 11:58:55,705 [DEBUG] [MainThread] [systray_widget/systray.py:476]: Re-sorting widgets
2025-10-31 11:58:55,705 [DEBUG] [MainThread] [systray_widget/systray.py:498]: Updating current state
2025-10-31 11:59:06,784 [DEBUG] [MainThread] [systray_widget/systray.py:476]: Re-sorting widgets
2025-10-31 11:59:06,784 [DEBUG] [MainThread] [systray_widget/systray.py:498]: Updating current state
2025-10-31 12:00:35,458 [DEBUG] [MainThread] [systray_widget/systray.py:476]: Re-sorting widgets
2025-10-31 12:00:35,458 [DEBUG] [MainThread] [systray_widget/systray.py:498]: Updating current state
2025-10-31 13:20:52,167 [DEBUG] [MainThread] [systray_widget/systray.py:476]: Re-sorting widgets
2025-10-31 13:20:52,174 [DEBUG] [MainThread] [systray_widget/systray.py:498]: Updating current state
2025-10-31 14:01:57,811 [DEBUG] [MainThread] [systray_widget/systray.py:476]: Re-sorting widgets
2025-10-31 14:01:57,812 [DEBUG] [MainThread] [systray_widget/systray.py:498]: Updating current state
2025-10-31 14:02:08,044 [DEBUG] [MainThread] [systray_widget/systray.py:476]: Re-sorting widgets
2025-10-31 14:02:08,044 [DEBUG] [MainThread] [systray_widget/systray.py:498]: Updating current state
2025-10-31 14:02:10,239 [DEBUG] [MainThread] [systray_widget/systray.py:476]: Re-sorting widgets
2025-10-31 14:02:10,239 [DEBUG] [MainThread] [systray_widget/systray.py:498]: Updating current state
2025-10-31 14:42:59,695 [DEBUG] [MainThread] [systray_widget/systray.py:476]: Re-sorting widgets
2025-10-31 14:42:59,695 [DEBUG] [MainThread] [systray_widget/systray.py:498]: Updating current state
2025-10-31 16:34:38,986 [INFO] [MainThread] [root/bar.py:147]: Screen geometry changed. Updating position for bar (primary-bar_LG FHD_45b61629)
2025-10-31 17:10:47,194 [DEBUG] [MainThread] [systray_widget/systray.py:476]: Re-sorting widgets
2025-10-31 17:10:47,202 [DEBUG] [MainThread] [systray_widget/systray.py:498]: Updating current state
2025-10-31 17:10:50,723 [INFO] [MainThread] [root/bar.py:147]: Screen geometry changed. Updating position for bar (primary-bar_LG FHD_45b61629)
2025-10-31 17:11:52,548 [DEBUG] [MainThread] [systray_widget/systray.py:476]: Re-sorting widgets
2025-10-31 17:11:52,548 [DEBUG] [MainThread] [systray_widget/systray.py:498]: Updating current state
2025-11-03 11:07:18,346 [DEBUG] [MainThread] [systray_widget/systray.py:476]: Re-sorting widgets
2025-11-03 11:07:18,361 [DEBUG] [MainThread] [systray_widget/systray.py:498]: Updating current state
2025-11-03 11:18:37,741 [INFO] [MainThread] [root/log.py:59]: YASB v1.8.3
2025-11-03 11:18:37,746 [INFO] [Thread-1 (_run_server)] [cli_server/cli_server.py:212]: CLI server started v1.1.2
2025-11-03 11:18:37,748 [INFO] [MainThread] [cli_server/cli_server.py:104]: Log pipe server started
2025-11-03 11:18:39,463 [DEBUG] [MainThread] [comtypes/__init__.py:149]: CoInitializeEx(None, 2)
2025-11-03 11:18:41,057 [DEBUG] [MainThread] [tzlocal/win32.py:55]: Looking up time zone info from registry
2025-11-03 11:18:48,676 [INFO] [MainThread] [root/bar_manager.py:85]: Starting SystemEventListener...
2025-11-03 11:18:48,676 [INFO] [MainThread] [root/bar_manager.py:85]: Starting WindowsNotificationEventListener...
2025-11-03 11:18:48,676 [INFO] [MainThread] [root/bar_manager.py:85]: Starting KomorebiEventListener...
2025-11-03 11:18:48,676 [INFO] [MainThread] [root/watcher.py:54]: Created file watcher for path C:\Users\renat\.config\yasb
2025-11-03 11:18:48,676 [INFO] [Dummy-5] [root/event_listener.py:51]: Created named pipe yasb-03e07bfc-b8c0-11f0-b126-dc45465b95c7
2025-11-03 11:18:48,725 [DEBUG] [MainThread] [qasync._windows._EventPoller/_windows.py:215]: Starting (proactor: <_IocpProactor overlapped#=0 result#=0>)...
2025-11-03 11:18:48,725 [DEBUG] [Dummy-9] [qasync._windows._EventWorker/_windows.py:195]: Thread started
2025-11-03 11:18:48,725 [DEBUG] [MainThread] [systray_widget/systray.py:538]: Loading state from C:\Users\renat\AppData\Local\YASB\systray_state_LGELECTRONICSLGFHD283841.json
2025-11-03 11:18:48,757 [DEBUG] [TaskbarService] [systray_widget/systray.py:72]: TaskbarService thread is starting...
2025-11-03 11:18:48,763 [DEBUG] [TrayMonitor] [systray_widget/systray.py:58]: Systray thread is starting...
2025-11-03 11:18:48,772 [DEBUG] [TaskbarService] [root/tasks_service.py:75]: Found yasb systray hwnd: 67504
2025-11-03 11:18:48,772 [DEBUG] [TaskbarService] [systray_widget/tasks_service.py:81]: Adding TaskbandHWND prop to hwnd 67504
2025-11-03 11:18:53,629 [DEBUG] [MainThread] [systray_widget/systray.py:285]: Systray thread started
2025-11-03 11:18:53,830 [DEBUG] [TaskbarService] [systray_widget/tasks_service.py:81]: Adding TaskbandHWND prop to hwnd 67504
2025-11-03 11:18:53,830 [DEBUG] [TrayMonitor] [systray_widget/tray_monitor.py:228]: Finding real tray hwnd
2025-11-03 11:18:53,843 [DEBUG] [MainThread] [systray_widget/tray_monitor.py:154]: Sending TaskbarCreated message: 49294
2025-11-03 11:18:55,005 [DEBUG] [MainThread] [systray_widget/systray.py:476]: Re-sorting widgets
2025-11-03 11:18:55,019 [DEBUG] [MainThread] [systray_widget/systray.py:498]: Updating current state
2025-11-03 11:19:02,929 [DEBUG] [MainThread] [systray_widget/systray.py:476]: Re-sorting widgets
2025-11-03 11:19:02,929 [DEBUG] [MainThread] [systray_widget/systray.py:498]: Updating current state
2025-11-03 11:21:55,398 [INFO] [MainThread] [root/bar.py:147]: Screen geometry changed. Updating position for bar (primary-bar_LG FHD_949b586a)
2025-11-03 11:23:46,141 [DEBUG] [MainThread] [systray_widget/systray.py:476]: Re-sorting widgets
2025-11-03 11:23:46,141 [DEBUG] [MainThread] [systray_widget/systray.py:498]: Updating current state
2025-11-03 11:31:17,459 [INFO] [MainThread] [root/log.py:59]: YASB v1.8.3
2025-11-03 11:31:17,461 [INFO] [Thread-1 (_run_server)] [cli_server/cli_server.py:212]: CLI server started v1.1.2
2025-11-03 11:31:17,462 [INFO] [MainThread] [cli_server/cli_server.py:104]: Log pipe server started
2025-11-03 11:31:18,954 [DEBUG] [MainThread] [comtypes/__init__.py:149]: CoInitializeEx(None, 2)
2025-11-03 11:31:20,831 [DEBUG] [MainThread] [tzlocal/win32.py:55]: Looking up time zone info from registry
2025-11-03 11:31:27,903 [INFO] [MainThread] [root/bar_manager.py:85]: Starting WindowsNotificationEventListener...
2025-11-03 11:31:27,904 [INFO] [MainThread] [root/bar_manager.py:85]: Starting SystemEventListener...
2025-11-03 11:31:27,905 [INFO] [MainThread] [root/bar_manager.py:85]: Starting KomorebiEventListener...
2025-11-03 11:31:27,905 [INFO] [MainThread] [root/watcher.py:54]: Created file watcher for path C:\Users\renat\.config\yasb
2025-11-03 11:31:27,907 [INFO] [Dummy-5] [root/event_listener.py:51]: Created named pipe yasb-c869c7d1-b8c1-11f0-8527-dc45465b95c7
2025-11-03 11:31:27,967 [DEBUG] [MainThread] [qasync._windows._EventPoller/_windows.py:215]: Starting (proactor: <_IocpProactor overlapped#=0 result#=0>)...
2025-11-03 11:31:27,974 [DEBUG] [Dummy-9] [qasync._windows._EventWorker/_windows.py:195]: Thread started
2025-11-03 11:31:27,976 [DEBUG] [MainThread] [systray_widget/systray.py:538]: Loading state from C:\Users\renat\AppData\Local\YASB\systray_state_CHIMEIINNOLUXCORPORATIONDISPLAY1.json
2025-11-03 11:31:27,995 [DEBUG] [TrayMonitor] [systray_widget/systray.py:58]: Systray thread is starting...
2025-11-03 11:31:27,999 [DEBUG] [TaskbarService] [systray_widget/systray.py:72]: TaskbarService thread is starting...
2025-11-03 11:31:28,007 [DEBUG] [TaskbarService] [root/tasks_service.py:75]: Found yasb systray hwnd: 131514
2025-11-03 11:31:28,007 [DEBUG] [TaskbarService] [systray_widget/tasks_service.py:81]: Adding TaskbandHWND prop to hwnd 131514
2025-11-03 11:31:31,484 [DEBUG] [MainThread] [systray_widget/systray.py:285]: Systray thread started
2025-11-03 11:31:31,687 [DEBUG] [TaskbarService] [systray_widget/tasks_service.py:81]: Adding TaskbandHWND prop to hwnd 131514
2025-11-03 11:31:31,688 [DEBUG] [TrayMonitor] [systray_widget/tray_monitor.py:228]: Finding real tray hwnd
2025-11-03 11:31:31,703 [DEBUG] [MainThread] [systray_widget/tray_monitor.py:154]: Sending TaskbarCreated message: 49294
2025-11-03 11:31:32,719 [DEBUG] [MainThread] [systray_widget/systray.py:476]: Re-sorting widgets
2025-11-03 11:31:32,720 [DEBUG] [MainThread] [systray_widget/systray.py:498]: Updating current state
2025-11-03 11:31:48,329 [DEBUG] [MainThread] [systray_widget/systray.py:476]: Re-sorting widgets
2025-11-03 11:31:48,329 [DEBUG] [MainThread] [systray_widget/systray.py:498]: Updating current state
2025-11-03 11:33:35,000 [DEBUG] [MainThread] [systray_widget/systray.py:476]: Re-sorting widgets
2025-11-03 11:33:35,000 [DEBUG] [MainThread] [systray_widget/systray.py:498]: Updating current state
2025-11-03 12:29:08,787 [DEBUG] [MainThread] [systray_widget/systray.py:476]: Re-sorting widgets
2025-11-03 12:29:08,789 [DEBUG] [MainThread] [systray_widget/systray.py:498]: Updating current state
2025-11-03 12:29:10,840 [INFO] [MainThread] [root/bar.py:147]: Screen geometry changed. Updating position for bar (primary-bar_DISPLAY1_0de28f98)
2025-11-05 11:29:26,552 [DEBUG] [MainThread] [systray_widget/systray.py:476]: Re-sorting widgets
2025-11-05 11:29:26,563 [DEBUG] [MainThread] [systray_widget/systray.py:498]: Updating current state
2025-11-05 12:39:24,083 [DEBUG] [MainThread] [systray_widget/systray.py:476]: Re-sorting widgets
2025-11-05 12:39:24,087 [DEBUG] [MainThread] [systray_widget/systray.py:498]: Updating current state
2025-11-05 12:39:39,761 [DEBUG] [MainThread] [systray_widget/systray.py:476]: Re-sorting widgets
2025-11-05 12:39:39,761 [DEBUG] [MainThread] [systray_widget/systray.py:498]: Updating current state
2025-11-05 13:01:49,285 [DEBUG] [MainThread] [systray_widget/systray.py:476]: Re-sorting widgets
2025-11-05 13:01:49,285 [DEBUG] [MainThread] [systray_widget/systray.py:498]: Updating current state
2025-11-05 13:02:21,470 [DEBUG] [MainThread] [systray_widget/systray.py:476]: Re-sorting widgets
2025-11-05 13:02:21,470 [DEBUG] [MainThread] [systray_widget/systray.py:498]: Updating current state
2025-11-05 13:02:22,783 [DEBUG] [MainThread] [systray_widget/systray.py:476]: Re-sorting widgets
2025-11-05 13:02:22,783 [DEBUG] [MainThread] [systray_widget/systray.py:498]: Updating current state
2025-11-05 13:07:02,889 [DEBUG] [MainThread] [systray_widget/systray.py:476]: Re-sorting widgets
2025-11-05 13:07:02,889 [DEBUG] [MainThread] [systray_widget/systray.py:498]: Updating current state
2025-11-05 13:07:54,634 [DEBUG] [MainThread] [systray_widget/systray.py:476]: Re-sorting widgets
2025-11-05 13:07:54,634 [DEBUG] [MainThread] [systray_widget/systray.py:498]: Updating current state
2025-11-05 13:22:07,874 [DEBUG] [MainThread] [systray_widget/systray.py:476]: Re-sorting widgets
2025-11-05 13:22:07,874 [DEBUG] [MainThread] [systray_widget/systray.py:498]: Updating current state
2025-11-05 13:22:09,099 [DEBUG] [MainThread] [systray_widget/systray.py:476]: Re-sorting widgets
2025-11-05 13:22:09,099 [DEBUG] [MainThread] [systray_widget/systray.py:498]: Updating current state
2025-11-05 13:22:59,931 [DEBUG] [MainThread] [systray_widget/systray.py:476]: Re-sorting widgets
2025-11-05 13:22:59,931 [DEBUG] [MainThread] [systray_widget/systray.py:498]: Updating current state
2025-11-05 13:23:01,303 [DEBUG] [MainThread] [systray_widget/systray.py:476]: Re-sorting widgets
2025-11-05 13:23:01,303 [DEBUG] [MainThread] [systray_widget/systray.py:498]: Updating current state
2025-11-05 14:10:09,291 [DEBUG] [MainThread] [systray_widget/systray.py:476]: Re-sorting widgets
2025-11-05 14:10:09,291 [DEBUG] [MainThread] [systray_widget/systray.py:498]: Updating current state
2025-11-05 14:11:28,845 [DEBUG] [MainThread] [systray_widget/systray.py:476]: Re-sorting widgets
2025-11-05 14:11:28,845 [DEBUG] [MainThread] [systray_widget/systray.py:498]: Updating current state
2025-11-05 14:27:19,586 [DEBUG] [MainThread] [systray_widget/systray.py:476]: Re-sorting widgets
2025-11-05 14:27:19,587 [DEBUG] [MainThread] [systray_widget/systray.py:498]: Updating current state
2025-11-05 14:28:09,085 [DEBUG] [MainThread] [systray_widget/systray.py:476]: Re-sorting widgets
2025-11-05 14:28:09,085 [DEBUG] [MainThread] [systray_widget/systray.py:498]: Updating current state
2025-11-05 14:29:00,089 [DEBUG] [MainThread] [systray_widget/systray.py:476]: Re-sorting widgets
2025-11-05 14:29:00,089 [DEBUG] [MainThread] [systray_widget/systray.py:498]: Updating current state
2025-11-05 14:29:01,431 [DEBUG] [MainThread] [systray_widget/systray.py:476]: Re-sorting widgets
2025-11-05 14:29:01,431 [DEBUG] [MainThread] [systray_widget/systray.py:498]: Updating current state
2025-11-05 14:34:34,861 [DEBUG] [MainThread] [systray_widget/systray.py:476]: Re-sorting widgets
2025-11-05 14:34:34,861 [DEBUG] [MainThread] [systray_widget/systray.py:498]: Updating current state
2025-11-05 14:35:03,831 [DEBUG] [MainThread] [systray_widget/systray.py:476]: Re-sorting widgets
2025-11-05 14:35:03,831 [DEBUG] [MainThread] [systray_widget/systray.py:498]: Updating current state
2025-11-05 14:35:55,563 [DEBUG] [MainThread] [systray_widget/systray.py:476]: Re-sorting widgets
2025-11-05 14:35:55,563 [DEBUG] [MainThread] [systray_widget/systray.py:498]: Updating current state
2025-11-05 14:35:56,837 [DEBUG] [MainThread] [systray_widget/systray.py:476]: Re-sorting widgets
2025-11-05 14:35:56,837 [DEBUG] [MainThread] [systray_widget/systray.py:498]: Updating current state
2025-11-05 15:05:24,966 [DEBUG] [MainThread] [systray_widget/systray.py:476]: Re-sorting widgets
2025-11-05 15:05:24,966 [DEBUG] [MainThread] [systray_widget/systray.py:498]: Updating current state
2025-11-05 15:05:51,505 [DEBUG] [MainThread] [systray_widget/systray.py:476]: Re-sorting widgets
2025-11-05 15:05:51,505 [DEBUG] [MainThread] [systray_widget/systray.py:498]: Updating current state
2025-11-05 15:48:41,460 [DEBUG] [MainThread] [systray_widget/systray.py:476]: Re-sorting widgets
2025-11-05 15:48:41,460 [DEBUG] [MainThread] [systray_widget/systray.py:498]: Updating current state
2025-11-05 15:52:02,943 [DEBUG] [MainThread] [systray_widget/systray.py:476]: Re-sorting widgets
2025-11-05 15:52:02,943 [DEBUG] [MainThread] [systray_widget/systray.py:498]: Updating current state
2025-11-05 15:54:10,658 [DEBUG] [MainThread] [systray_widget/systray.py:476]: Re-sorting widgets
2025-11-05 15:54:10,658 [DEBUG] [MainThread] [systray_widget/systray.py:498]: Updating current state
2025-11-05 15:59:14,435 [DEBUG] [MainThread] [systray_widget/systray.py:476]: Re-sorting widgets
2025-11-05 15:59:14,435 [DEBUG] [MainThread] [systray_widget/systray.py:498]: Updating current state
2025-11-05 15:59:15,692 [DEBUG] [MainThread] [systray_widget/systray.py:476]: Re-sorting widgets
2025-11-05 15:59:15,692 [DEBUG] [MainThread] [systray_widget/systray.py:498]: Updating current state
2025-11-05 18:27:35,817 [DEBUG] [MainThread] [systray_widget/systray.py:476]: Re-sorting widgets
2025-11-05 18:27:35,817 [DEBUG] [MainThread] [systray_widget/systray.py:498]: Updating current state
2025-11-05 18:28:13,054 [DEBUG] [MainThread] [systray_widget/systray.py:476]: Re-sorting widgets
2025-11-05 18:28:13,054 [DEBUG] [MainThread] [systray_widget/systray.py:498]: Updating current state
2025-11-05 18:28:34,084 [DEBUG] [MainThread] [systray_widget/systray.py:476]: Re-sorting widgets
2025-11-05 18:28:34,084 [DEBUG] [MainThread] [systray_widget/systray.py:498]: Updating current state
2025-11-05 18:35:34,349 [DEBUG] [MainThread] [systray_widget/systray.py:476]: Re-sorting widgets
2025-11-05 18:35:34,349 [DEBUG] [MainThread] [systray_widget/systray.py:498]: Updating current state
2025-11-05 18:36:02,702 [DEBUG] [MainThread] [systray_widget/systray.py:476]: Re-sorting widgets
2025-11-05 18:36:02,702 [DEBUG] [MainThread] [systray_widget/systray.py:498]: Updating current state
2025-11-05 18:36:03,990 [DEBUG] [MainThread] [systray_widget/systray.py:476]: Re-sorting widgets
2025-11-05 18:36:03,990 [DEBUG] [MainThread] [systray_widget/systray.py:498]: Updating current state
2025-11-05 18:47:00,235 [DEBUG] [MainThread] [systray_widget/systray.py:476]: Re-sorting widgets
2025-11-05 18:47:00,235 [DEBUG] [MainThread] [systray_widget/systray.py:498]: Updating current state
2025-11-05 18:47:40,259 [DEBUG] [MainThread] [systray_widget/systray.py:476]: Re-sorting widgets
2025-11-05 18:47:40,259 [DEBUG] [MainThread] [systray_widget/systray.py:498]: Updating current state
2025-11-05 18:47:41,586 [DEBUG] [MainThread] [systray_widget/systray.py:476]: Re-sorting widgets
2025-11-05 18:47:41,586 [DEBUG] [MainThread] [systray_widget/systray.py:498]: Updating current state
2025-11-05 19:01:29,008 [DEBUG] [MainThread] [systray_widget/systray.py:476]: Re-sorting widgets
2025-11-05 19:01:29,008 [DEBUG] [MainThread] [systray_widget/systray.py:498]: Updating current state
2025-11-05 19:02:07,851 [DEBUG] [MainThread] [systray_widget/systray.py:476]: Re-sorting widgets
2025-11-05 19:02:07,851 [DEBUG] [MainThread] [systray_widget/systray.py:498]: Updating current state
2025-11-05 19:09:19,800 [DEBUG] [MainThread] [systray_widget/systray.py:476]: Re-sorting widgets
2025-11-05 19:09:19,800 [DEBUG] [MainThread] [systray_widget/systray.py:498]: Updating current state
2025-11-05 19:09:48,275 [DEBUG] [MainThread] [systray_widget/systray.py:476]: Re-sorting widgets
2025-11-05 19:09:48,275 [DEBUG] [MainThread] [systray_widget/systray.py:498]: Updating current state
2025-11-05 19:10:38,457 [DEBUG] [MainThread] [systray_widget/systray.py:476]: Re-sorting widgets
2025-11-05 19:10:38,457 [DEBUG] [MainThread] [systray_widget/systray.py:498]: Updating current state
2025-11-05 19:15:36,300 [DEBUG] [MainThread] [systray_widget/systray.py:476]: Re-sorting widgets
2025-11-05 19:15:36,300 [DEBUG] [MainThread] [systray_widget/systray.py:498]: Updating current state
2025-11-05 19:16:01,530 [DEBUG] [MainThread] [systray_widget/systray.py:476]: Re-sorting widgets
2025-11-05 19:16:01,530 [DEBUG] [MainThread] [systray_widget/systray.py:498]: Updating current state
2025-11-06 11:39:36,394 [INFO] [MainThread] [root/bar.py:147]: Screen geometry changed. Updating position for bar (primary-bar_DISPLAY1_0de28f98)
2025-11-06 11:40:38,502 [DEBUG] [MainThread] [systray_widget/systray.py:476]: Re-sorting widgets
2025-11-06 11:40:38,502 [DEBUG] [MainThread] [systray_widget/systray.py:498]: Updating current state
2025-11-06 11:40:41,489 [DEBUG] [MainThread] [systray_widget/systray.py:476]: Re-sorting widgets
2025-11-06 11:40:41,489 [DEBUG] [MainThread] [systray_widget/systray.py:498]: Updating current state
2025-11-06 11:40:45,390 [DEBUG] [MainThread] [systray_widget/systray.py:476]: Re-sorting widgets
2025-11-06 11:40:45,390 [DEBUG] [MainThread] [systray_widget/systray.py:498]: Updating current state
2025-11-06 11:42:19,259 [DEBUG] [MainThread] [systray_widget/systray.py:476]: Re-sorting widgets
2025-11-06 11:42:19,259 [DEBUG] [MainThread] [systray_widget/systray.py:498]: Updating current state
2025-11-06 11:42:22,261 [DEBUG] [MainThread] [systray_widget/systray.py:476]: Re-sorting widgets
2025-11-06 11:42:22,261 [DEBUG] [MainThread] [systray_widget/systray.py:498]: Updating current state
2025-11-06 11:42:26,039 [DEBUG] [MainThread] [systray_widget/systray.py:476]: Re-sorting widgets
2025-11-06 11:42:26,039 [DEBUG] [MainThread] [systray_widget/systray.py:498]: Updating current state
2025-11-06 11:42:44,434 [ERROR] [TrayMonitor] [root/app_icons.py:170]: GetIconInfo failed: 0
2025-11-06 11:42:45,368 [DEBUG] [MainThread] [systray_widget/systray.py:476]: Re-sorting widgets
2025-11-06 11:42:45,368 [DEBUG] [MainThread] [systray_widget/systray.py:498]: Updating current state
2025-11-06 11:43:47,126 [DEBUG] [MainThread] [systray_widget/systray.py:476]: Re-sorting widgets
2025-11-06 11:43:47,126 [DEBUG] [MainThread] [systray_widget/systray.py:498]: Updating current state
2025-11-06 11:44:35,642 [INFO] [MainThread] [root/bar.py:147]: Screen geometry changed. Updating position for bar (primary-bar_DISPLAY1_0de28f98)
2025-11-06 11:44:42,254 [INFO] [MainThread] [root/bar.py:147]: Screen geometry changed. Updating position for bar (primary-bar_DISPLAY1_0de28f98)
2025-11-06 11:44:58,675 [DEBUG] [MainThread] [systray_widget/systray.py:476]: Re-sorting widgets
2025-11-06 11:44:58,675 [DEBUG] [MainThread] [systray_widget/systray.py:498]: Updating current state
2025-11-06 11:45:01,648 [DEBUG] [MainThread] [systray_widget/systray.py:476]: Re-sorting widgets
2025-11-06 11:45:01,648 [DEBUG] [MainThread] [systray_widget/systray.py:498]: Updating current state
2025-11-06 11:45:05,524 [DEBUG] [MainThread] [systray_widget/systray.py:476]: Re-sorting widgets
2025-11-06 11:45:05,526 [DEBUG] [MainThread] [systray_widget/systray.py:498]: Updating current state
2025-11-06 11:46:39,054 [DEBUG] [MainThread] [systray_widget/systray.py:476]: Re-sorting widgets
2025-11-06 11:46:39,054 [DEBUG] [MainThread] [systray_widget/systray.py:498]: Updating current state
2025-11-06 11:46:45,530 [DEBUG] [MainThread] [systray_widget/systray.py:476]: Re-sorting widgets
2025-11-06 11:46:45,530 [DEBUG] [MainThread] [systray_widget/systray.py:498]: Updating current state
2025-11-06 11:46:46,573 [DEBUG] [MainThread] [systray_widget/systray.py:476]: Re-sorting widgets
2025-11-06 11:46:46,574 [DEBUG] [MainThread] [systray_widget/systray.py:498]: Updating current state
2025-11-06 11:47:25,219 [INFO] [MainThread] [root/bar.py:147]: Screen geometry changed. Updating position for bar (primary-bar_DISPLAY1_0de28f98)
2025-11-06 11:47:29,536 [DEBUG] [MainThread] [systray_widget/systray.py:476]: Re-sorting widgets
2025-11-06 11:47:29,536 [DEBUG] [MainThread] [systray_widget/systray.py:498]: Updating current state
2025-11-06 11:47:33,499 [DEBUG] [MainThread] [systray_widget/systray.py:476]: Re-sorting widgets
2025-11-06 11:47:33,499 [DEBUG] [MainThread] [systray_widget/systray.py:498]: Updating current state
2025-11-06 11:47:39,652 [DEBUG] [MainThread] [systray_widget/systray.py:476]: Re-sorting widgets
2025-11-06 11:47:39,652 [DEBUG] [MainThread] [systray_widget/systray.py:498]: Updating current state
2025-11-06 11:47:42,592 [DEBUG] [MainThread] [systray_widget/systray.py:476]: Re-sorting widgets
2025-11-06 11:47:42,592 [DEBUG] [MainThread] [systray_widget/systray.py:498]: Updating current state
2025-11-06 11:47:43,332 [INFO] [MainThread] [root/bar.py:147]: Screen geometry changed. Updating position for bar (primary-bar_DISPLAY1_0de28f98)
2025-11-06 11:47:46,587 [DEBUG] [MainThread] [systray_widget/systray.py:476]: Re-sorting widgets
2025-11-06 11:47:46,587 [DEBUG] [MainThread] [systray_widget/systray.py:498]: Updating current state
2025-11-06 12:16:53,660 [DEBUG] [MainThread] [systray_widget/systray.py:476]: Re-sorting widgets
2025-11-06 12:16:53,663 [DEBUG] [MainThread] [systray_widget/systray.py:498]: Updating current state
2025-11-06 14:26:41,208 [DEBUG] [MainThread] [systray_widget/systray.py:476]: Re-sorting widgets
2025-11-06 14:26:41,219 [DEBUG] [MainThread] [systray_widget/systray.py:498]: Updating current state
2025-11-06 14:34:31,005 [DEBUG] [MainThread] [systray_widget/systray.py:476]: Re-sorting widgets
2025-11-06 14:34:31,005 [DEBUG] [MainThread] [systray_widget/systray.py:498]: Updating current state
2025-11-06 14:35:07,701 [DEBUG] [MainThread] [systray_widget/systray.py:476]: Re-sorting widgets
2025-11-06 14:35:07,701 [DEBUG] [MainThread] [systray_widget/systray.py:498]: Updating current state
2025-11-06 14:52:48,472 [DEBUG] [MainThread] [systray_widget/systray.py:476]: Re-sorting widgets
2025-11-06 14:52:48,475 [DEBUG] [MainThread] [systray_widget/systray.py:498]: Updating current state
2025-11-06 14:54:00,285 [DEBUG] [MainThread] [systray_widget/systray.py:476]: Re-sorting widgets
2025-11-06 14:54:00,285 [DEBUG] [MainThread] [systray_widget/systray.py:498]: Updating current state
2025-11-06 14:58:01,801 [DEBUG] [MainThread] [systray_widget/systray.py:476]: Re-sorting widgets
2025-11-06 14:58:01,801 [DEBUG] [MainThread] [systray_widget/systray.py:498]: Updating current state
2025-11-06 14:59:07,534 [DEBUG] [MainThread] [systray_widget/systray.py:476]: Re-sorting widgets
2025-11-06 14:59:07,534 [DEBUG] [MainThread] [systray_widget/systray.py:498]: Updating current state
2025-11-06 15:32:03,069 [DEBUG] [MainThread] [systray_widget/systray.py:476]: Re-sorting widgets
2025-11-06 15:32:03,073 [DEBUG] [MainThread] [systray_widget/systray.py:498]: Updating current state
2025-11-06 15:33:03,972 [DEBUG] [MainThread] [systray_widget/systray.py:476]: Re-sorting widgets
2025-11-06 15:33:03,972 [DEBUG] [MainThread] [systray_widget/systray.py:498]: Updating current state
2025-11-06 15:33:14,504 [DEBUG] [MainThread] [systray_widget/systray.py:476]: Re-sorting widgets
2025-11-06 15:33:14,504 [DEBUG] [MainThread] [systray_widget/systray.py:498]: Updating current state
2025-11-06 15:38:18,678 [DEBUG] [MainThread] [systray_widget/systray.py:476]: Re-sorting widgets
2025-11-06 15:38:18,678 [DEBUG] [MainThread] [systray_widget/systray.py:498]: Updating current state
2025-11-06 15:39:32,224 [DEBUG] [MainThread] [systray_widget/systray.py:476]: Re-sorting widgets
2025-11-06 15:39:32,224 [DEBUG] [MainThread] [systray_widget/systray.py:498]: Updating current state
2025-11-06 15:39:36,636 [DEBUG] [MainThread] [systray_widget/systray.py:476]: Re-sorting widgets
2025-11-06 15:39:36,636 [DEBUG] [MainThread] [systray_widget/systray.py:498]: Updating current state
2025-11-06 16:41:35,059 [DEBUG] [MainThread] [systray_widget/systray.py:476]: Re-sorting widgets
2025-11-06 16:41:35,060 [DEBUG] [MainThread] [systray_widget/systray.py:498]: Updating current state
2025-11-06 16:42:59,507 [DEBUG] [MainThread] [systray_widget/systray.py:476]: Re-sorting widgets
2025-11-06 16:42:59,507 [DEBUG] [MainThread] [systray_widget/systray.py:498]: Updating current state
2025-11-07 09:57:31,417 [INFO] [MainThread] [root/bar.py:147]: Screen geometry changed. Updating position for bar (primary-bar_DISPLAY1_0de28f98)
2025-11-07 09:57:53,328 [INFO] [MainThread] [root/bar.py:147]: Screen geometry changed. Updating position for bar (primary-bar_DISPLAY1_0de28f98)
2025-11-07 09:57:58,590 [DEBUG] [MainThread] [systray_widget/systray.py:476]: Re-sorting widgets
2025-11-07 09:57:58,596 [DEBUG] [MainThread] [systray_widget/systray.py:498]: Updating current state
2025-11-07 10:05:25,523 [DEBUG] [MainThread] [systray_widget/systray.py:476]: Re-sorting widgets
2025-11-07 10:05:25,524 [DEBUG] [MainThread] [systray_widget/systray.py:498]: Updating current state
2025-11-07 10:05:44,247 [DEBUG] [MainThread] [systray_widget/systray.py:476]: Re-sorting widgets
2025-11-07 10:05:44,247 [DEBUG] [MainThread] [systray_widget/systray.py:498]: Updating current state
2025-11-07 11:40:07,574 [INFO] [MainThread] [root/bar.py:147]: Screen geometry changed. Updating position for bar (primary-bar_DISPLAY1_0de28f98)
2025-11-07 11:40:43,180 [DEBUG] [MainThread] [systray_widget/systray.py:476]: Re-sorting widgets
2025-11-07 11:40:43,180 [DEBUG] [MainThread] [systray_widget/systray.py:498]: Updating current state
2025-11-07 11:42:17,476 [DEBUG] [MainThread] [systray_widget/systray.py:476]: Re-sorting widgets
2025-11-07 11:42:17,476 [DEBUG] [MainThread] [systray_widget/systray.py:498]: Updating current state
2025-11-07 12:55:03,976 [INFO] [MainThread] [root/bar.py:147]: Screen geometry changed. Updating position for bar (primary-bar_DISPLAY1_0de28f98)
2025-11-07 14:01:08,045 [DEBUG] [MainThread] [systray_widget/systray.py:476]: Re-sorting widgets
2025-11-07 14:01:08,050 [DEBUG] [MainThread] [systray_widget/systray.py:498]: Updating current state
2025-11-07 14:01:32,509 [DEBUG] [MainThread] [systray_widget/systray.py:476]: Re-sorting widgets
2025-11-07 14:01:32,509 [DEBUG] [MainThread] [systray_widget/systray.py:498]: Updating current state
2025-11-07 14:01:34,040 [DEBUG] [MainThread] [systray_widget/systray.py:476]: Re-sorting widgets
2025-11-07 14:01:34,041 [DEBUG] [MainThread] [systray_widget/systray.py:498]: Updating current state
2025-11-07 14:01:43,851 [DEBUG] [MainThread] [systray_widget/systray.py:476]: Re-sorting widgets
2025-11-07 14:01:43,851 [DEBUG] [MainThread] [systray_widget/systray.py:498]: Updating current state
2025-11-07 15:42:37,900 [INFO] [MainThread] [root/bar.py:147]: Screen geometry changed. Updating position for bar (primary-bar_DISPLAY1_0de28f98)
2025-11-07 15:43:15,109 [DEBUG] [MainThread] [systray_widget/systray.py:476]: Re-sorting widgets
2025-11-07 15:43:15,109 [DEBUG] [MainThread] [systray_widget/systray.py:498]: Updating current state
2025-11-07 15:44:07,100 [DEBUG] [MainThread] [systray_widget/systray.py:476]: Re-sorting widgets
2025-11-07 15:44:07,101 [DEBUG] [MainThread] [systray_widget/systray.py:498]: Updating current state
2025-11-07 15:56:34,243 [DEBUG] [MainThread] [systray_widget/systray.py:476]: Re-sorting widgets
2025-11-07 15:56:34,245 [DEBUG] [MainThread] [systray_widget/systray.py:498]: Updating current state
2025-11-07 17:27:44,600 [INFO] [MainThread] [root/bar.py:147]: Screen geometry changed. Updating position for bar (primary-bar_DISPLAY1_0de28f98)
2025-11-10 11:14:14,811 [INFO] [MainThread] [root/bar.py:147]: Screen geometry changed. Updating position for bar (primary-bar_DISPLAY1_0de28f98)
2025-11-10 12:11:36,329 [DEBUG] [MainThread] [systray_widget/systray.py:476]: Re-sorting widgets
2025-11-10 12:11:36,335 [DEBUG] [MainThread] [systray_widget/systray.py:498]: Updating current state
2025-11-10 12:12:32,503 [INFO] [MainThread] [root/bar.py:147]: Screen geometry changed. Updating position for bar (primary-bar_DISPLAY1_0de28f98)
2025-11-10 15:56:57,131 [DEBUG] [MainThread] [systray_widget/systray.py:476]: Re-sorting widgets
2025-11-10 15:56:57,134 [DEBUG] [MainThread] [systray_widget/systray.py:498]: Updating current state
2025-11-10 15:57:11,673 [DEBUG] [MainThread] [systray_widget/systray.py:476]: Re-sorting widgets
2025-11-10 15:57:11,673 [DEBUG] [MainThread] [systray_widget/systray.py:498]: Updating current state
2025-11-10 16:04:43,437 [DEBUG] [MainThread] [systray_widget/systray.py:476]: Re-sorting widgets
2025-11-10 16:04:43,437 [DEBUG] [MainThread] [systray_widget/systray.py:498]: Updating current state
2025-11-10 16:05:10,048 [DEBUG] [MainThread] [systray_widget/systray.py:476]: Re-sorting widgets
2025-11-10 16:05:10,048 [DEBUG] [MainThread] [systray_widget/systray.py:498]: Updating current state
2025-11-10 16:05:25,838 [DEBUG] [MainThread] [systray_widget/systray.py:476]: Re-sorting widgets
2025-11-10 16:05:25,838 [DEBUG] [MainThread] [systray_widget/systray.py:498]: Updating current state
2025-11-10 16:05:28,806 [DEBUG] [MainThread] [systray_widget/systray.py:476]: Re-sorting widgets
2025-11-10 16:05:28,807 [DEBUG] [MainThread] [systray_widget/systray.py:498]: Updating current state
2025-11-10 16:09:25,584 [DEBUG] [MainThread] [systray_widget/systray.py:476]: Re-sorting widgets
2025-11-10 16:09:25,584 [DEBUG] [MainThread] [systray_widget/systray.py:498]: Updating current state
2025-11-10 16:10:31,049 [DEBUG] [MainThread] [systray_widget/systray.py:476]: Re-sorting widgets
2025-11-10 16:10:31,049 [DEBUG] [MainThread] [systray_widget/systray.py:498]: Updating current state
2025-11-10 17:47:25,194 [DEBUG] [MainThread] [systray_widget/systray.py:476]: Re-sorting widgets
2025-11-10 17:47:25,198 [DEBUG] [MainThread] [systray_widget/systray.py:498]: Updating current state
2025-11-11 14:26:17,038 [INFO] [MainThread] [root/bar_manager.py:92]: Stopping WindowsNotificationEventListener...
2025-11-11 14:26:17,048 [INFO] [MainThread] [root/bar_manager.py:92]: Stopping SystemEventListener...
2025-11-11 14:26:17,050 [INFO] [MainThread] [root/bar_manager.py:92]: Stopping KomorebiEventListener...
2025-11-11 14:26:17,050 [DEBUG] [MainThread] [systray_widget/systray.py:498]: Updating current state
2025-11-11 14:26:17,050 [DEBUG] [MainThread] [systray_widget/systray.py:516]: Saving state to disk
2025-11-11 14:26:17,062 [DEBUG] [MainThread] [systray_widget/systray.py:520]: Saving state to C:\Users\renat\AppData\Local\YASB\systray_state_CHIMEIINNOLUXCORPORATIONDISPLAY1.json
2025-11-11 15:36:48,748 [INFO] [MainThread] [root/log.py:59]: YASB v1.8.3
2025-11-11 15:36:48,748 [INFO] [Thread-1 (_run_server)] [cli_server/cli_server.py:212]: CLI server started v1.1.2
2025-11-11 15:36:48,748 [INFO] [MainThread] [cli_server/cli_server.py:104]: Log pipe server started
2025-11-11 15:36:50,084 [DEBUG] [MainThread] [comtypes/__init__.py:149]: CoInitializeEx(None, 2)
2025-11-11 15:36:51,532 [DEBUG] [MainThread] [tzlocal/win32.py:55]: Looking up time zone info from registry
2025-11-11 15:36:58,360 [INFO] [MainThread] [root/bar_manager.py:85]: Starting SystemEventListener...
2025-11-11 15:36:58,360 [INFO] [MainThread] [root/bar_manager.py:85]: Starting KomorebiEventListener...
2025-11-11 15:36:58,360 [INFO] [MainThread] [root/bar_manager.py:85]: Starting WindowsNotificationEventListener...
2025-11-11 15:36:58,362 [INFO] [Dummy-3] [root/event_listener.py:51]: Created named pipe yasb-67c0bb75-bf2d-11f0-b37c-dc45465b95c7
2025-11-11 15:36:58,364 [INFO] [MainThread] [root/watcher.py:54]: Created file watcher for path C:\Users\renat\.config\yasb
2025-11-11 15:36:58,432 [DEBUG] [MainThread] [qasync._windows._EventPoller/_windows.py:215]: Starting (proactor: <_IocpProactor overlapped#=0 result#=0>)...
2025-11-11 15:36:58,434 [DEBUG] [Dummy-9] [qasync._windows._EventWorker/_windows.py:195]: Thread started
2025-11-11 15:36:58,434 [DEBUG] [MainThread] [systray_widget/systray.py:538]: Loading state from C:\Users\renat\AppData\Local\YASB\systray_state_LGELECTRONICSLGFHD283841.json
2025-11-11 15:36:58,481 [DEBUG] [TrayMonitor] [systray_widget/systray.py:58]: Systray thread is starting...
2025-11-11 15:36:58,481 [DEBUG] [TaskbarService] [systray_widget/systray.py:72]: TaskbarService thread is starting...
2025-11-11 15:36:58,484 [DEBUG] [TaskbarService] [root/tasks_service.py:75]: Found yasb systray hwnd: 67584
2025-11-11 15:36:58,484 [DEBUG] [TaskbarService] [systray_widget/tasks_service.py:81]: Adding TaskbandHWND prop to hwnd 67584
2025-11-11 15:37:00,128 [DEBUG] [TrayMonitor] [systray_widget/tray_monitor.py:228]: Finding real tray hwnd
2025-11-11 15:37:01,308 [DEBUG] [MainThread] [systray_widget/systray.py:285]: Systray thread started
2025-11-11 15:37:01,512 [DEBUG] [TaskbarService] [systray_widget/tasks_service.py:81]: Adding TaskbandHWND prop to hwnd 67584
2025-11-11 15:37:01,520 [DEBUG] [MainThread] [systray_widget/tray_monitor.py:154]: Sending TaskbarCreated message: 49271
2025-11-11 15:37:02,602 [DEBUG] [MainThread] [systray_widget/systray.py:476]: Re-sorting widgets
2025-11-11 15:37:02,602 [DEBUG] [MainThread] [systray_widget/systray.py:498]: Updating current state
2025-11-11 15:37:10,571 [DEBUG] [MainThread] [systray_widget/systray.py:476]: Re-sorting widgets
2025-11-11 15:37:10,571 [DEBUG] [MainThread] [systray_widget/systray.py:498]: Updating current state
2025-11-11 16:00:54,818 [INFO] [MainThread] [root/bar.py:147]: Screen geometry changed. Updating position for bar (primary-bar_LG FHD_0516de04)
2025-11-11 18:01:04,086 [INFO] [MainThread] [root/bar.py:147]: Screen geometry changed. Updating position for bar (primary-bar_LG FHD_0516de04)
2025-11-11 18:01:11,033 [DEBUG] [MainThread] [systray_widget/systray.py:476]: Re-sorting widgets
2025-11-11 18:01:11,033 [DEBUG] [MainThread] [systray_widget/systray.py:498]: Updating current state
2025-11-11 18:06:50,933 [DEBUG] [MainThread] [systray_widget/systray.py:476]: Re-sorting widgets
2025-11-11 18:06:50,933 [DEBUG] [MainThread] [systray_widget/systray.py:498]: Updating current state
2025-11-11 18:08:37,643 [DEBUG] [MainThread] [systray_widget/systray.py:476]: Re-sorting widgets
2025-11-11 18:08:37,644 [DEBUG] [MainThread] [systray_widget/systray.py:498]: Updating current state
2025-11-11 18:09:41,202 [DEBUG] [MainThread] [systray_widget/systray.py:476]: Re-sorting widgets
2025-11-11 18:09:41,202 [DEBUG] [MainThread] [systray_widget/systray.py:498]: Updating current state
2025-11-11 18:10:22,935 [DEBUG] [MainThread] [systray_widget/systray.py:476]: Re-sorting widgets
2025-11-11 18:10:22,935 [DEBUG] [MainThread] [systray_widget/systray.py:498]: Updating current state
2025-11-11 18:22:14,256 [DEBUG] [MainThread] [systray_widget/systray.py:476]: Re-sorting widgets
2025-11-11 18:22:14,256 [DEBUG] [MainThread] [systray_widget/systray.py:498]: Updating current state
2025-11-11 18:25:28,970 [DEBUG] [MainThread] [systray_widget/systray.py:476]: Re-sorting widgets
2025-11-11 18:25:28,970 [DEBUG] [MainThread] [systray_widget/systray.py:498]: Updating current state
2025-11-11 18:49:44,181 [DEBUG] [MainThread] [systray_widget/systray.py:476]: Re-sorting widgets
2025-11-11 18:49:44,181 [DEBUG] [MainThread] [systray_widget/systray.py:498]: Updating current state
2025-11-11 18:52:56,786 [DEBUG] [MainThread] [systray_widget/systray.py:476]: Re-sorting widgets
2025-11-11 18:52:56,786 [DEBUG] [MainThread] [systray_widget/systray.py:498]: Updating current state
2025-11-11 18:53:38,783 [DEBUG] [MainThread] [systray_widget/systray.py:476]: Re-sorting widgets
2025-11-11 18:53:38,784 [DEBUG] [MainThread] [systray_widget/systray.py:498]: Updating current state
2025-11-11 18:58:38,387 [DEBUG] [MainThread] [systray_widget/systray.py:476]: Re-sorting widgets
2025-11-11 18:58:38,387 [DEBUG] [MainThread] [systray_widget/systray.py:498]: Updating current state
2025-11-11 19:07:46,361 [DEBUG] [MainThread] [systray_widget/systray.py:476]: Re-sorting widgets
2025-11-11 19:07:46,363 [DEBUG] [MainThread] [systray_widget/systray.py:498]: Updating current state
2025-11-11 19:09:23,016 [DEBUG] [MainThread] [systray_widget/systray.py:476]: Re-sorting widgets
2025-11-11 19:09:23,016 [DEBUG] [MainThread] [systray_widget/systray.py:498]: Updating current state
2025-11-11 19:09:50,890 [DEBUG] [MainThread] [systray_widget/systray.py:476]: Re-sorting widgets
2025-11-11 19:09:50,890 [DEBUG] [MainThread] [systray_widget/systray.py:498]: Updating current state
2025-11-11 19:14:41,507 [DEBUG] [MainThread] [systray_widget/systray.py:476]: Re-sorting widgets
2025-11-11 19:14:41,507 [DEBUG] [MainThread] [systray_widget/systray.py:498]: Updating current state
2025-11-12 11:38:17,277 [INFO] [MainThread] [root/bar.py:147]: Screen geometry changed. Updating position for bar (primary-bar_LG FHD_0516de04)
2025-11-12 11:39:05,357 [DEBUG] [MainThread] [systray_widget/systray.py:476]: Re-sorting widgets
2025-11-12 11:39:05,357 [DEBUG] [MainThread] [systray_widget/systray.py:498]: Updating current state
2025-11-12 12:00:14,020 [DEBUG] [MainThread] [systray_widget/systray.py:476]: Re-sorting widgets
2025-11-12 12:00:14,020 [DEBUG] [MainThread] [systray_widget/systray.py:498]: Updating current state
2025-11-12 12:10:19,817 [DEBUG] [MainThread] [systray_widget/systray.py:476]: Re-sorting widgets
2025-11-12 12:10:19,817 [DEBUG] [MainThread] [systray_widget/systray.py:498]: Updating current state
2025-11-12 12:10:24,412 [INFO] [MainThread] [root/bar.py:147]: Screen geometry changed. Updating position for bar (primary-bar_LG FHD_0516de04)
2025-11-12 12:40:07,509 [INFO] [MainThread] [root/bar_manager.py:92]: Stopping SystemEventListener...
2025-11-12 12:40:07,509 [INFO] [MainThread] [root/bar_manager.py:92]: Stopping KomorebiEventListener...
2025-11-12 12:40:07,509 [INFO] [MainThread] [root/bar_manager.py:92]: Stopping WindowsNotificationEventListener...
2025-11-12 12:40:07,525 [DEBUG] [MainThread] [systray_widget/systray.py:498]: Updating current state
2025-11-12 12:40:07,525 [DEBUG] [MainThread] [systray_widget/systray.py:516]: Saving state to disk
2025-11-12 12:40:07,533 [DEBUG] [MainThread] [systray_widget/systray.py:520]: Saving state to C:\Users\renat\AppData\Local\YASB\systray_state_LGELECTRONICSLGFHD283841.json
2025-11-12 12:46:25,544 [INFO] [MainThread] [root/log.py:59]: YASB v1.8.3
2025-11-12 12:46:25,556 [INFO] [Thread-1 (_run_server)] [cli_server/cli_server.py:212]: CLI server started v1.1.2
2025-11-12 12:46:25,560 [INFO] [MainThread] [cli_server/cli_server.py:104]: Log pipe server started
2025-11-12 12:46:26,994 [DEBUG] [MainThread] [comtypes/__init__.py:149]: CoInitializeEx(None, 2)
2025-11-12 12:46:28,328 [DEBUG] [MainThread] [tzlocal/win32.py:55]: Looking up time zone info from registry
2025-11-12 12:46:33,891 [INFO] [MainThread] [root/bar_manager.py:85]: Starting KomorebiEventListener...
2025-11-12 12:46:33,893 [INFO] [MainThread] [root/bar_manager.py:85]: Starting SystemEventListener...
2025-11-12 12:46:33,893 [INFO] [MainThread] [root/bar_manager.py:85]: Starting WindowsNotificationEventListener...
2025-11-12 12:46:33,893 [INFO] [MainThread] [root/watcher.py:54]: Created file watcher for path C:\Users\renat\.config\yasb
2025-11-12 12:46:33,893 [INFO] [Dummy-5] [root/event_listener.py:51]: Created named pipe yasb-c3e8a597-bfde-11f0-8c11-dc45465b95c4
2025-11-12 12:46:33,932 [DEBUG] [MainThread] [qasync._windows._EventPoller/_windows.py:215]: Starting (proactor: <_IocpProactor overlapped#=0 result#=0>)...
2025-11-12 12:46:33,932 [DEBUG] [Dummy-9] [qasync._windows._EventWorker/_windows.py:195]: Thread started
2025-11-12 12:46:33,932 [DEBUG] [MainThread] [systray_widget/systray.py:538]: Loading state from C:\Users\renat\AppData\Local\YASB\systray_state_LGELECTRONICSLGFHD283841.json
2025-11-12 12:46:33,945 [DEBUG] [TrayMonitor] [systray_widget/systray.py:58]: Systray thread is starting...
2025-11-12 12:46:33,945 [DEBUG] [TaskbarService] [systray_widget/systray.py:72]: TaskbarService thread is starting...
2025-11-12 12:46:33,956 [DEBUG] [TaskbarService] [root/tasks_service.py:75]: Found yasb systray hwnd: 67402
2025-11-12 12:46:33,956 [DEBUG] [TaskbarService] [systray_widget/tasks_service.py:81]: Adding TaskbandHWND prop to hwnd 67402
2025-11-12 12:46:36,097 [DEBUG] [MainThread] [systray_widget/systray.py:285]: Systray thread started
2025-11-12 12:46:36,299 [DEBUG] [TaskbarService] [systray_widget/tasks_service.py:81]: Adding TaskbandHWND prop to hwnd 67402
2025-11-12 12:46:36,299 [DEBUG] [TrayMonitor] [systray_widget/tray_monitor.py:228]: Finding real tray hwnd
2025-11-12 12:46:36,307 [DEBUG] [MainThread] [systray_widget/tray_monitor.py:154]: Sending TaskbarCreated message: 49294
2025-11-12 12:46:37,391 [DEBUG] [MainThread] [systray_widget/systray.py:476]: Re-sorting widgets
2025-11-12 12:46:37,394 [DEBUG] [MainThread] [systray_widget/systray.py:498]: Updating current state
2025-11-12 12:46:45,368 [DEBUG] [MainThread] [systray_widget/systray.py:476]: Re-sorting widgets
2025-11-12 12:46:45,368 [DEBUG] [MainThread] [systray_widget/systray.py:498]: Updating current state
2025-11-12 12:47:18,227 [DEBUG] [MainThread] [systray_widget/systray.py:476]: Re-sorting widgets
2025-11-12 12:47:18,227 [DEBUG] [MainThread] [systray_widget/systray.py:498]: Updating current state
2025-11-12 13:02:34,340 [INFO] [MainThread] [root/bar.py:147]: Screen geometry changed. Updating position for bar (primary-bar_LG FHD_dae9834d)
2025-11-12 13:02:35,348 [DEBUG] [MainThread] [systray_widget/systray.py:476]: Re-sorting widgets
2025-11-12 13:02:35,348 [DEBUG] [MainThread] [systray_widget/systray.py:498]: Updating current state
2025-11-12 13:03:09,784 [DEBUG] [MainThread] [systray_widget/systray.py:476]: Re-sorting widgets
2025-11-12 13:03:09,784 [DEBUG] [MainThread] [systray_widget/systray.py:498]: Updating current state
2025-11-12 13:38:48,902 [DEBUG] [MainThread] [systray_widget/systray.py:476]: Re-sorting widgets
2025-11-12 13:38:48,902 [DEBUG] [MainThread] [systray_widget/systray.py:498]: Updating current state
2025-11-12 15:59:49,265 [DEBUG] [MainThread] [systray_widget/systray.py:476]: Re-sorting widgets
2025-11-12 15:59:49,265 [DEBUG] [MainThread] [systray_widget/systray.py:498]: Updating current state
2025-11-12 15:59:50,030 [INFO] [MainThread] [root/bar.py:147]: Screen geometry changed. Updating position for bar (primary-bar_LG FHD_dae9834d)
2025-11-12 16:30:27,245 [INFO] [MainThread] [root/bar.py:147]: Screen geometry changed. Updating position for bar (primary-bar_LG FHD_dae9834d)
2025-11-12 17:34:35,786 [DEBUG] [MainThread] [systray_widget/systray.py:476]: Re-sorting widgets
2025-11-12 17:34:35,789 [DEBUG] [MainThread] [systray_widget/systray.py:498]: Updating current state
2025-11-12 17:38:38,486 [DEBUG] [MainThread] [systray_widget/systray.py:476]: Re-sorting widgets
2025-11-12 17:38:38,486 [DEBUG] [MainThread] [systray_widget/systray.py:498]: Updating current state
2025-11-12 19:21:04,902 [DEBUG] [MainThread] [systray_widget/systray.py:476]: Re-sorting widgets
2025-11-12 19:21:04,903 [DEBUG] [MainThread] [systray_widget/systray.py:498]: Updating current state
2025-11-12 19:21:05,498 [INFO] [MainThread] [root/bar.py:147]: Screen geometry changed. Updating position for bar (primary-bar_LG FHD_dae9834d)
2025-11-12 19:21:05,898 [DEBUG] [MainThread] [systray_widget/systray.py:476]: Re-sorting widgets
2025-11-12 19:21:05,898 [DEBUG] [MainThread] [systray_widget/systray.py:498]: Updating current state
2025-11-12 20:34:12,261 [INFO] [MainThread] [root/bar.py:147]: Screen geometry changed. Updating position for bar (primary-bar_LG FHD_dae9834d)
2025-11-13 10:52:41,341 [DEBUG] [MainThread] [systray_widget/systray.py:476]: Re-sorting widgets
2025-11-13 10:52:41,344 [DEBUG] [MainThread] [systray_widget/systray.py:498]: Updating current state
2025-11-13 11:05:45,227 [DEBUG] [MainThread] [systray_widget/systray.py:476]: Re-sorting widgets
2025-11-13 11:05:45,229 [DEBUG] [MainThread] [systray_widget/systray.py:498]: Updating current state
2025-11-13 11:05:45,362 [INFO] [MainThread] [root/bar.py:147]: Screen geometry changed. Updating position for bar (primary-bar_LG FHD_dae9834d)
2025-11-13 11:11:21,032 [DEBUG] [MainThread] [systray_widget/systray.py:476]: Re-sorting widgets
2025-11-13 11:11:21,032 [DEBUG] [MainThread] [systray_widget/systray.py:498]: Updating current state
2025-11-13 11:23:15,745 [INFO] [MainThread] [root/bar.py:147]: Screen geometry changed. Updating position for bar (primary-bar_LG FHD_dae9834d)
2025-11-13 11:38:42,001 [INFO] [MainThread] [root/bar.py:147]: Screen geometry changed. Updating position for bar (primary-bar_LG FHD_dae9834d)
2025-11-13 11:38:46,611 [DEBUG] [MainThread] [systray_widget/systray.py:476]: Re-sorting widgets
2025-11-13 11:38:46,611 [DEBUG] [MainThread] [systray_widget/systray.py:498]: Updating current state
2025-11-13 17:32:37,684 [INFO] [MainThread] [root/bar.py:147]: Screen geometry changed. Updating position for bar (primary-bar_LG FHD_dae9834d)
2025-11-13 17:33:01,288 [DEBUG] [MainThread] [systray_widget/systray.py:476]: Re-sorting widgets
2025-11-13 17:33:01,292 [DEBUG] [MainThread] [systray_widget/systray.py:498]: Updating current state
2025-11-13 17:33:08,477 [DEBUG] [MainThread] [systray_widget/systray.py:476]: Re-sorting widgets
2025-11-13 17:33:08,477 [DEBUG] [MainThread] [systray_widget/systray.py:498]: Updating current state
2025-11-13 18:32:26,180 [DEBUG] [MainThread] [systray_widget/systray.py:476]: Re-sorting widgets
2025-11-13 18:32:26,182 [DEBUG] [MainThread] [systray_widget/systray.py:498]: Updating current state
2025-11-13 18:32:27,177 [DEBUG] [MainThread] [systray_widget/systray.py:476]: Re-sorting widgets
2025-11-13 18:32:27,177 [DEBUG] [MainThread] [systray_widget/systray.py:498]: Updating current state
2025-11-13 18:32:29,470 [INFO] [MainThread] [root/bar.py:147]: Screen geometry changed. Updating position for bar (primary-bar_LG FHD_dae9834d)
2025-11-13 18:38:57,510 [DEBUG] [MainThread] [systray_widget/systray.py:476]: Re-sorting widgets
2025-11-13 18:38:57,510 [DEBUG] [MainThread] [systray_widget/systray.py:498]: Updating current state
2025-11-14 02:39:55,496 [INFO] [MainThread] [root/bar_manager.py:92]: Stopping KomorebiEventListener...
2025-11-14 02:39:55,498 [INFO] [MainThread] [root/bar_manager.py:92]: Stopping SystemEventListener...
2025-11-14 02:39:55,501 [INFO] [MainThread] [root/bar_manager.py:92]: Stopping WindowsNotificationEventListener...
2025-11-14 02:39:55,508 [DEBUG] [MainThread] [systray_widget/systray.py:498]: Updating current state
2025-11-14 02:39:55,509 [DEBUG] [MainThread] [systray_widget/systray.py:516]: Saving state to disk
2025-11-14 02:39:55,515 [DEBUG] [MainThread] [systray_widget/systray.py:520]: Saving state to C:\Users\renat\AppData\Local\YASB\systray_state_LGELECTRONICSLGFHD283841.json
2025-11-14 12:20:33,735 [INFO] [MainThread] [root/log.py:59]: YASB v1.8.3
2025-11-14 12:20:33,735 [INFO] [Thread-1 (_run_server)] [cli_server/cli_server.py:212]: CLI server started v1.1.2
2025-11-14 12:20:33,735 [INFO] [MainThread] [cli_server/cli_server.py:104]: Log pipe server started
2025-11-14 12:20:34,551 [DEBUG] [MainThread] [comtypes/__init__.py:149]: CoInitializeEx(None, 2)
2025-11-14 12:20:35,392 [DEBUG] [MainThread] [tzlocal/win32.py:55]: Looking up time zone info from registry
2025-11-14 12:20:38,889 [INFO] [MainThread] [root/bar_manager.py:85]: Starting KomorebiEventListener...
2025-11-14 12:20:38,896 [INFO] [MainThread] [root/bar_manager.py:85]: Starting SystemEventListener...
2025-11-14 12:20:38,896 [INFO] [MainThread] [root/bar_manager.py:85]: Starting WindowsNotificationEventListener...
2025-11-14 12:20:38,898 [INFO] [MainThread] [root/watcher.py:54]: Created file watcher for path C:\Users\renat\.config\yasb
2025-11-14 12:20:38,898 [INFO] [Dummy-5] [root/event_listener.py:51]: Created named pipe yasb-79e284c0-c16d-11f0-9822-dc45465b95c4
2025-11-14 12:20:38,946 [DEBUG] [MainThread] [qasync._windows._EventPoller/_windows.py:215]: Starting (proactor: <_IocpProactor overlapped#=0 result#=0>)...
2025-11-14 12:20:38,946 [DEBUG] [Dummy-9] [qasync._windows._EventWorker/_windows.py:195]: Thread started
2025-11-14 12:20:38,946 [DEBUG] [MainThread] [systray_widget/systray.py:538]: Loading state from C:\Users\renat\AppData\Local\YASB\systray_state_LGELECTRONICSLGFHD283841.json
2025-11-14 12:20:38,964 [DEBUG] [TrayMonitor] [systray_widget/systray.py:58]: Systray thread is starting...
2025-11-14 12:20:38,964 [DEBUG] [TaskbarService] [systray_widget/systray.py:72]: TaskbarService thread is starting...
2025-11-14 12:20:38,970 [DEBUG] [TaskbarService] [root/tasks_service.py:75]: Found yasb systray hwnd: 66898
2025-11-14 12:20:38,970 [DEBUG] [TaskbarService] [systray_widget/tasks_service.py:81]: Adding TaskbandHWND prop to hwnd 66898
2025-11-14 12:20:39,625 [DEBUG] [TrayMonitor] [systray_widget/tray_monitor.py:228]: Finding real tray hwnd
2025-11-14 12:20:41,304 [DEBUG] [MainThread] [systray_widget/systray.py:285]: Systray thread started
2025-11-14 12:20:41,506 [DEBUG] [TaskbarService] [systray_widget/tasks_service.py:81]: Adding TaskbandHWND prop to hwnd 66898
2025-11-14 12:20:41,514 [DEBUG] [MainThread] [systray_widget/tray_monitor.py:154]: Sending TaskbarCreated message: 49294
2025-11-14 12:20:42,533 [DEBUG] [MainThread] [systray_widget/systray.py:476]: Re-sorting widgets
2025-11-14 12:20:42,533 [DEBUG] [MainThread] [systray_widget/systray.py:498]: Updating current state
2025-11-14 12:20:46,492 [DEBUG] [MainThread] [systray_widget/systray.py:476]: Re-sorting widgets
2025-11-14 12:20:46,492 [DEBUG] [MainThread] [systray_widget/systray.py:498]: Updating current state
2025-11-14 12:20:51,335 [WARNING] [Thread-8 (check_for_update)] [root/update_check.py:54]: UpdateCheckService Failed to check for updates: Network error.
2025-11-14 12:20:53,080 [ERROR] [TrayMonitor] [root/app_icons.py:170]: GetIconInfo failed: 0
2025-11-14 12:20:53,080 [ERROR] [TrayMonitor] [root/app_icons.py:170]: GetIconInfo failed: 0
2025-11-14 12:20:54,568 [DEBUG] [MainThread] [systray_widget/systray.py:476]: Re-sorting widgets
2025-11-14 12:20:54,568 [DEBUG] [MainThread] [systray_widget/systray.py:498]: Updating current state
2025-11-14 12:21:16,603 [DEBUG] [MainThread] [systray_widget/systray.py:476]: Re-sorting widgets
2025-11-14 12:21:16,603 [DEBUG] [MainThread] [systray_widget/systray.py:498]: Updating current state
2025-11-14 12:21:30,740 [DEBUG] [MainThread] [systray_widget/systray.py:476]: Re-sorting widgets
2025-11-14 12:21:30,740 [DEBUG] [MainThread] [systray_widget/systray.py:498]: Updating current state
2025-11-14 12:21:41,034 [DEBUG] [MainThread] [systray_widget/systray.py:476]: Re-sorting widgets
2025-11-14 12:21:41,034 [DEBUG] [MainThread] [systray_widget/systray.py:498]: Updating current state
2025-11-14 12:21:41,106 [ERROR] [TrayMonitor] [root/app_icons.py:170]: GetIconInfo failed: 0
2025-11-14 12:21:42,051 [DEBUG] [MainThread] [systray_widget/systray.py:476]: Re-sorting widgets
2025-11-14 12:21:42,051 [DEBUG] [MainThread] [systray_widget/systray.py:498]: Updating current state
2025-11-14 12:26:35,604 [DEBUG] [MainThread] [systray_widget/systray.py:476]: Re-sorting widgets
2025-11-14 12:26:35,604 [DEBUG] [MainThread] [systray_widget/systray.py:498]: Updating current state
2025-11-14 12:39:09,616 [DEBUG] [MainThread] [systray_widget/systray.py:476]: Re-sorting widgets
2025-11-14 12:39:09,616 [DEBUG] [MainThread] [systray_widget/systray.py:498]: Updating current state
2025-11-14 13:59:51,879 [INFO] [MainThread] [root/bar.py:147]: Screen geometry changed. Updating position for bar (primary-bar_LG FHD_febeed57)
2025-11-14 14:00:30,999 [DEBUG] [MainThread] [systray_widget/systray.py:476]: Re-sorting widgets
2025-11-14 14:00:31,000 [DEBUG] [MainThread] [systray_widget/systray.py:498]: Updating current state
2025-11-14 14:00:35,839 [DEBUG] [MainThread] [systray_widget/systray.py:476]: Re-sorting widgets
2025-11-14 14:00:35,839 [DEBUG] [MainThread] [systray_widget/systray.py:498]: Updating current state
2025-11-14 15:17:35,107 [DEBUG] [MainThread] [systray_widget/systray.py:476]: Re-sorting widgets
2025-11-14 15:17:35,108 [DEBUG] [MainThread] [systray_widget/systray.py:498]: Updating current state
2025-11-14 15:17:37,994 [INFO] [MainThread] [root/bar.py:147]: Screen geometry changed. Updating position for bar (primary-bar_LG FHD_febeed57)
2025-11-14 18:23:53,612 [DEBUG] [MainThread] [systray_widget/systray.py:476]: Re-sorting widgets
2025-11-14 18:23:53,621 [DEBUG] [MainThread] [systray_widget/systray.py:498]: Updating current state
2025-11-14 18:29:18,034 [DEBUG] [MainThread] [systray_widget/systray.py:476]: Re-sorting widgets
2025-11-14 18:29:18,035 [DEBUG] [MainThread] [systray_widget/systray.py:498]: Updating current state
2025-11-14 18:36:16,325 [DEBUG] [MainThread] [systray_widget/systray.py:476]: Re-sorting widgets
2025-11-14 18:36:16,342 [DEBUG] [MainThread] [systray_widget/systray.py:498]: Updating current state
2025-11-15 15:07:27,495 [DEBUG] [MainThread] [systray_widget/systray.py:476]: Re-sorting widgets
2025-11-15 15:07:27,513 [DEBUG] [MainThread] [systray_widget/systray.py:498]: Updating current state
2025-11-15 15:46:59,695 [DEBUG] [MainThread] [systray_widget/systray.py:476]: Re-sorting widgets
2025-11-15 15:46:59,697 [DEBUG] [MainThread] [systray_widget/systray.py:498]: Updating current state
2025-11-17 11:01:19,321 [DEBUG] [MainThread] [systray_widget/systray.py:476]: Re-sorting widgets
2025-11-17 11:01:19,335 [DEBUG] [MainThread] [systray_widget/systray.py:498]: Updating current state
2025-11-17 14:03:24,760 [INFO] [MainThread] [root/bar.py:147]: Screen geometry changed. Updating position for bar (primary-bar_LG FHD_febeed57)
2025-11-17 14:09:42,716 [DEBUG] [MainThread] [systray_widget/systray.py:476]: Re-sorting widgets
2025-11-17 14:09:42,719 [DEBUG] [MainThread] [systray_widget/systray.py:498]: Updating current state
2025-11-17 14:36:04,586 [DEBUG] [MainThread] [systray_widget/systray.py:476]: Re-sorting widgets
2025-11-17 14:36:04,586 [DEBUG] [MainThread] [systray_widget/systray.py:498]: Updating current state
2025-11-17 14:36:14,281 [DEBUG] [MainThread] [systray_widget/systray.py:476]: Re-sorting widgets
2025-11-17 14:36:14,281 [DEBUG] [MainThread] [systray_widget/systray.py:498]: Updating current state
2025-11-17 15:04:43,222 [INFO] [MainThread] [root/bar.py:147]: Screen geometry changed. Updating position for bar (primary-bar_LG FHD_febeed57)
2025-11-17 15:28:11,867 [DEBUG] [MainThread] [systray_widget/systray.py:476]: Re-sorting widgets
2025-11-17 15:28:11,868 [DEBUG] [MainThread] [systray_widget/systray.py:498]: Updating current state
2025-11-17 15:29:21,377 [DEBUG] [MainThread] [systray_widget/systray.py:476]: Re-sorting widgets
2025-11-17 15:29:21,378 [DEBUG] [MainThread] [systray_widget/systray.py:498]: Updating current state
2025-11-18 11:52:01,004 [DEBUG] [MainThread] [systray_widget/systray.py:476]: Re-sorting widgets
2025-11-18 11:52:01,005 [DEBUG] [MainThread] [systray_widget/systray.py:498]: Updating current state
2025-11-18 18:51:42,819 [DEBUG] [MainThread] [systray_widget/systray.py:476]: Re-sorting widgets
2025-11-18 18:51:42,838 [DEBUG] [MainThread] [systray_widget/systray.py:498]: Updating current state
2025-11-18 18:51:52,645 [DEBUG] [MainThread] [systray_widget/systray.py:476]: Re-sorting widgets
2025-11-18 18:51:52,646 [DEBUG] [MainThread] [systray_widget/systray.py:498]: Updating current state
2025-11-19 16:04:24,093 [INFO] [MainThread] [root/bar.py:147]: Screen geometry changed. Updating position for bar (primary-bar_LG FHD_febeed57)
2025-11-19 16:04:50,229 [DEBUG] [MainThread] [systray_widget/systray.py:476]: Re-sorting widgets
2025-11-19 16:04:50,233 [DEBUG] [MainThread] [systray_widget/systray.py:498]: Updating current state
2025-11-19 16:04:52,093 [DEBUG] [MainThread] [systray_widget/systray.py:476]: Re-sorting widgets
2025-11-19 16:04:52,094 [DEBUG] [MainThread] [systray_widget/systray.py:498]: Updating current state
2025-11-19 16:05:31,825 [DEBUG] [MainThread] [systray_widget/systray.py:476]: Re-sorting widgets
2025-11-19 16:05:31,826 [DEBUG] [MainThread] [systray_widget/systray.py:498]: Updating current state
2025-11-19 16:25:52,273 [DEBUG] [MainThread] [systray_widget/systray.py:476]: Re-sorting widgets
2025-11-19 16:25:52,278 [DEBUG] [MainThread] [systray_widget/systray.py:498]: Updating current state
2025-11-19 16:58:03,660 [DEBUG] [MainThread] [systray_widget/systray.py:476]: Re-sorting widgets
2025-11-19 16:58:03,663 [DEBUG] [MainThread] [systray_widget/systray.py:498]: Updating current state
2025-11-19 17:36:21,480 [DEBUG] [MainThread] [systray_widget/systray.py:476]: Re-sorting widgets
2025-11-19 17:36:21,500 [DEBUG] [MainThread] [systray_widget/systray.py:498]: Updating current state
2025-11-19 17:40:32,820 [INFO] [MainThread] [root/bar_manager.py:80]: Screens updated. Re-initialising all bars.
2025-11-19 17:40:32,822 [INFO] [MainThread] [root/controller.py:15]: Reloading Application because of screen update.
2025-11-19 17:40:32,935 [INFO] [MainThread] [cli_server/cli_server.py:112]: Log pipe server stopped
2025-11-19 17:40:32,935 [DEBUG] [MainThread] [cli_server/cli_server.py:206]: CLI server stopped
2025-11-19 17:40:35,378 [INFO] [MainThread] [root/bar_manager.py:80]: Screens updated. Re-initialising all bars.
2025-11-19 17:40:35,380 [INFO] [MainThread] [root/controller.py:15]: Reloading Application because of screen update.
2025-11-19 17:40:35,487 [INFO] [MainThread] [cli_server/cli_server.py:112]: Log pipe server stopped
2025-11-19 17:40:35,489 [DEBUG] [MainThread] [cli_server/cli_server.py:206]: CLI server stopped
2025-11-19 17:40:37,169 [INFO] [MainThread] [root/bar_manager.py:92]: Stopping KomorebiEventListener...
2025-11-19 17:40:37,179 [INFO] [MainThread] [root/bar_manager.py:92]: Stopping SystemEventListener...
2025-11-19 17:40:37,197 [INFO] [MainThread] [root/bar_manager.py:92]: Stopping WindowsNotificationEventListener...
2025-11-19 17:40:37,542 [DEBUG] [MainThread] [systray_widget/systray.py:498]: Updating current state
2025-11-19 17:40:37,546 [DEBUG] [MainThread] [systray_widget/systray.py:516]: Saving state to disk
2025-11-19 17:40:38,132 [DEBUG] [MainThread] [systray_widget/systray.py:520]: Saving state to C:\Users\renat\AppData\Local\YASB\systray_state_LGELECTRONICSLGFHD283841.json
2025-11-19 17:40:42,911 [DEBUG] [MainThread] [qasync._windows._EventPoller/_windows.py:220]: Stopping worker thread...
2025-11-19 17:40:42,947 [DEBUG] [Dummy-9] [qasync._windows._EventWorker/_windows.py:204]: Exiting thread
2025-11-19 17:40:43,406 [DEBUG] [MainThread] [qasync._windows._IocpProactor/_windows.py:78]: Closing
2025-11-19 17:40:45,774 [DEBUG] [MainThread] [systray_widget/utils.py:96]: Destroying window 66900
2025-11-19 17:40:45,926 [DEBUG] [MainThread] [systray_widget/utils.py:96]: Destroying window 66898
2025-11-19 17:40:58,076 [INFO] [MainThread] [root/log.py:59]: YASB v1.8.3
2025-11-19 17:40:58,083 [INFO] [Thread-1 (_run_server)] [cli_server/cli_server.py:212]: CLI server started v1.1.2
2025-11-19 17:40:58,083 [INFO] [Thread-1 (_run_server)] [cli_server/cli_server.py:212]: CLI server started v1.1.2
2025-11-19 17:40:58,085 [INFO] [MainThread] [cli_server/cli_server.py:104]: Log pipe server started
2025-11-19 17:40:58,086 [INFO] [MainThread] [cli_server/cli_server.py:104]: Log pipe server started
2025-11-19 17:40:58,092 [INFO] [MainThread] [root/main.py:47]: Waiting for previous YASB instance to exit...
2025-11-19 17:41:01,121 [DEBUG] [MainThread] [comtypes/__init__.py:149]: CoInitializeEx(None, 2)
2025-11-19 17:41:03,787 [DEBUG] [MainThread] [tzlocal/win32.py:55]: Looking up time zone info from registry
2025-11-19 17:41:08,232 [ERROR] [MainThread] [root/main.py:70]: Timeout waiting for previous instance. Aborting start.
2025-11-19 17:41:14,600 [INFO] [MainThread] [root/bar_manager.py:85]: Starting KomorebiEventListener...
2025-11-19 17:41:14,601 [INFO] [MainThread] [root/bar_manager.py:85]: Starting WindowsNotificationEventListener...
2025-11-19 17:41:14,602 [INFO] [Dummy-3] [root/event_listener.py:51]: Created named pipe yasb-1752c1c5-c588-11f0-bb6b-dc45465b95c4
2025-11-19 17:41:14,602 [INFO] [MainThread] [root/bar_manager.py:85]: Starting SystemEventListener...
2025-11-19 17:41:14,603 [INFO] [MainThread] [root/watcher.py:54]: Created file watcher for path C:\Users\renat\.config\yasb
2025-11-19 17:41:14,706 [DEBUG] [MainThread] [qasync._windows._EventPoller/_windows.py:215]: Starting (proactor: <_IocpProactor overlapped#=0 result#=0>)...
2025-11-19 17:41:14,708 [DEBUG] [Dummy-9] [qasync._windows._EventWorker/_windows.py:195]: Thread started
2025-11-19 17:41:14,712 [DEBUG] [MainThread] [systray_widget/systray.py:538]: Loading state from C:\Users\renat\AppData\Local\YASB\systray_state_DISPLAY2.json
2025-11-19 17:41:14,712 [DEBUG] [MainThread] [systray_widget/systray.py:548]: State file not found.
2025-11-19 17:41:14,720 [DEBUG] [TaskbarService] [systray_widget/systray.py:72]: TaskbarService thread is starting...
2025-11-19 17:41:14,720 [DEBUG] [TrayMonitor] [systray_widget/systray.py:58]: Systray thread is starting...
2025-11-19 17:41:14,739 [DEBUG] [TaskbarService] [root/tasks_service.py:75]: Found yasb systray hwnd: 856362
2025-11-19 17:41:14,740 [DEBUG] [TaskbarService] [systray_widget/tasks_service.py:81]: Adding TaskbandHWND prop to hwnd 856362
2025-11-19 17:41:14,748 [DEBUG] [TrayMonitor] [systray_widget/tray_monitor.py:228]: Finding real tray hwnd
2025-11-19 17:41:19,218 [DEBUG] [MainThread] [systray_widget/systray.py:285]: Systray thread started
2025-11-19 17:41:19,420 [DEBUG] [TaskbarService] [systray_widget/tasks_service.py:81]: Adding TaskbandHWND prop to hwnd 856362
2025-11-19 17:41:19,494 [DEBUG] [MainThread] [systray_widget/tray_monitor.py:154]: Sending TaskbarCreated message: 49294
2025-11-19 17:41:20,786 [DEBUG] [MainThread] [systray_widget/systray.py:476]: Re-sorting widgets
2025-11-19 17:41:20,786 [DEBUG] [MainThread] [systray_widget/systray.py:498]: Updating current state
2025-11-19 17:41:28,631 [DEBUG] [MainThread] [systray_widget/systray.py:476]: Re-sorting widgets
2025-11-19 17:41:28,631 [DEBUG] [MainThread] [systray_widget/systray.py:498]: Updating current state
2025-11-19 18:41:42,011 [DEBUG] [MainThread] [systray_widget/systray.py:476]: Re-sorting widgets
2025-11-19 18:41:42,011 [DEBUG] [MainThread] [systray_widget/systray.py:498]: Updating current state
2025-11-19 18:41:43,420 [INFO] [MainThread] [root/bar_manager.py:80]: Screens updated. Re-initialising all bars.
2025-11-19 18:41:43,420 [INFO] [MainThread] [root/controller.py:15]: Reloading Application because of screen update.
2025-11-19 18:41:43,550 [INFO] [MainThread] [cli_server/cli_server.py:112]: Log pipe server stopped
2025-11-19 18:41:43,550 [DEBUG] [MainThread] [cli_server/cli_server.py:206]: CLI server stopped
2025-11-19 18:41:44,976 [INFO] [MainThread] [root/bar_manager.py:80]: Screens updated. Re-initialising all bars.
2025-11-19 18:41:44,977 [INFO] [MainThread] [root/controller.py:15]: Reloading Application because of screen update.
2025-11-19 18:41:45,214 [INFO] [MainThread] [cli_server/cli_server.py:112]: Log pipe server stopped
2025-11-19 18:41:45,218 [DEBUG] [MainThread] [cli_server/cli_server.py:206]: CLI server stopped
2025-11-19 18:41:45,973 [INFO] [MainThread] [root/bar_manager.py:92]: Stopping KomorebiEventListener...
2025-11-19 18:41:45,975 [INFO] [MainThread] [root/bar_manager.py:92]: Stopping WindowsNotificationEventListener...
2025-11-19 18:41:45,977 [INFO] [MainThread] [root/bar_manager.py:92]: Stopping SystemEventListener...
2025-11-19 18:41:46,001 [DEBUG] [MainThread] [systray_widget/systray.py:498]: Updating current state
2025-11-19 18:41:46,002 [DEBUG] [MainThread] [systray_widget/systray.py:516]: Saving state to disk
2025-11-19 18:41:46,008 [DEBUG] [MainThread] [systray_widget/systray.py:520]: Saving state to C:\Users\renat\AppData\Local\YASB\systray_state_DISPLAY2.json
2025-11-19 18:41:46,009 [DEBUG] [MainThread] [systray_widget/systray.py:528]: State file not found.
2025-11-19 18:41:47,211 [INFO] [MainThread] [root/log.py:59]: YASB v1.8.3
2025-11-19 18:41:47,220 [INFO] [Thread-1 (_run_server)] [cli_server/cli_server.py:212]: CLI server started v1.1.2
2025-11-19 18:41:47,221 [INFO] [MainThread] [cli_server/cli_server.py:104]: Log pipe server started
2025-11-19 18:41:47,222 [INFO] [MainThread] [root/main.py:47]: Waiting for previous YASB instance to exit...
2025-11-19 18:41:47,641 [DEBUG] [MainThread] [qasync._windows._EventPoller/_windows.py:220]: Stopping worker thread...
2025-11-19 18:41:47,651 [DEBUG] [Dummy-9] [qasync._windows._EventWorker/_windows.py:204]: Exiting thread
2025-11-19 18:41:47,660 [DEBUG] [MainThread] [qasync._windows._IocpProactor/_windows.py:78]: Closing
2025-11-19 18:41:47,743 [DEBUG] [MainThread] [systray_widget/utils.py:96]: Destroying window 1578334
2025-11-19 18:41:47,744 [DEBUG] [MainThread] [systray_widget/utils.py:96]: Destroying window 856362
2025-11-19 18:41:47,982 [INFO] [MainThread] [root/main.py:73]: Previous instance exited, continuing startup.
2025-11-19 18:41:48,718 [INFO] [MainThread] [root/log.py:59]: YASB v1.8.3
2025-11-19 18:41:48,720 [INFO] [Thread-1 (_run_server)] [cli_server/cli_server.py:212]: CLI server started v1.1.2
2025-11-19 18:41:48,722 [INFO] [MainThread] [cli_server/cli_server.py:104]: Log pipe server started
2025-11-19 18:41:48,722 [INFO] [MainThread] [root/main.py:47]: Waiting for previous YASB instance to exit...
2025-11-19 18:41:48,869 [DEBUG] [MainThread] [comtypes/__init__.py:149]: CoInitializeEx(None, 2)
2025-11-19 18:41:49,356 [DEBUG] [MainThread] [tzlocal/win32.py:55]: Looking up time zone info from registry
2025-11-19 18:41:52,600 [INFO] [MainThread] [root/bar_manager.py:85]: Starting WindowsNotificationEventListener...
2025-11-19 18:41:52,602 [INFO] [MainThread] [root/bar_manager.py:85]: Starting KomorebiEventListener...
2025-11-19 18:41:52,602 [INFO] [MainThread] [root/bar_manager.py:85]: Starting SystemEventListener...
2025-11-19 18:41:52,603 [INFO] [MainThread] [root/watcher.py:54]: Created file watcher for path C:\Users\renat\.config\yasb
2025-11-19 18:41:52,661 [INFO] [Dummy-5] [root/event_listener.py:51]: Created named pipe yasb-8fbdb93f-c590-11f0-af5e-dc45465b95c4
2025-11-19 18:41:52,721 [DEBUG] [MainThread] [qasync._windows._EventPoller/_windows.py:215]: Starting (proactor: <_IocpProactor overlapped#=0 result#=0>)...
2025-11-19 18:41:52,727 [DEBUG] [Dummy-9] [qasync._windows._EventWorker/_windows.py:195]: Thread started
2025-11-19 18:41:52,731 [DEBUG] [MainThread] [systray_widget/systray.py:538]: Loading state from C:\Users\renat\AppData\Local\YASB\systray_state_LGELECTRONICSLGFHD283841.json
2025-11-19 18:41:52,747 [DEBUG] [TrayMonitor] [systray_widget/systray.py:58]: Systray thread is starting...
2025-11-19 18:41:52,747 [DEBUG] [TaskbarService] [systray_widget/systray.py:72]: TaskbarService thread is starting...
2025-11-19 18:41:52,779 [DEBUG] [TaskbarService] [root/tasks_service.py:75]: Found yasb systray hwnd: 329016
2025-11-19 18:41:52,779 [DEBUG] [TaskbarService] [systray_widget/tasks_service.py:81]: Adding TaskbandHWND prop to hwnd 329016
2025-11-19 18:41:53,502 [DEBUG] [MainThread] [systray_widget/systray.py:285]: Systray thread started
2025-11-19 18:41:53,705 [DEBUG] [TaskbarService] [systray_widget/tasks_service.py:81]: Adding TaskbandHWND prop to hwnd 329016
2025-11-19 18:41:53,705 [DEBUG] [TrayMonitor] [systray_widget/tray_monitor.py:228]: Finding real tray hwnd
2025-11-19 18:41:53,722 [DEBUG] [MainThread] [systray_widget/tray_monitor.py:154]: Sending TaskbarCreated message: 49294
2025-11-19 18:41:55,010 [DEBUG] [MainThread] [systray_widget/systray.py:476]: Re-sorting widgets
2025-11-19 18:41:55,011 [DEBUG] [MainThread] [systray_widget/systray.py:498]: Updating current state
2025-11-19 18:41:56,798 [DEBUG] [MainThread] [systray_widget/systray.py:476]: Re-sorting widgets
2025-11-19 18:41:56,798 [DEBUG] [MainThread] [systray_widget/systray.py:498]: Updating current state
2025-11-19 18:41:58,746 [ERROR] [MainThread] [root/main.py:70]: Timeout waiting for previous instance. Aborting start.
2025-11-19 18:42:02,825 [DEBUG] [MainThread] [systray_widget/systray.py:476]: Re-sorting widgets
2025-11-19 18:42:02,826 [DEBUG] [MainThread] [systray_widget/systray.py:498]: Updating current state
2025-11-19 20:52:06,043 [DEBUG] [MainThread] [systray_widget/systray.py:476]: Re-sorting widgets
2025-11-19 20:52:06,058 [DEBUG] [MainThread] [systray_widget/systray.py:498]: Updating current state
2025-11-20 14:25:26,086 [DEBUG] [MainThread] [systray_widget/systray.py:476]: Re-sorting widgets
2025-11-20 14:25:26,089 [DEBUG] [MainThread] [systray_widget/systray.py:498]: Updating current state
2025-11-20 14:25:29,663 [INFO] [MainThread] [root/bar.py:147]: Screen geometry changed. Updating position for bar (primary-bar_LG FHD_bfcd603d)
2025-11-20 14:25:31,494 [DEBUG] [MainThread] [systray_widget/systray.py:476]: Re-sorting widgets
2025-11-20 14:25:31,494 [DEBUG] [MainThread] [systray_widget/systray.py:498]: Updating current state
2025-11-20 14:25:42,605 [DEBUG] [MainThread] [systray_widget/systray.py:476]: Re-sorting widgets
2025-11-20 14:25:42,607 [DEBUG] [MainThread] [systray_widget/systray.py:498]: Updating current state
2025-11-20 14:26:29,703 [DEBUG] [MainThread] [systray_widget/systray.py:476]: Re-sorting widgets
2025-11-20 14:26:29,709 [DEBUG] [MainThread] [systray_widget/systray.py:498]: Updating current state
2025-11-20 14:26:31,917 [DEBUG] [MainThread] [systray_widget/systray.py:476]: Re-sorting widgets
2025-11-20 14:26:31,917 [DEBUG] [MainThread] [systray_widget/systray.py:498]: Updating current state
2025-11-20 14:28:41,606 [ERROR] [TrayMonitor] [root/app_icons.py:170]: GetIconInfo failed: 0
2025-11-20 14:28:42,584 [DEBUG] [MainThread] [systray_widget/systray.py:476]: Re-sorting widgets
2025-11-20 14:28:42,584 [DEBUG] [MainThread] [systray_widget/systray.py:498]: Updating current state
2025-11-20 14:29:51,741 [DEBUG] [MainThread] [systray_widget/systray.py:476]: Re-sorting widgets
2025-11-20 14:29:51,741 [DEBUG] [MainThread] [systray_widget/systray.py:498]: Updating current state
2025-11-20 14:35:58,961 [INFO] [MainThread] [root/bar.py:147]: Screen geometry changed. Updating position for bar (primary-bar_LG FHD_bfcd603d)
2025-11-20 14:36:54,913 [INFO] [MainThread] [root/bar.py:147]: Screen geometry changed. Updating position for bar (primary-bar_LG FHD_bfcd603d)
2025-11-20 14:37:09,206 [INFO] [MainThread] [root/bar_manager.py:80]: Screens updated. Re-initialising all bars.
2025-11-20 14:37:09,208 [INFO] [MainThread] [root/controller.py:15]: Reloading Application because of screen update.
2025-11-20 14:37:09,318 [INFO] [MainThread] [cli_server/cli_server.py:112]: Log pipe server stopped
2025-11-20 14:37:09,318 [DEBUG] [MainThread] [cli_server/cli_server.py:206]: CLI server stopped
2025-11-20 14:37:09,475 [INFO] [MainThread] [root/bar_manager.py:80]: Screens updated. Re-initialising all bars.
2025-11-20 14:37:09,475 [INFO] [MainThread] [root/controller.py:15]: Reloading Application because of screen update.
2025-11-20 14:37:09,581 [INFO] [MainThread] [cli_server/cli_server.py:112]: Log pipe server stopped
2025-11-20 14:37:09,581 [DEBUG] [MainThread] [cli_server/cli_server.py:206]: CLI server stopped
2025-11-20 14:37:09,889 [INFO] [MainThread] [root/bar_manager.py:92]: Stopping WindowsNotificationEventListener...
2025-11-20 14:37:09,893 [INFO] [MainThread] [root/bar_manager.py:92]: Stopping KomorebiEventListener...
2025-11-20 14:37:09,894 [INFO] [MainThread] [root/bar_manager.py:92]: Stopping SystemEventListener...
2025-11-20 14:37:09,912 [DEBUG] [MainThread] [systray_widget/systray.py:498]: Updating current state
2025-11-20 14:37:09,913 [DEBUG] [MainThread] [systray_widget/systray.py:516]: Saving state to disk
2025-11-20 14:37:09,921 [DEBUG] [MainThread] [systray_widget/systray.py:520]: Saving state to C:\Users\renat\AppData\Local\YASB\systray_state_LGELECTRONICSLGFHD283841.json
2025-11-20 14:37:10,200 [DEBUG] [MainThread] [qasync._windows._EventPoller/_windows.py:220]: Stopping worker thread...
2025-11-20 14:37:10,214 [DEBUG] [Dummy-9] [qasync._windows._EventWorker/_windows.py:204]: Exiting thread
2025-11-20 14:37:10,243 [DEBUG] [MainThread] [qasync._windows._IocpProactor/_windows.py:78]: Closing
2025-11-20 14:37:10,437 [DEBUG] [MainThread] [systray_widget/utils.py:96]: Destroying window 329018
2025-11-20 14:37:10,437 [DEBUG] [MainThread] [systray_widget/utils.py:96]: Destroying window 329016
2025-11-20 14:37:13,772 [INFO] [MainThread] [root/log.py:59]: YASB v1.8.3
2025-11-20 14:37:13,773 [INFO] [Thread-1 (_run_server)] [cli_server/cli_server.py:212]: CLI server started v1.1.2
2025-11-20 14:37:13,773 [INFO] [Thread-1 (_run_server)] [cli_server/cli_server.py:212]: CLI server started v1.1.2
2025-11-20 14:37:13,773 [INFO] [MainThread] [cli_server/cli_server.py:104]: Log pipe server started
2025-11-20 14:37:13,773 [INFO] [MainThread] [cli_server/cli_server.py:104]: Log pipe server started
2025-11-20 14:37:13,773 [INFO] [MainThread] [root/main.py:47]: Waiting for previous YASB instance to exit...
2025-11-20 14:37:15,125 [DEBUG] [MainThread] [comtypes/__init__.py:149]: CoInitializeEx(None, 2)
2025-11-20 14:37:16,363 [DEBUG] [MainThread] [tzlocal/win32.py:55]: Looking up time zone info from registry
2025-11-20 14:37:22,754 [INFO] [MainThread] [root/bar_manager.py:85]: Starting KomorebiEventListener...
2025-11-20 14:37:22,754 [INFO] [MainThread] [root/bar_manager.py:85]: Starting SystemEventListener...
2025-11-20 14:37:22,755 [INFO] [MainThread] [root/bar_manager.py:85]: Starting WindowsNotificationEventListener...
2025-11-20 14:37:22,756 [INFO] [MainThread] [root/watcher.py:54]: Created file watcher for path C:\Users\renat\.config\yasb
2025-11-20 14:37:22,782 [INFO] [Dummy-5] [root/event_listener.py:51]: Created named pipe yasb-923e46fa-c637-11f0-9c78-dc45465b95c4
2025-11-20 14:37:22,803 [DEBUG] [MainThread] [qasync._windows._EventPoller/_windows.py:215]: Starting (proactor: <_IocpProactor overlapped#=0 result#=0>)...
2025-11-20 14:37:22,807 [DEBUG] [Dummy-9] [qasync._windows._EventWorker/_windows.py:195]: Thread started
2025-11-20 14:37:22,807 [DEBUG] [MainThread] [systray_widget/systray.py:538]: Loading state from C:\Users\renat\AppData\Local\YASB\systray_state_GIGABYTETECHNOLOGYCOLTDGIGABYTEM32U16843009.json
2025-11-20 14:37:22,807 [DEBUG] [MainThread] [systray_widget/systray.py:548]: State file not found.
2025-11-20 14:37:22,807 [DEBUG] [TrayMonitor] [systray_widget/systray.py:58]: Systray thread is starting...
2025-11-20 14:37:22,814 [DEBUG] [TaskbarService] [systray_widget/systray.py:72]: TaskbarService thread is starting...
2025-11-20 14:37:22,843 [DEBUG] [TaskbarService] [root/tasks_service.py:75]: Found yasb systray hwnd: 1118532
2025-11-20 14:37:22,843 [DEBUG] [TaskbarService] [systray_widget/tasks_service.py:81]: Adding TaskbandHWND prop to hwnd 1118532
2025-11-20 14:37:23,461 [DEBUG] [TrayMonitor] [systray_widget/tray_monitor.py:228]: Finding real tray hwnd
2025-11-20 14:37:23,799 [ERROR] [MainThread] [root/main.py:70]: Timeout waiting for previous instance. Aborting start.
2025-11-20 14:37:26,033 [INFO] [MainThread] [root/bar_manager.py:80]: Screens updated. Re-initialising all bars.
2025-11-20 14:37:26,033 [INFO] [MainThread] [root/controller.py:15]: Reloading Application because of screen update.
2025-11-20 14:37:26,146 [INFO] [MainThread] [cli_server/cli_server.py:112]: Log pipe server stopped
2025-11-20 14:37:26,146 [DEBUG] [MainThread] [cli_server/cli_server.py:206]: CLI server stopped
2025-11-20 14:37:26,146 [DEBUG] [MainThread] [systray_widget/systray.py:285]: Systray thread started
2025-11-20 14:37:26,164 [INFO] [MainThread] [root/bar_manager.py:80]: Screens updated. Re-initialising all bars.
2025-11-20 14:37:26,164 [INFO] [MainThread] [root/controller.py:15]: Reloading Application because of screen update.
2025-11-20 14:37:26,265 [INFO] [MainThread] [cli_server/cli_server.py:112]: Log pipe server stopped
2025-11-20 14:37:26,265 [DEBUG] [MainThread] [cli_server/cli_server.py:206]: CLI server stopped
2025-11-20 14:37:26,514 [INFO] [MainThread] [root/bar_manager.py:92]: Stopping KomorebiEventListener...
2025-11-20 14:37:26,515 [INFO] [MainThread] [root/bar_manager.py:92]: Stopping SystemEventListener...
2025-11-20 14:37:26,515 [INFO] [MainThread] [root/bar_manager.py:92]: Stopping WindowsNotificationEventListener...
2025-11-20 14:37:26,516 [DEBUG] [MainThread] [systray_widget/systray.py:498]: Updating current state
2025-11-20 14:37:26,516 [DEBUG] [MainThread] [systray_widget/systray.py:516]: Saving state to disk
2025-11-20 14:37:26,517 [DEBUG] [MainThread] [systray_widget/systray.py:520]: Saving state to C:\Users\renat\AppData\Local\YASB\systray_state_GIGABYTETECHNOLOGYCOLTDGIGABYTEM32U16843009.json
2025-11-20 14:37:26,517 [DEBUG] [MainThread] [systray_widget/systray.py:528]: State file not found.
2025-11-20 14:37:26,529 [DEBUG] [MainThread] [qasync._windows._EventPoller/_windows.py:220]: Stopping worker thread...
2025-11-20 14:37:26,530 [DEBUG] [Dummy-9] [qasync._windows._EventWorker/_windows.py:204]: Exiting thread
2025-11-20 14:37:26,540 [DEBUG] [MainThread] [qasync._windows._IocpProactor/_windows.py:78]: Closing
2025-11-20 14:37:26,686 [DEBUG] [MainThread] [systray_widget/utils.py:96]: Destroying window 7995454
2025-11-20 14:37:26,686 [DEBUG] [MainThread] [systray_widget/utils.py:96]: Destroying window 1118532
2025-11-20 14:37:26,962 [INFO] [MainThread] [root/log.py:59]: YASB v1.8.3
2025-11-20 14:37:26,962 [INFO] [Thread-1 (_run_server)] [cli_server/cli_server.py:212]: CLI server started v1.1.2
2025-11-20 14:37:26,962 [INFO] [Thread-1 (_run_server)] [cli_server/cli_server.py:212]: CLI server started v1.1.2
2025-11-20 14:37:26,965 [INFO] [MainThread] [cli_server/cli_server.py:104]: Log pipe server started
2025-11-20 14:37:26,966 [INFO] [MainThread] [root/main.py:47]: Waiting for previous YASB instance to exit...
2025-11-20 14:37:27,351 [DEBUG] [MainThread] [comtypes/__init__.py:149]: CoInitializeEx(None, 2)
2025-11-20 14:37:27,682 [DEBUG] [MainThread] [tzlocal/win32.py:55]: Looking up time zone info from registry
2025-11-20 14:37:28,729 [INFO] [MainThread] [root/bar_manager.py:85]: Starting SystemEventListener...
2025-11-20 14:37:28,729 [INFO] [MainThread] [root/bar_manager.py:85]: Starting KomorebiEventListener...
2025-11-20 14:37:28,730 [INFO] [MainThread] [root/bar_manager.py:85]: Starting WindowsNotificationEventListener...
2025-11-20 14:37:28,730 [INFO] [MainThread] [root/watcher.py:54]: Created file watcher for path C:\Users\renat\.config\yasb
2025-11-20 14:37:28,730 [INFO] [Dummy-5] [root/event_listener.py:51]: Created named pipe yasb-95ce0c14-c637-11f0-a4b6-dc45465b95c4
2025-11-20 14:37:28,761 [DEBUG] [MainThread] [qasync._windows._EventPoller/_windows.py:215]: Starting (proactor: <_IocpProactor overlapped#=0 result#=0>)...
2025-11-20 14:37:28,770 [DEBUG] [Dummy-9] [qasync._windows._EventWorker/_windows.py:195]: Thread started
2025-11-20 14:37:28,770 [DEBUG] [MainThread] [systray_widget/systray.py:538]: Loading state from C:\Users\renat\AppData\Local\YASB\systray_state_GIGABYTETECHNOLOGYCOLTDGIGABYTEM32U16843009.json
2025-11-20 14:37:28,775 [DEBUG] [TrayMonitor] [systray_widget/systray.py:58]: Systray thread is starting...
2025-11-20 14:37:28,779 [DEBUG] [TaskbarService] [systray_widget/systray.py:72]: TaskbarService thread is starting...
2025-11-20 14:37:28,794 [DEBUG] [TaskbarService] [root/tasks_service.py:75]: Found yasb systray hwnd: 984402
2025-11-20 14:37:28,794 [DEBUG] [TaskbarService] [systray_widget/tasks_service.py:81]: Adding TaskbandHWND prop to hwnd 984402
2025-11-20 14:37:29,040 [DEBUG] [MainThread] [systray_widget/systray.py:285]: Systray thread started
2025-11-20 14:37:29,241 [DEBUG] [TaskbarService] [systray_widget/tasks_service.py:81]: Adding TaskbandHWND prop to hwnd 984402
2025-11-20 14:37:29,241 [DEBUG] [TrayMonitor] [systray_widget/tray_monitor.py:228]: Finding real tray hwnd
2025-11-20 14:37:29,265 [DEBUG] [MainThread] [systray_widget/tray_monitor.py:154]: Sending TaskbarCreated message: 49294
2025-11-20 14:37:30,521 [DEBUG] [MainThread] [systray_widget/systray.py:476]: Re-sorting widgets
2025-11-20 14:37:30,521 [DEBUG] [MainThread] [systray_widget/systray.py:498]: Updating current state
2025-11-20 14:37:36,985 [ERROR] [MainThread] [root/main.py:70]: Timeout waiting for previous instance. Aborting start.
2025-11-20 14:37:38,375 [DEBUG] [MainThread] [systray_widget/systray.py:476]: Re-sorting widgets
2025-11-20 14:37:38,376 [DEBUG] [MainThread] [systray_widget/systray.py:498]: Updating current state
2025-11-20 15:00:30,184 [DEBUG] [MainThread] [systray_widget/systray.py:476]: Re-sorting widgets
2025-11-20 15:00:30,189 [DEBUG] [MainThread] [systray_widget/systray.py:498]: Updating current state
2025-11-20 15:00:32,226 [DEBUG] [MainThread] [systray_widget/systray.py:476]: Re-sorting widgets
2025-11-20 15:00:32,226 [DEBUG] [MainThread] [systray_widget/systray.py:498]: Updating current state
2025-11-20 15:02:00,323 [DEBUG] [MainThread] [systray_widget/systray.py:476]: Re-sorting widgets
2025-11-20 15:02:00,324 [DEBUG] [MainThread] [systray_widget/systray.py:498]: Updating current state
2025-11-20 15:42:12,406 [DEBUG] [MainThread] [systray_widget/systray.py:476]: Re-sorting widgets
2025-11-20 15:42:12,410 [DEBUG] [MainThread] [systray_widget/systray.py:498]: Updating current state
2025-11-20 16:17:19,904 [DEBUG] [MainThread] [systray_widget/systray.py:476]: Re-sorting widgets
2025-11-20 16:17:19,904 [DEBUG] [MainThread] [systray_widget/systray.py:498]: Updating current state
2025-11-24 12:30:46,348 [DEBUG] [MainThread] [systray_widget/systray.py:476]: Re-sorting widgets
2025-11-24 12:30:46,367 [DEBUG] [MainThread] [systray_widget/systray.py:498]: Updating current state
2025-11-24 12:30:48,314 [DEBUG] [MainThread] [systray_widget/systray.py:476]: Re-sorting widgets
2025-11-24 12:30:48,315 [DEBUG] [MainThread] [systray_widget/systray.py:498]: Updating current state
2025-11-24 12:31:31,754 [DEBUG] [MainThread] [systray_widget/systray.py:476]: Re-sorting widgets
2025-11-24 12:31:31,759 [DEBUG] [MainThread] [systray_widget/systray.py:498]: Updating current state
2025-11-24 12:34:38,426 [INFO] [MainThread] [root/bar_manager.py:92]: Stopping SystemEventListener...
2025-11-24 12:34:38,447 [INFO] [MainThread] [root/bar_manager.py:92]: Stopping KomorebiEventListener...
2025-11-24 12:34:38,449 [INFO] [MainThread] [root/bar_manager.py:92]: Stopping WindowsNotificationEventListener...
2025-11-24 12:34:38,566 [DEBUG] [MainThread] [systray_widget/systray.py:498]: Updating current state
2025-11-24 12:34:38,576 [DEBUG] [MainThread] [systray_widget/systray.py:516]: Saving state to disk
2025-11-24 12:34:38,602 [DEBUG] [MainThread] [systray_widget/systray.py:520]: Saving state to C:\Users\renat\AppData\Local\YASB\systray_state_GIGABYTETECHNOLOGYCOLTDGIGABYTEM32U16843009.json
2025-11-24 12:43:01,492 [INFO] [MainThread] [root/log.py:59]: YASB v1.8.3
2025-11-24 12:43:01,495 [INFO] [Thread-1 (_run_server)] [cli_server/cli_server.py:212]: CLI server started v1.1.2
2025-11-24 12:43:01,495 [INFO] [MainThread] [cli_server/cli_server.py:104]: Log pipe server started
2025-11-24 12:43:02,560 [DEBUG] [MainThread] [comtypes/__init__.py:149]: CoInitializeEx(None, 2)
2025-11-24 12:43:03,720 [DEBUG] [MainThread] [tzlocal/win32.py:55]: Looking up time zone info from registry
2025-11-24 12:43:08,937 [INFO] [MainThread] [root/bar_manager.py:85]: Starting KomorebiEventListener...
2025-11-24 12:43:08,937 [INFO] [MainThread] [root/bar_manager.py:85]: Starting SystemEventListener...
2025-11-24 12:43:08,937 [INFO] [MainThread] [root/bar_manager.py:85]: Starting WindowsNotificationEventListener...
2025-11-24 12:43:08,937 [INFO] [MainThread] [root/watcher.py:54]: Created file watcher for path C:\Users\renat\.config\yasb
2025-11-24 12:43:08,946 [INFO] [Dummy-5] [root/event_listener.py:51]: Created named pipe yasb-46b3eb7f-c94c-11f0-a87d-dc45465b95c7
2025-11-24 12:43:08,999 [DEBUG] [MainThread] [qasync._windows._EventPoller/_windows.py:215]: Starting (proactor: <_IocpProactor overlapped#=0 result#=0>)...
2025-11-24 12:43:09,002 [DEBUG] [Dummy-9] [qasync._windows._EventWorker/_windows.py:195]: Thread started
2025-11-24 12:43:09,005 [DEBUG] [MainThread] [systray_widget/systray.py:538]: Loading state from C:\Users\renat\AppData\Local\YASB\systray_state_LGELECTRONICSLGFHD283841.json
2025-11-24 12:43:09,018 [DEBUG] [TrayMonitor] [systray_widget/systray.py:58]: Systray thread is starting...
2025-11-24 12:43:09,019 [DEBUG] [TaskbarService] [systray_widget/systray.py:72]: TaskbarService thread is starting...
2025-11-24 12:43:09,026 [DEBUG] [TaskbarService] [root/tasks_service.py:75]: Found yasb systray hwnd: 131324
2025-11-24 12:43:09,026 [DEBUG] [TaskbarService] [systray_widget/tasks_service.py:81]: Adding TaskbandHWND prop to hwnd 131324
2025-11-24 12:43:10,032 [DEBUG] [TrayMonitor] [systray_widget/tray_monitor.py:228]: Finding real tray hwnd
2025-11-24 12:43:12,118 [DEBUG] [MainThread] [systray_widget/systray.py:285]: Systray thread started
2025-11-24 12:43:12,318 [DEBUG] [TaskbarService] [systray_widget/tasks_service.py:81]: Adding TaskbandHWND prop to hwnd 131324
2025-11-24 12:43:12,324 [DEBUG] [MainThread] [systray_widget/tray_monitor.py:154]: Sending TaskbarCreated message: 49296
2025-11-24 12:43:13,416 [DEBUG] [MainThread] [systray_widget/systray.py:476]: Re-sorting widgets
2025-11-24 12:43:13,416 [DEBUG] [MainThread] [systray_widget/systray.py:498]: Updating current state
2025-11-24 12:43:21,385 [DEBUG] [MainThread] [systray_widget/systray.py:476]: Re-sorting widgets
2025-11-24 12:43:21,385 [DEBUG] [MainThread] [systray_widget/systray.py:498]: Updating current state
2025-11-25 12:45:43,896 [DEBUG] [MainThread] [systray_widget/systray.py:476]: Re-sorting widgets
2025-11-25 12:45:43,915 [DEBUG] [MainThread] [systray_widget/systray.py:498]: Updating current state
2025-11-25 12:46:18,283 [DEBUG] [MainThread] [systray_widget/systray.py:476]: Re-sorting widgets
2025-11-25 12:46:18,283 [DEBUG] [MainThread] [systray_widget/systray.py:498]: Updating current state
2025-11-26 11:48:14,484 [DEBUG] [MainThread] [systray_widget/systray.py:476]: Re-sorting widgets
2025-11-26 11:48:14,496 [DEBUG] [MainThread] [systray_widget/systray.py:498]: Updating current state
2025-11-26 14:29:10,812 [DEBUG] [MainThread] [systray_widget/systray.py:476]: Re-sorting widgets
2025-11-26 14:29:10,817 [DEBUG] [MainThread] [systray_widget/systray.py:498]: Updating current state
2025-11-26 14:34:23,593 [DEBUG] [MainThread] [systray_widget/systray.py:476]: Re-sorting widgets
2025-11-26 14:34:23,595 [DEBUG] [MainThread] [systray_widget/systray.py:498]: Updating current state
2025-11-26 14:38:00,411 [DEBUG] [MainThread] [systray_widget/systray.py:476]: Re-sorting widgets
2025-11-26 14:38:00,411 [DEBUG] [MainThread] [systray_widget/systray.py:498]: Updating current state
2025-11-26 14:46:01,195 [DEBUG] [MainThread] [systray_widget/systray.py:476]: Re-sorting widgets
2025-11-26 14:46:01,195 [DEBUG] [MainThread] [systray_widget/systray.py:498]: Updating current state
2025-11-26 14:47:12,063 [DEBUG] [MainThread] [systray_widget/systray.py:476]: Re-sorting widgets
2025-11-26 14:47:12,064 [DEBUG] [MainThread] [systray_widget/systray.py:498]: Updating current state
2025-11-26 14:48:01,327 [DEBUG] [MainThread] [systray_widget/systray.py:476]: Re-sorting widgets
2025-11-26 14:48:01,327 [DEBUG] [MainThread] [systray_widget/systray.py:498]: Updating current state
2025-11-26 14:49:03,752 [DEBUG] [MainThread] [systray_widget/systray.py:476]: Re-sorting widgets
2025-11-26 14:49:03,752 [DEBUG] [MainThread] [systray_widget/systray.py:498]: Updating current state
2025-11-26 14:49:16,698 [DEBUG] [MainThread] [systray_widget/systray.py:476]: Re-sorting widgets
2025-11-26 14:49:16,698 [DEBUG] [MainThread] [systray_widget/systray.py:498]: Updating current state
2025-11-26 14:50:48,441 [DEBUG] [MainThread] [systray_widget/systray.py:476]: Re-sorting widgets
2025-11-26 14:50:48,441 [DEBUG] [MainThread] [systray_widget/systray.py:498]: Updating current state
2025-11-26 14:51:07,282 [DEBUG] [MainThread] [systray_widget/systray.py:476]: Re-sorting widgets
2025-11-26 14:51:07,283 [DEBUG] [MainThread] [systray_widget/systray.py:498]: Updating current state
2025-11-26 17:05:52,147 [INFO] [MainThread] [root/bar.py:147]: Screen geometry changed. Updating position for bar (primary-bar_LG FHD_992e2cb5)
2025-11-26 17:12:27,302 [DEBUG] [MainThread] [systray_widget/systray.py:476]: Re-sorting widgets
2025-11-26 17:12:27,316 [DEBUG] [MainThread] [systray_widget/systray.py:498]: Updating current state
2025-11-26 17:12:30,499 [DEBUG] [MainThread] [systray_widget/systray.py:476]: Re-sorting widgets
2025-11-26 17:12:30,501 [DEBUG] [MainThread] [systray_widget/systray.py:498]: Updating current state
2025-11-26 18:00:06,289 [DEBUG] [MainThread] [systray_widget/systray.py:476]: Re-sorting widgets
2025-11-26 18:00:06,294 [DEBUG] [MainThread] [systray_widget/systray.py:498]: Updating current state
2025-11-26 18:00:06,389 [INFO] [MainThread] [root/bar.py:147]: Screen geometry changed. Updating position for bar (primary-bar_LG FHD_992e2cb5)
2025-11-27 11:22:27,879 [DEBUG] [MainThread] [systray_widget/systray.py:476]: Re-sorting widgets
2025-11-27 11:22:27,886 [DEBUG] [MainThread] [systray_widget/systray.py:498]: Updating current state
2025-11-27 11:22:35,989 [DEBUG] [MainThread] [systray_widget/systray.py:476]: Re-sorting widgets
2025-11-27 11:22:35,992 [DEBUG] [MainThread] [systray_widget/systray.py:498]: Updating current state
2025-11-27 11:23:30,975 [DEBUG] [MainThread] [systray_widget/systray.py:476]: Re-sorting widgets
2025-11-27 11:23:30,975 [DEBUG] [MainThread] [systray_widget/systray.py:498]: Updating current state
2025-11-27 11:23:33,685 [DEBUG] [MainThread] [systray_widget/systray.py:476]: Re-sorting widgets
2025-11-27 11:23:33,685 [DEBUG] [MainThread] [systray_widget/systray.py:498]: Updating current state
2025-11-27 11:23:38,027 [DEBUG] [MainThread] [systray_widget/systray.py:476]: Re-sorting widgets
2025-11-27 11:23:38,027 [DEBUG] [MainThread] [systray_widget/systray.py:498]: Updating current state
2025-11-27 11:44:48,070 [INFO] [MainThread] [root/bar.py:147]: Screen geometry changed. Updating position for bar (primary-bar_LG FHD_992e2cb5)
2025-11-27 11:45:16,706 [INFO] [MainThread] [root/bar.py:147]: Screen geometry changed. Updating position for bar (primary-bar_LG FHD_992e2cb5)
2025-11-27 11:45:27,913 [INFO] [MainThread] [root/bar.py:147]: Screen geometry changed. Updating position for bar (primary-bar_LG FHD_992e2cb5)
2025-11-27 11:45:34,753 [INFO] [MainThread] [root/bar.py:147]: Screen geometry changed. Updating position for bar (primary-bar_LG FHD_992e2cb5)
2025-11-27 11:45:43,641 [INFO] [MainThread] [root/bar.py:147]: Screen geometry changed. Updating position for bar (primary-bar_LG FHD_992e2cb5)
2025-11-27 14:03:38,328 [DEBUG] [MainThread] [systray_widget/systray.py:476]: Re-sorting widgets
2025-11-27 14:03:38,340 [DEBUG] [MainThread] [systray_widget/systray.py:498]: Updating current state
2025-11-27 14:03:51,014 [DEBUG] [MainThread] [systray_widget/systray.py:476]: Re-sorting widgets
2025-11-27 14:03:51,015 [DEBUG] [MainThread] [systray_widget/systray.py:498]: Updating current state
2025-11-27 14:05:59,279 [DEBUG] [MainThread] [systray_widget/systray.py:476]: Re-sorting widgets
2025-11-27 14:05:59,279 [DEBUG] [MainThread] [systray_widget/systray.py:498]: Updating current state
2025-11-27 14:06:01,307 [DEBUG] [MainThread] [systray_widget/systray.py:476]: Re-sorting widgets
2025-11-27 14:06:01,307 [DEBUG] [MainThread] [systray_widget/systray.py:498]: Updating current state
2025-11-27 14:07:50,687 [DEBUG] [MainThread] [systray_widget/systray.py:476]: Re-sorting widgets
2025-11-27 14:07:50,688 [DEBUG] [MainThread] [systray_widget/systray.py:498]: Updating current state
2025-11-27 14:07:52,851 [DEBUG] [MainThread] [systray_widget/systray.py:476]: Re-sorting widgets
2025-11-27 14:07:52,851 [DEBUG] [MainThread] [systray_widget/systray.py:498]: Updating current state
2025-11-27 14:13:09,327 [INFO] [MainThread] [root/bar.py:147]: Screen geometry changed. Updating position for bar (primary-bar_LG FHD_992e2cb5)
2025-11-27 15:03:46,389 [DEBUG] [MainThread] [systray_widget/systray.py:476]: Re-sorting widgets
2025-11-27 15:03:46,391 [DEBUG] [MainThread] [systray_widget/systray.py:498]: Updating current state
2025-11-27 15:03:54,412 [DEBUG] [MainThread] [systray_widget/systray.py:476]: Re-sorting widgets
2025-11-27 15:03:54,413 [DEBUG] [MainThread] [systray_widget/systray.py:498]: Updating current state
2025-11-27 15:03:56,327 [DEBUG] [MainThread] [systray_widget/systray.py:476]: Re-sorting widgets
2025-11-27 15:03:56,327 [DEBUG] [MainThread] [systray_widget/systray.py:498]: Updating current state
2025-11-27 16:04:31,785 [DEBUG] [MainThread] [systray_widget/systray.py:476]: Re-sorting widgets
2025-11-27 16:04:31,787 [DEBUG] [MainThread] [systray_widget/systray.py:498]: Updating current state
2025-11-27 16:04:38,914 [DEBUG] [MainThread] [systray_widget/systray.py:476]: Re-sorting widgets
2025-11-27 16:04:38,914 [DEBUG] [MainThread] [systray_widget/systray.py:498]: Updating current state
2025-11-27 16:35:15,191 [DEBUG] [MainThread] [systray_widget/systray.py:476]: Re-sorting widgets
2025-11-27 16:35:15,194 [DEBUG] [MainThread] [systray_widget/systray.py:498]: Updating current state
2025-11-27 17:05:11,941 [DEBUG] [MainThread] [systray_widget/systray.py:476]: Re-sorting widgets
2025-11-27 17:05:11,943 [DEBUG] [MainThread] [systray_widget/systray.py:498]: Updating current state
2025-11-27 17:05:13,985 [DEBUG] [MainThread] [systray_widget/systray.py:476]: Re-sorting widgets
2025-11-27 17:05:13,985 [DEBUG] [MainThread] [systray_widget/systray.py:498]: Updating current state
2025-11-27 17:32:20,071 [DEBUG] [MainThread] [systray_widget/systray.py:476]: Re-sorting widgets
2025-11-27 17:32:20,073 [DEBUG] [MainThread] [systray_widget/systray.py:498]: Updating current state
2025-11-27 18:13:31,961 [INFO] [MainThread] [root/bar.py:147]: Screen geometry changed. Updating position for bar (primary-bar_LG FHD_992e2cb5)
2025-11-27 20:08:13,740 [DEBUG] [MainThread] [systray_widget/systray.py:476]: Re-sorting widgets
2025-11-27 20:08:13,746 [DEBUG] [MainThread] [systray_widget/systray.py:498]: Updating current state
2025-11-27 20:08:16,032 [DEBUG] [MainThread] [systray_widget/systray.py:476]: Re-sorting widgets
2025-11-27 20:08:16,032 [DEBUG] [MainThread] [systray_widget/systray.py:498]: Updating current state
2025-11-27 20:09:20,286 [DEBUG] [MainThread] [systray_widget/systray.py:476]: Re-sorting widgets
2025-11-27 20:09:20,286 [DEBUG] [MainThread] [systray_widget/systray.py:498]: Updating current state
2025-11-27 20:09:23,299 [DEBUG] [MainThread] [systray_widget/systray.py:476]: Re-sorting widgets
2025-11-27 20:09:23,299 [DEBUG] [MainThread] [systray_widget/systray.py:498]: Updating current state
2025-11-27 20:10:27,536 [DEBUG] [MainThread] [systray_widget/systray.py:476]: Re-sorting widgets
2025-11-27 20:10:27,536 [DEBUG] [MainThread] [systray_widget/systray.py:498]: Updating current state
2025-11-27 20:10:30,563 [DEBUG] [MainThread] [systray_widget/systray.py:476]: Re-sorting widgets
2025-11-27 20:10:30,564 [DEBUG] [MainThread] [systray_widget/systray.py:498]: Updating current state
2025-11-27 20:11:34,819 [DEBUG] [MainThread] [systray_widget/systray.py:476]: Re-sorting widgets
2025-11-27 20:11:34,819 [DEBUG] [MainThread] [systray_widget/systray.py:498]: Updating current state
2025-11-27 20:11:37,806 [DEBUG] [MainThread] [systray_widget/systray.py:476]: Re-sorting widgets
2025-11-27 20:11:37,806 [DEBUG] [MainThread] [systray_widget/systray.py:498]: Updating current state
2025-11-27 20:12:42,057 [DEBUG] [MainThread] [systray_widget/systray.py:476]: Re-sorting widgets
2025-11-27 20:12:42,057 [DEBUG] [MainThread] [systray_widget/systray.py:498]: Updating current state
2025-11-27 20:12:45,073 [DEBUG] [MainThread] [systray_widget/systray.py:476]: Re-sorting widgets
2025-11-27 20:12:45,073 [DEBUG] [MainThread] [systray_widget/systray.py:498]: Updating current state
2025-11-27 20:13:49,303 [DEBUG] [MainThread] [systray_widget/systray.py:476]: Re-sorting widgets
2025-11-27 20:13:49,303 [DEBUG] [MainThread] [systray_widget/systray.py:498]: Updating current state
2025-11-27 20:13:52,303 [DEBUG] [MainThread] [systray_widget/systray.py:476]: Re-sorting widgets
2025-11-27 20:13:52,303 [DEBUG] [MainThread] [systray_widget/systray.py:498]: Updating current state
2025-11-27 20:14:56,559 [DEBUG] [MainThread] [systray_widget/systray.py:476]: Re-sorting widgets
2025-11-27 20:14:56,559 [DEBUG] [MainThread] [systray_widget/systray.py:498]: Updating current state
2025-11-27 20:14:59,616 [DEBUG] [MainThread] [systray_widget/systray.py:476]: Re-sorting widgets
2025-11-27 20:14:59,617 [DEBUG] [MainThread] [systray_widget/systray.py:498]: Updating current state
2025-11-27 20:16:03,856 [DEBUG] [MainThread] [systray_widget/systray.py:476]: Re-sorting widgets
2025-11-27 20:16:03,856 [DEBUG] [MainThread] [systray_widget/systray.py:498]: Updating current state
2025-11-27 20:16:06,871 [DEBUG] [MainThread] [systray_widget/systray.py:476]: Re-sorting widgets
2025-11-27 20:16:06,871 [DEBUG] [MainThread] [systray_widget/systray.py:498]: Updating current state
2025-11-27 20:17:11,115 [DEBUG] [MainThread] [systray_widget/systray.py:476]: Re-sorting widgets
2025-11-27 20:17:11,115 [DEBUG] [MainThread] [systray_widget/systray.py:498]: Updating current state
2025-11-27 20:17:14,106 [DEBUG] [MainThread] [systray_widget/systray.py:476]: Re-sorting widgets
2025-11-27 20:17:14,106 [DEBUG] [MainThread] [systray_widget/systray.py:498]: Updating current state
2025-11-27 20:18:18,359 [DEBUG] [MainThread] [systray_widget/systray.py:476]: Re-sorting widgets
2025-11-27 20:18:18,360 [DEBUG] [MainThread] [systray_widget/systray.py:498]: Updating current state
2025-11-27 20:18:21,327 [DEBUG] [MainThread] [systray_widget/systray.py:476]: Re-sorting widgets
2025-11-27 20:18:21,327 [DEBUG] [MainThread] [systray_widget/systray.py:498]: Updating current state
2025-11-27 20:19:25,610 [DEBUG] [MainThread] [systray_widget/systray.py:476]: Re-sorting widgets
2025-11-27 20:19:25,610 [DEBUG] [MainThread] [systray_widget/systray.py:498]: Updating current state
2025-11-27 20:19:28,651 [DEBUG] [MainThread] [systray_widget/systray.py:476]: Re-sorting widgets
2025-11-27 20:19:28,651 [DEBUG] [MainThread] [systray_widget/systray.py:498]: Updating current state
2025-11-27 20:20:32,905 [DEBUG] [MainThread] [systray_widget/systray.py:476]: Re-sorting widgets
2025-11-27 20:20:32,905 [DEBUG] [MainThread] [systray_widget/systray.py:498]: Updating current state
2025-11-27 20:20:35,897 [DEBUG] [MainThread] [systray_widget/systray.py:476]: Re-sorting widgets
2025-11-27 20:20:35,897 [DEBUG] [MainThread] [systray_widget/systray.py:498]: Updating current state
2025-11-27 20:21:40,139 [DEBUG] [MainThread] [systray_widget/systray.py:476]: Re-sorting widgets
2025-11-27 20:21:40,139 [DEBUG] [MainThread] [systray_widget/systray.py:498]: Updating current state
2025-11-27 20:21:43,150 [DEBUG] [MainThread] [systray_widget/systray.py:476]: Re-sorting widgets
2025-11-27 20:21:43,150 [DEBUG] [MainThread] [systray_widget/systray.py:498]: Updating current state
2025-11-27 20:22:48,796 [DEBUG] [MainThread] [systray_widget/systray.py:476]: Re-sorting widgets
2025-11-27 20:22:48,796 [DEBUG] [MainThread] [systray_widget/systray.py:498]: Updating current state
2025-11-27 20:22:51,779 [DEBUG] [MainThread] [systray_widget/systray.py:476]: Re-sorting widgets
2025-11-27 20:22:51,781 [DEBUG] [MainThread] [systray_widget/systray.py:498]: Updating current state
2025-11-27 20:23:56,054 [DEBUG] [MainThread] [systray_widget/systray.py:476]: Re-sorting widgets
2025-11-27 20:23:56,054 [DEBUG] [MainThread] [systray_widget/systray.py:498]: Updating current state
2025-11-27 20:23:59,057 [DEBUG] [MainThread] [systray_widget/systray.py:476]: Re-sorting widgets
2025-11-27 20:23:59,057 [DEBUG] [MainThread] [systray_widget/systray.py:498]: Updating current state
2025-11-27 20:25:03,360 [DEBUG] [MainThread] [systray_widget/systray.py:476]: Re-sorting widgets
2025-11-27 20:25:03,360 [DEBUG] [MainThread] [systray_widget/systray.py:498]: Updating current state
2025-11-27 20:25:06,373 [DEBUG] [MainThread] [systray_widget/systray.py:476]: Re-sorting widgets
2025-11-27 20:25:06,373 [DEBUG] [MainThread] [systray_widget/systray.py:498]: Updating current state
2025-11-27 20:26:10,691 [DEBUG] [MainThread] [systray_widget/systray.py:476]: Re-sorting widgets
2025-11-27 20:26:10,691 [DEBUG] [MainThread] [systray_widget/systray.py:498]: Updating current state
2025-11-27 20:26:13,615 [DEBUG] [MainThread] [systray_widget/systray.py:476]: Re-sorting widgets
2025-11-27 20:26:13,615 [DEBUG] [MainThread] [systray_widget/systray.py:498]: Updating current state
2025-11-27 20:27:17,827 [DEBUG] [MainThread] [systray_widget/systray.py:476]: Re-sorting widgets
2025-11-27 20:27:17,827 [DEBUG] [MainThread] [systray_widget/systray.py:498]: Updating current state
2025-11-27 20:27:20,853 [DEBUG] [MainThread] [systray_widget/systray.py:476]: Re-sorting widgets
2025-11-27 20:27:20,853 [DEBUG] [MainThread] [systray_widget/systray.py:498]: Updating current state
2025-11-27 20:28:25,071 [DEBUG] [MainThread] [systray_widget/systray.py:476]: Re-sorting widgets
2025-11-27 20:28:25,072 [DEBUG] [MainThread] [systray_widget/systray.py:498]: Updating current state
2025-11-27 20:28:28,098 [DEBUG] [MainThread] [systray_widget/systray.py:476]: Re-sorting widgets
2025-11-27 20:28:28,098 [DEBUG] [MainThread] [systray_widget/systray.py:498]: Updating current state
2025-11-27 20:29:32,346 [DEBUG] [MainThread] [systray_widget/systray.py:476]: Re-sorting widgets
2025-11-27 20:29:32,347 [DEBUG] [MainThread] [systray_widget/systray.py:498]: Updating current state
2025-11-27 20:29:35,341 [DEBUG] [MainThread] [systray_widget/systray.py:476]: Re-sorting widgets
2025-11-27 20:29:35,341 [DEBUG] [MainThread] [systray_widget/systray.py:498]: Updating current state
2025-11-27 20:30:39,580 [DEBUG] [MainThread] [systray_widget/systray.py:476]: Re-sorting widgets
2025-11-27 20:30:39,580 [DEBUG] [MainThread] [systray_widget/systray.py:498]: Updating current state
2025-11-27 20:30:42,567 [DEBUG] [MainThread] [systray_widget/systray.py:476]: Re-sorting widgets
2025-11-27 20:30:42,567 [DEBUG] [MainThread] [systray_widget/systray.py:498]: Updating current state
2025-11-27 20:31:46,829 [DEBUG] [MainThread] [systray_widget/systray.py:476]: Re-sorting widgets
2025-11-27 20:31:46,829 [DEBUG] [MainThread] [systray_widget/systray.py:498]: Updating current state
2025-11-27 20:31:49,878 [DEBUG] [MainThread] [systray_widget/systray.py:476]: Re-sorting widgets
2025-11-27 20:31:49,879 [DEBUG] [MainThread] [systray_widget/systray.py:498]: Updating current state
2025-11-27 20:32:54,145 [DEBUG] [MainThread] [systray_widget/systray.py:476]: Re-sorting widgets
2025-11-27 20:32:54,145 [DEBUG] [MainThread] [systray_widget/systray.py:498]: Updating current state
2025-11-27 20:32:57,168 [DEBUG] [MainThread] [systray_widget/systray.py:476]: Re-sorting widgets
2025-11-27 20:32:57,168 [DEBUG] [MainThread] [systray_widget/systray.py:498]: Updating current state
2025-11-27 20:34:01,458 [DEBUG] [MainThread] [systray_widget/systray.py:476]: Re-sorting widgets
2025-11-27 20:34:01,459 [DEBUG] [MainThread] [systray_widget/systray.py:498]: Updating current state
2025-11-27 20:34:04,433 [DEBUG] [MainThread] [systray_widget/systray.py:476]: Re-sorting widgets
2025-11-27 20:34:04,433 [DEBUG] [MainThread] [systray_widget/systray.py:498]: Updating current state
2025-11-27 20:35:08,677 [DEBUG] [MainThread] [systray_widget/systray.py:476]: Re-sorting widgets
2025-11-27 20:35:08,677 [DEBUG] [MainThread] [systray_widget/systray.py:498]: Updating current state
2025-11-27 20:35:11,673 [DEBUG] [MainThread] [systray_widget/systray.py:476]: Re-sorting widgets
2025-11-27 20:35:11,673 [DEBUG] [MainThread] [systray_widget/systray.py:498]: Updating current state
2025-11-27 20:36:15,918 [DEBUG] [MainThread] [systray_widget/systray.py:476]: Re-sorting widgets
2025-11-27 20:36:15,918 [DEBUG] [MainThread] [systray_widget/systray.py:498]: Updating current state
2025-11-27 20:36:18,919 [DEBUG] [MainThread] [systray_widget/systray.py:476]: Re-sorting widgets
2025-11-27 20:36:18,919 [DEBUG] [MainThread] [systray_widget/systray.py:498]: Updating current state
2025-11-27 20:37:23,165 [DEBUG] [MainThread] [systray_widget/systray.py:476]: Re-sorting widgets
2025-11-27 20:37:23,165 [DEBUG] [MainThread] [systray_widget/systray.py:498]: Updating current state
2025-11-27 20:37:26,140 [DEBUG] [MainThread] [systray_widget/systray.py:476]: Re-sorting widgets
2025-11-27 20:37:26,140 [DEBUG] [MainThread] [systray_widget/systray.py:498]: Updating current state
2025-11-27 20:38:30,389 [DEBUG] [MainThread] [systray_widget/systray.py:476]: Re-sorting widgets
2025-11-27 20:38:30,391 [DEBUG] [MainThread] [systray_widget/systray.py:498]: Updating current state
2025-11-27 20:38:33,395 [DEBUG] [MainThread] [systray_widget/systray.py:476]: Re-sorting widgets
2025-11-27 20:38:33,395 [DEBUG] [MainThread] [systray_widget/systray.py:498]: Updating current state
2025-11-27 20:39:37,621 [DEBUG] [MainThread] [systray_widget/systray.py:476]: Re-sorting widgets
2025-11-27 20:39:37,623 [DEBUG] [MainThread] [systray_widget/systray.py:498]: Updating current state
2025-11-27 20:39:40,627 [DEBUG] [MainThread] [systray_widget/systray.py:476]: Re-sorting widgets
2025-11-27 20:39:40,627 [DEBUG] [MainThread] [systray_widget/systray.py:498]: Updating current state
2025-11-27 20:40:44,870 [DEBUG] [MainThread] [systray_widget/systray.py:476]: Re-sorting widgets
2025-11-27 20:40:44,870 [DEBUG] [MainThread] [systray_widget/systray.py:498]: Updating current state
2025-11-27 20:40:47,841 [DEBUG] [MainThread] [systray_widget/systray.py:476]: Re-sorting widgets
2025-11-27 20:40:47,841 [DEBUG] [MainThread] [systray_widget/systray.py:498]: Updating current state
2025-11-27 20:41:52,120 [DEBUG] [MainThread] [systray_widget/systray.py:476]: Re-sorting widgets
2025-11-27 20:41:52,122 [DEBUG] [MainThread] [systray_widget/systray.py:498]: Updating current state
2025-11-27 20:41:55,103 [DEBUG] [MainThread] [systray_widget/systray.py:476]: Re-sorting widgets
2025-11-27 20:41:55,103 [DEBUG] [MainThread] [systray_widget/systray.py:498]: Updating current state
2025-11-27 20:42:59,342 [DEBUG] [MainThread] [systray_widget/systray.py:476]: Re-sorting widgets
2025-11-27 20:42:59,343 [DEBUG] [MainThread] [systray_widget/systray.py:498]: Updating current state
2025-11-27 20:43:02,339 [DEBUG] [MainThread] [systray_widget/systray.py:476]: Re-sorting widgets
2025-11-27 20:43:02,340 [DEBUG] [MainThread] [systray_widget/systray.py:498]: Updating current state
2025-11-27 20:44:06,616 [DEBUG] [MainThread] [systray_widget/systray.py:476]: Re-sorting widgets
2025-11-27 20:44:06,616 [DEBUG] [MainThread] [systray_widget/systray.py:498]: Updating current state
2025-11-27 20:44:09,559 [DEBUG] [MainThread] [systray_widget/systray.py:476]: Re-sorting widgets
2025-11-27 20:44:09,559 [DEBUG] [MainThread] [systray_widget/systray.py:498]: Updating current state
2025-11-27 20:45:13,822 [DEBUG] [MainThread] [systray_widget/systray.py:476]: Re-sorting widgets
2025-11-27 20:45:13,822 [DEBUG] [MainThread] [systray_widget/systray.py:498]: Updating current state
2025-11-27 20:45:16,806 [DEBUG] [MainThread] [systray_widget/systray.py:476]: Re-sorting widgets
2025-11-27 20:45:16,806 [DEBUG] [MainThread] [systray_widget/systray.py:498]: Updating current state
2025-11-27 20:46:21,046 [DEBUG] [MainThread] [systray_widget/systray.py:476]: Re-sorting widgets
2025-11-27 20:46:21,046 [DEBUG] [MainThread] [systray_widget/systray.py:498]: Updating current state
2025-11-27 20:46:24,048 [DEBUG] [MainThread] [systray_widget/systray.py:476]: Re-sorting widgets
2025-11-27 20:46:24,048 [DEBUG] [MainThread] [systray_widget/systray.py:498]: Updating current state
2025-11-27 20:47:28,311 [DEBUG] [MainThread] [systray_widget/systray.py:476]: Re-sorting widgets
2025-11-27 20:47:28,312 [DEBUG] [MainThread] [systray_widget/systray.py:498]: Updating current state
2025-11-27 20:47:31,272 [DEBUG] [MainThread] [systray_widget/systray.py:476]: Re-sorting widgets
2025-11-27 20:47:31,272 [DEBUG] [MainThread] [systray_widget/systray.py:498]: Updating current state
2025-11-27 20:48:35,559 [DEBUG] [MainThread] [systray_widget/systray.py:476]: Re-sorting widgets
2025-11-27 20:48:35,559 [DEBUG] [MainThread] [systray_widget/systray.py:498]: Updating current state
2025-11-27 20:48:38,591 [DEBUG] [MainThread] [systray_widget/systray.py:476]: Re-sorting widgets
2025-11-27 20:48:38,591 [DEBUG] [MainThread] [systray_widget/systray.py:498]: Updating current state
2025-11-27 20:49:42,812 [DEBUG] [MainThread] [systray_widget/systray.py:476]: Re-sorting widgets
2025-11-27 20:49:42,812 [DEBUG] [MainThread] [systray_widget/systray.py:498]: Updating current state
2025-11-27 20:49:45,818 [DEBUG] [MainThread] [systray_widget/systray.py:476]: Re-sorting widgets
2025-11-27 20:49:45,818 [DEBUG] [MainThread] [systray_widget/systray.py:498]: Updating current state
2025-11-27 20:50:50,093 [DEBUG] [MainThread] [systray_widget/systray.py:476]: Re-sorting widgets
2025-11-27 20:50:50,093 [DEBUG] [MainThread] [systray_widget/systray.py:498]: Updating current state
2025-11-27 20:50:53,114 [DEBUG] [MainThread] [systray_widget/systray.py:476]: Re-sorting widgets
2025-11-27 20:50:53,114 [DEBUG] [MainThread] [systray_widget/systray.py:498]: Updating current state
2025-11-27 20:51:57,346 [DEBUG] [MainThread] [systray_widget/systray.py:476]: Re-sorting widgets
2025-11-27 20:51:57,346 [DEBUG] [MainThread] [systray_widget/systray.py:498]: Updating current state
2025-11-27 20:52:00,352 [DEBUG] [MainThread] [systray_widget/systray.py:476]: Re-sorting widgets
2025-11-27 20:52:00,353 [DEBUG] [MainThread] [systray_widget/systray.py:498]: Updating current state
2025-11-27 20:53:07,579 [DEBUG] [MainThread] [systray_widget/systray.py:476]: Re-sorting widgets
2025-11-27 20:53:07,579 [DEBUG] [MainThread] [systray_widget/systray.py:498]: Updating current state
2025-11-27 20:54:11,825 [DEBUG] [MainThread] [systray_widget/systray.py:476]: Re-sorting widgets
2025-11-27 20:54:11,825 [DEBUG] [MainThread] [systray_widget/systray.py:498]: Updating current state
2025-11-27 20:54:14,844 [DEBUG] [MainThread] [systray_widget/systray.py:476]: Re-sorting widgets
2025-11-27 20:54:14,844 [DEBUG] [MainThread] [systray_widget/systray.py:498]: Updating current state
2025-11-27 20:55:19,087 [DEBUG] [MainThread] [systray_widget/systray.py:476]: Re-sorting widgets
2025-11-27 20:55:19,087 [DEBUG] [MainThread] [systray_widget/systray.py:498]: Updating current state
2025-11-27 20:55:22,066 [DEBUG] [MainThread] [systray_widget/systray.py:476]: Re-sorting widgets
2025-11-27 20:55:22,066 [DEBUG] [MainThread] [systray_widget/systray.py:498]: Updating current state
2025-11-27 20:56:26,360 [DEBUG] [MainThread] [systray_widget/systray.py:476]: Re-sorting widgets
2025-11-27 20:56:26,360 [DEBUG] [MainThread] [systray_widget/systray.py:498]: Updating current state
2025-11-27 20:56:29,342 [DEBUG] [MainThread] [systray_widget/systray.py:476]: Re-sorting widgets
2025-11-27 20:56:29,342 [DEBUG] [MainThread] [systray_widget/systray.py:498]: Updating current state
2025-11-27 20:57:33,563 [DEBUG] [MainThread] [systray_widget/systray.py:476]: Re-sorting widgets
2025-11-27 20:57:33,563 [DEBUG] [MainThread] [systray_widget/systray.py:498]: Updating current state
2025-11-27 20:57:36,643 [DEBUG] [MainThread] [systray_widget/systray.py:476]: Re-sorting widgets
2025-11-27 20:57:36,643 [DEBUG] [MainThread] [systray_widget/systray.py:498]: Updating current state
2025-11-27 20:58:40,908 [DEBUG] [MainThread] [systray_widget/systray.py:476]: Re-sorting widgets
2025-11-27 20:58:40,909 [DEBUG] [MainThread] [systray_widget/systray.py:498]: Updating current state
2025-11-27 20:58:43,902 [DEBUG] [MainThread] [systray_widget/systray.py:476]: Re-sorting widgets
2025-11-27 20:58:43,902 [DEBUG] [MainThread] [systray_widget/systray.py:498]: Updating current state
2025-11-27 20:59:48,175 [DEBUG] [MainThread] [systray_widget/systray.py:476]: Re-sorting widgets
2025-11-27 20:59:48,175 [DEBUG] [MainThread] [systray_widget/systray.py:498]: Updating current state
2025-11-27 20:59:51,139 [DEBUG] [MainThread] [systray_widget/systray.py:476]: Re-sorting widgets
2025-11-27 20:59:51,140 [DEBUG] [MainThread] [systray_widget/systray.py:498]: Updating current state
2025-11-27 21:00:55,472 [DEBUG] [MainThread] [systray_widget/systray.py:476]: Re-sorting widgets
2025-11-27 21:00:55,472 [DEBUG] [MainThread] [systray_widget/systray.py:498]: Updating current state
2025-11-27 21:00:58,387 [DEBUG] [MainThread] [systray_widget/systray.py:476]: Re-sorting widgets
2025-11-27 21:00:58,387 [DEBUG] [MainThread] [systray_widget/systray.py:498]: Updating current state
2025-11-27 21:02:02,671 [DEBUG] [MainThread] [systray_widget/systray.py:476]: Re-sorting widgets
2025-11-27 21:02:02,671 [DEBUG] [MainThread] [systray_widget/systray.py:498]: Updating current state
2025-11-27 21:02:05,657 [DEBUG] [MainThread] [systray_widget/systray.py:476]: Re-sorting widgets
2025-11-27 21:02:05,657 [DEBUG] [MainThread] [systray_widget/systray.py:498]: Updating current state
2025-11-27 21:03:09,912 [DEBUG] [MainThread] [systray_widget/systray.py:476]: Re-sorting widgets
2025-11-27 21:03:09,912 [DEBUG] [MainThread] [systray_widget/systray.py:498]: Updating current state
2025-11-27 21:03:12,907 [DEBUG] [MainThread] [systray_widget/systray.py:476]: Re-sorting widgets
2025-11-27 21:03:12,908 [DEBUG] [MainThread] [systray_widget/systray.py:498]: Updating current state
2025-11-27 21:04:17,177 [DEBUG] [MainThread] [systray_widget/systray.py:476]: Re-sorting widgets
2025-11-27 21:04:17,178 [DEBUG] [MainThread] [systray_widget/systray.py:498]: Updating current state
2025-11-27 21:04:20,178 [DEBUG] [MainThread] [systray_widget/systray.py:476]: Re-sorting widgets
2025-11-27 21:04:20,178 [DEBUG] [MainThread] [systray_widget/systray.py:498]: Updating current state
2025-11-27 21:05:24,457 [DEBUG] [MainThread] [systray_widget/systray.py:476]: Re-sorting widgets
2025-11-27 21:05:24,457 [DEBUG] [MainThread] [systray_widget/systray.py:498]: Updating current state
2025-11-27 21:05:27,422 [DEBUG] [MainThread] [systray_widget/systray.py:476]: Re-sorting widgets
2025-11-27 21:05:27,424 [DEBUG] [MainThread] [systray_widget/systray.py:498]: Updating current state
2025-11-27 21:06:31,694 [DEBUG] [MainThread] [systray_widget/systray.py:476]: Re-sorting widgets
2025-11-27 21:06:31,694 [DEBUG] [MainThread] [systray_widget/systray.py:498]: Updating current state
2025-11-27 21:06:34,672 [DEBUG] [MainThread] [systray_widget/systray.py:476]: Re-sorting widgets
2025-11-27 21:06:34,673 [DEBUG] [MainThread] [systray_widget/systray.py:498]: Updating current state
2025-11-27 21:07:38,928 [DEBUG] [MainThread] [systray_widget/systray.py:476]: Re-sorting widgets
2025-11-27 21:07:38,928 [DEBUG] [MainThread] [systray_widget/systray.py:498]: Updating current state
2025-11-27 21:07:41,922 [DEBUG] [MainThread] [systray_widget/systray.py:476]: Re-sorting widgets
2025-11-27 21:07:41,922 [DEBUG] [MainThread] [systray_widget/systray.py:498]: Updating current state
2025-11-27 21:08:46,186 [DEBUG] [MainThread] [systray_widget/systray.py:476]: Re-sorting widgets
2025-11-27 21:08:46,186 [DEBUG] [MainThread] [systray_widget/systray.py:498]: Updating current state
2025-11-27 21:08:49,246 [DEBUG] [MainThread] [systray_widget/systray.py:476]: Re-sorting widgets
2025-11-27 21:08:49,246 [DEBUG] [MainThread] [systray_widget/systray.py:498]: Updating current state
2025-11-27 21:09:53,467 [DEBUG] [MainThread] [systray_widget/systray.py:476]: Re-sorting widgets
2025-11-27 21:09:53,467 [DEBUG] [MainThread] [systray_widget/systray.py:498]: Updating current state
2025-11-27 21:09:56,473 [DEBUG] [MainThread] [systray_widget/systray.py:476]: Re-sorting widgets
2025-11-27 21:09:56,473 [DEBUG] [MainThread] [systray_widget/systray.py:498]: Updating current state
2025-11-27 21:11:00,755 [DEBUG] [MainThread] [systray_widget/systray.py:476]: Re-sorting widgets
2025-11-27 21:11:00,755 [DEBUG] [MainThread] [systray_widget/systray.py:498]: Updating current state
2025-11-27 21:11:03,743 [DEBUG] [MainThread] [systray_widget/systray.py:476]: Re-sorting widgets
2025-11-27 21:11:03,743 [DEBUG] [MainThread] [systray_widget/systray.py:498]: Updating current state
2025-11-27 21:12:07,983 [DEBUG] [MainThread] [systray_widget/systray.py:476]: Re-sorting widgets
2025-11-27 21:12:07,983 [DEBUG] [MainThread] [systray_widget/systray.py:498]: Updating current state
2025-11-27 21:12:10,983 [DEBUG] [MainThread] [systray_widget/systray.py:476]: Re-sorting widgets
2025-11-27 21:12:10,983 [DEBUG] [MainThread] [systray_widget/systray.py:498]: Updating current state
2025-11-27 21:13:15,200 [DEBUG] [MainThread] [systray_widget/systray.py:476]: Re-sorting widgets
2025-11-27 21:13:15,201 [DEBUG] [MainThread] [systray_widget/systray.py:498]: Updating current state
2025-11-27 21:13:18,212 [DEBUG] [MainThread] [systray_widget/systray.py:476]: Re-sorting widgets
2025-11-27 21:13:18,212 [DEBUG] [MainThread] [systray_widget/systray.py:498]: Updating current state
2025-11-27 21:14:22,451 [DEBUG] [MainThread] [systray_widget/systray.py:476]: Re-sorting widgets
2025-11-27 21:14:22,451 [DEBUG] [MainThread] [systray_widget/systray.py:498]: Updating current state
2025-11-27 21:14:25,464 [DEBUG] [MainThread] [systray_widget/systray.py:476]: Re-sorting widgets
2025-11-27 21:14:25,464 [DEBUG] [MainThread] [systray_widget/systray.py:498]: Updating current state
2025-11-27 21:15:29,697 [DEBUG] [MainThread] [systray_widget/systray.py:476]: Re-sorting widgets
2025-11-27 21:15:29,697 [DEBUG] [MainThread] [systray_widget/systray.py:498]: Updating current state
2025-11-27 21:15:32,711 [DEBUG] [MainThread] [systray_widget/systray.py:476]: Re-sorting widgets
2025-11-27 21:15:32,711 [DEBUG] [MainThread] [systray_widget/systray.py:498]: Updating current state
2025-11-27 21:16:36,927 [DEBUG] [MainThread] [systray_widget/systray.py:476]: Re-sorting widgets
2025-11-27 21:16:36,927 [DEBUG] [MainThread] [systray_widget/systray.py:498]: Updating current state
2025-11-27 21:16:39,919 [DEBUG] [MainThread] [systray_widget/systray.py:476]: Re-sorting widgets
2025-11-27 21:16:39,919 [DEBUG] [MainThread] [systray_widget/systray.py:498]: Updating current state
2025-11-27 21:17:44,172 [DEBUG] [MainThread] [systray_widget/systray.py:476]: Re-sorting widgets
2025-11-27 21:17:44,172 [DEBUG] [MainThread] [systray_widget/systray.py:498]: Updating current state
2025-11-27 21:17:47,178 [DEBUG] [MainThread] [systray_widget/systray.py:476]: Re-sorting widgets
2025-11-27 21:17:47,179 [DEBUG] [MainThread] [systray_widget/systray.py:498]: Updating current state
2025-11-27 21:18:51,429 [DEBUG] [MainThread] [systray_widget/systray.py:476]: Re-sorting widgets
2025-11-27 21:18:51,429 [DEBUG] [MainThread] [systray_widget/systray.py:498]: Updating current state
2025-11-27 21:18:54,412 [DEBUG] [MainThread] [systray_widget/systray.py:476]: Re-sorting widgets
2025-11-27 21:18:54,413 [DEBUG] [MainThread] [systray_widget/systray.py:498]: Updating current state
2025-11-27 21:19:58,736 [DEBUG] [MainThread] [systray_widget/systray.py:476]: Re-sorting widgets
2025-11-27 21:19:58,736 [DEBUG] [MainThread] [systray_widget/systray.py:498]: Updating current state
2025-11-27 21:20:01,657 [DEBUG] [MainThread] [systray_widget/systray.py:476]: Re-sorting widgets
2025-11-27 21:20:01,657 [DEBUG] [MainThread] [systray_widget/systray.py:498]: Updating current state
2025-11-27 21:21:05,918 [DEBUG] [MainThread] [systray_widget/systray.py:476]: Re-sorting widgets
2025-11-27 21:21:05,918 [DEBUG] [MainThread] [systray_widget/systray.py:498]: Updating current state
2025-11-27 21:21:08,901 [DEBUG] [MainThread] [systray_widget/systray.py:476]: Re-sorting widgets
2025-11-27 21:21:08,901 [DEBUG] [MainThread] [systray_widget/systray.py:498]: Updating current state
2025-11-27 21:22:13,153 [DEBUG] [MainThread] [systray_widget/systray.py:476]: Re-sorting widgets
2025-11-27 21:22:13,153 [DEBUG] [MainThread] [systray_widget/systray.py:498]: Updating current state
2025-11-27 21:22:16,150 [DEBUG] [MainThread] [systray_widget/systray.py:476]: Re-sorting widgets
2025-11-27 21:22:16,150 [DEBUG] [MainThread] [systray_widget/systray.py:498]: Updating current state
2025-11-27 21:23:20,389 [DEBUG] [MainThread] [systray_widget/systray.py:476]: Re-sorting widgets
2025-11-27 21:23:20,389 [DEBUG] [MainThread] [systray_widget/systray.py:498]: Updating current state
2025-11-27 21:23:23,378 [DEBUG] [MainThread] [systray_widget/systray.py:476]: Re-sorting widgets
2025-11-27 21:23:23,378 [DEBUG] [MainThread] [systray_widget/systray.py:498]: Updating current state
2025-11-27 21:24:27,629 [DEBUG] [MainThread] [systray_widget/systray.py:476]: Re-sorting widgets
2025-11-27 21:24:27,629 [DEBUG] [MainThread] [systray_widget/systray.py:498]: Updating current state
2025-11-27 21:24:30,623 [DEBUG] [MainThread] [systray_widget/systray.py:476]: Re-sorting widgets
2025-11-27 21:24:30,623 [DEBUG] [MainThread] [systray_widget/systray.py:498]: Updating current state
2025-11-27 21:25:34,896 [DEBUG] [MainThread] [systray_widget/systray.py:476]: Re-sorting widgets
2025-11-27 21:25:34,896 [DEBUG] [MainThread] [systray_widget/systray.py:498]: Updating current state
2025-11-27 21:25:37,877 [DEBUG] [MainThread] [systray_widget/systray.py:476]: Re-sorting widgets
2025-11-27 21:25:37,877 [DEBUG] [MainThread] [systray_widget/systray.py:498]: Updating current state
2025-11-27 21:26:42,116 [DEBUG] [MainThread] [systray_widget/systray.py:476]: Re-sorting widgets
2025-11-27 21:26:42,116 [DEBUG] [MainThread] [systray_widget/systray.py:498]: Updating current state
2025-11-27 21:26:45,135 [DEBUG] [MainThread] [systray_widget/systray.py:476]: Re-sorting widgets
2025-11-27 21:26:45,136 [DEBUG] [MainThread] [systray_widget/systray.py:498]: Updating current state
2025-11-27 21:27:49,344 [DEBUG] [MainThread] [systray_widget/systray.py:476]: Re-sorting widgets
2025-11-27 21:27:49,344 [DEBUG] [MainThread] [systray_widget/systray.py:498]: Updating current state
2025-11-27 21:27:52,367 [DEBUG] [MainThread] [systray_widget/systray.py:476]: Re-sorting widgets
2025-11-27 21:27:52,367 [DEBUG] [MainThread] [systray_widget/systray.py:498]: Updating current state
2025-11-27 21:28:56,674 [DEBUG] [MainThread] [systray_widget/systray.py:476]: Re-sorting widgets
2025-11-27 21:28:56,675 [DEBUG] [MainThread] [systray_widget/systray.py:498]: Updating current state
2025-11-27 21:28:59,580 [DEBUG] [MainThread] [systray_widget/systray.py:476]: Re-sorting widgets
2025-11-27 21:28:59,580 [DEBUG] [MainThread] [systray_widget/systray.py:498]: Updating current state
2025-11-27 21:30:03,849 [DEBUG] [MainThread] [systray_widget/systray.py:476]: Re-sorting widgets
2025-11-27 21:30:03,850 [DEBUG] [MainThread] [systray_widget/systray.py:498]: Updating current state
2025-11-27 21:30:06,828 [DEBUG] [MainThread] [systray_widget/systray.py:476]: Re-sorting widgets
2025-11-27 21:30:06,829 [DEBUG] [MainThread] [systray_widget/systray.py:498]: Updating current state
2025-11-27 21:31:11,087 [DEBUG] [MainThread] [systray_widget/systray.py:476]: Re-sorting widgets
2025-11-27 21:31:11,087 [DEBUG] [MainThread] [systray_widget/systray.py:498]: Updating current state
2025-11-27 21:31:14,075 [DEBUG] [MainThread] [systray_widget/systray.py:476]: Re-sorting widgets
2025-11-27 21:31:14,075 [DEBUG] [MainThread] [systray_widget/systray.py:498]: Updating current state
2025-11-27 21:32:18,297 [DEBUG] [MainThread] [systray_widget/systray.py:476]: Re-sorting widgets
2025-11-27 21:32:18,297 [DEBUG] [MainThread] [systray_widget/systray.py:498]: Updating current state
2025-11-27 21:32:21,281 [DEBUG] [MainThread] [systray_widget/systray.py:476]: Re-sorting widgets
2025-11-27 21:32:21,281 [DEBUG] [MainThread] [systray_widget/systray.py:498]: Updating current state
2025-11-27 21:33:25,534 [DEBUG] [MainThread] [systray_widget/systray.py:476]: Re-sorting widgets
2025-11-27 21:33:25,535 [DEBUG] [MainThread] [systray_widget/systray.py:498]: Updating current state
2025-11-27 21:33:28,542 [DEBUG] [MainThread] [systray_widget/systray.py:476]: Re-sorting widgets
2025-11-27 21:33:28,543 [DEBUG] [MainThread] [systray_widget/systray.py:498]: Updating current state
2025-11-27 21:34:32,791 [DEBUG] [MainThread] [systray_widget/systray.py:476]: Re-sorting widgets
2025-11-27 21:34:32,792 [DEBUG] [MainThread] [systray_widget/systray.py:498]: Updating current state
2025-11-27 21:34:35,797 [DEBUG] [MainThread] [systray_widget/systray.py:476]: Re-sorting widgets
2025-11-27 21:34:35,797 [DEBUG] [MainThread] [systray_widget/systray.py:498]: Updating current state
2025-11-27 21:35:40,029 [DEBUG] [MainThread] [systray_widget/systray.py:476]: Re-sorting widgets
2025-11-27 21:35:40,029 [DEBUG] [MainThread] [systray_widget/systray.py:498]: Updating current state
2025-11-27 21:35:43,033 [DEBUG] [MainThread] [systray_widget/systray.py:476]: Re-sorting widgets
2025-11-27 21:35:43,033 [DEBUG] [MainThread] [systray_widget/systray.py:498]: Updating current state
2025-11-27 21:36:47,325 [DEBUG] [MainThread] [systray_widget/systray.py:476]: Re-sorting widgets
2025-11-27 21:36:47,326 [DEBUG] [MainThread] [systray_widget/systray.py:498]: Updating current state
2025-11-27 21:36:50,329 [DEBUG] [MainThread] [systray_widget/systray.py:476]: Re-sorting widgets
2025-11-27 21:36:50,329 [DEBUG] [MainThread] [systray_widget/systray.py:498]: Updating current state
2025-11-27 21:37:54,640 [DEBUG] [MainThread] [systray_widget/systray.py:476]: Re-sorting widgets
2025-11-27 21:37:54,640 [DEBUG] [MainThread] [systray_widget/systray.py:498]: Updating current state
2025-11-27 21:37:57,586 [DEBUG] [MainThread] [systray_widget/systray.py:476]: Re-sorting widgets
2025-11-27 21:37:57,586 [DEBUG] [MainThread] [systray_widget/systray.py:498]: Updating current state
2025-11-27 21:39:01,856 [DEBUG] [MainThread] [systray_widget/systray.py:476]: Re-sorting widgets
2025-11-27 21:39:01,856 [DEBUG] [MainThread] [systray_widget/systray.py:498]: Updating current state
2025-11-27 21:39:04,827 [DEBUG] [MainThread] [systray_widget/systray.py:476]: Re-sorting widgets
2025-11-27 21:39:04,829 [DEBUG] [MainThread] [systray_widget/systray.py:498]: Updating current state
2025-11-27 21:40:09,064 [DEBUG] [MainThread] [systray_widget/systray.py:476]: Re-sorting widgets
2025-11-27 21:40:09,065 [DEBUG] [MainThread] [systray_widget/systray.py:498]: Updating current state
2025-11-27 21:40:12,072 [DEBUG] [MainThread] [systray_widget/systray.py:476]: Re-sorting widgets
2025-11-27 21:40:12,072 [DEBUG] [MainThread] [systray_widget/systray.py:498]: Updating current state
2025-11-27 21:41:16,311 [DEBUG] [MainThread] [systray_widget/systray.py:476]: Re-sorting widgets
2025-11-27 21:41:16,311 [DEBUG] [MainThread] [systray_widget/systray.py:498]: Updating current state
2025-11-27 21:41:19,320 [DEBUG] [MainThread] [systray_widget/systray.py:476]: Re-sorting widgets
2025-11-27 21:41:19,322 [DEBUG] [MainThread] [systray_widget/systray.py:498]: Updating current state
2025-11-27 21:42:23,550 [DEBUG] [MainThread] [systray_widget/systray.py:476]: Re-sorting widgets
2025-11-27 21:42:23,550 [DEBUG] [MainThread] [systray_widget/systray.py:498]: Updating current state
2025-11-27 21:42:26,558 [DEBUG] [MainThread] [systray_widget/systray.py:476]: Re-sorting widgets
2025-11-27 21:42:26,559 [DEBUG] [MainThread] [systray_widget/systray.py:498]: Updating current state
2025-11-27 21:43:30,807 [DEBUG] [MainThread] [systray_widget/systray.py:476]: Re-sorting widgets
2025-11-27 21:43:30,807 [DEBUG] [MainThread] [systray_widget/systray.py:498]: Updating current state
2025-11-27 21:43:33,803 [DEBUG] [MainThread] [systray_widget/systray.py:476]: Re-sorting widgets
2025-11-27 21:43:33,803 [DEBUG] [MainThread] [systray_widget/systray.py:498]: Updating current state
2025-11-27 21:44:38,049 [DEBUG] [MainThread] [systray_widget/systray.py:476]: Re-sorting widgets
2025-11-27 21:44:38,049 [DEBUG] [MainThread] [systray_widget/systray.py:498]: Updating current state
2025-11-27 21:44:41,077 [DEBUG] [MainThread] [systray_widget/systray.py:476]: Re-sorting widgets
2025-11-27 21:44:41,077 [DEBUG] [MainThread] [systray_widget/systray.py:498]: Updating current state
2025-11-27 21:45:45,279 [DEBUG] [MainThread] [systray_widget/systray.py:476]: Re-sorting widgets
2025-11-27 21:45:45,279 [DEBUG] [MainThread] [systray_widget/systray.py:498]: Updating current state
2025-11-27 21:45:48,281 [DEBUG] [MainThread] [systray_widget/systray.py:476]: Re-sorting widgets
2025-11-27 21:45:48,281 [DEBUG] [MainThread] [systray_widget/systray.py:498]: Updating current state
2025-11-27 21:46:52,616 [DEBUG] [MainThread] [systray_widget/systray.py:476]: Re-sorting widgets
2025-11-27 21:46:52,616 [DEBUG] [MainThread] [systray_widget/systray.py:498]: Updating current state
2025-11-27 21:46:55,615 [DEBUG] [MainThread] [systray_widget/systray.py:476]: Re-sorting widgets
2025-11-27 21:46:55,615 [DEBUG] [MainThread] [systray_widget/systray.py:498]: Updating current state
2025-11-27 21:47:59,889 [DEBUG] [MainThread] [systray_widget/systray.py:476]: Re-sorting widgets
2025-11-27 21:47:59,889 [DEBUG] [MainThread] [systray_widget/systray.py:498]: Updating current state
2025-11-27 21:48:02,860 [DEBUG] [MainThread] [systray_widget/systray.py:476]: Re-sorting widgets
2025-11-27 21:48:02,860 [DEBUG] [MainThread] [systray_widget/systray.py:498]: Updating current state
2025-11-27 21:49:07,107 [DEBUG] [MainThread] [systray_widget/systray.py:476]: Re-sorting widgets
2025-11-27 21:49:07,107 [DEBUG] [MainThread] [systray_widget/systray.py:498]: Updating current state
2025-11-27 21:49:10,077 [DEBUG] [MainThread] [systray_widget/systray.py:476]: Re-sorting widgets
2025-11-27 21:49:10,079 [DEBUG] [MainThread] [systray_widget/systray.py:498]: Updating current state
2025-11-27 21:50:14,311 [DEBUG] [MainThread] [systray_widget/systray.py:476]: Re-sorting widgets
2025-11-27 21:50:14,311 [DEBUG] [MainThread] [systray_widget/systray.py:498]: Updating current state
2025-11-27 21:50:17,329 [DEBUG] [MainThread] [systray_widget/systray.py:476]: Re-sorting widgets
2025-11-27 21:50:17,329 [DEBUG] [MainThread] [systray_widget/systray.py:498]: Updating current state
2025-11-27 21:51:21,586 [DEBUG] [MainThread] [systray_widget/systray.py:476]: Re-sorting widgets
2025-11-27 21:51:21,586 [DEBUG] [MainThread] [systray_widget/systray.py:498]: Updating current state
2025-11-27 21:51:24,550 [DEBUG] [MainThread] [systray_widget/systray.py:476]: Re-sorting widgets
2025-11-27 21:51:24,550 [DEBUG] [MainThread] [systray_widget/systray.py:498]: Updating current state
2025-11-27 21:52:28,814 [DEBUG] [MainThread] [systray_widget/systray.py:476]: Re-sorting widgets
2025-11-27 21:52:28,814 [DEBUG] [MainThread] [systray_widget/systray.py:498]: Updating current state
2025-11-27 21:52:31,810 [DEBUG] [MainThread] [systray_widget/systray.py:476]: Re-sorting widgets
2025-11-27 21:52:31,812 [DEBUG] [MainThread] [systray_widget/systray.py:498]: Updating current state
2025-11-27 21:53:36,056 [DEBUG] [MainThread] [systray_widget/systray.py:476]: Re-sorting widgets
2025-11-27 21:53:36,056 [DEBUG] [MainThread] [systray_widget/systray.py:498]: Updating current state
2025-11-27 21:53:39,029 [DEBUG] [MainThread] [systray_widget/systray.py:476]: Re-sorting widgets
2025-11-27 21:53:39,029 [DEBUG] [MainThread] [systray_widget/systray.py:498]: Updating current state
2025-11-27 21:54:43,320 [DEBUG] [MainThread] [systray_widget/systray.py:476]: Re-sorting widgets
2025-11-27 21:54:43,322 [DEBUG] [MainThread] [systray_widget/systray.py:498]: Updating current state
2025-11-27 21:54:46,382 [DEBUG] [MainThread] [systray_widget/systray.py:476]: Re-sorting widgets
2025-11-27 21:54:46,383 [DEBUG] [MainThread] [systray_widget/systray.py:498]: Updating current state
2025-11-27 21:55:50,632 [DEBUG] [MainThread] [systray_widget/systray.py:476]: Re-sorting widgets
2025-11-27 21:55:50,632 [DEBUG] [MainThread] [systray_widget/systray.py:498]: Updating current state
2025-11-27 21:55:53,624 [DEBUG] [MainThread] [systray_widget/systray.py:476]: Re-sorting widgets
2025-11-27 21:55:53,624 [DEBUG] [MainThread] [systray_widget/systray.py:498]: Updating current state
2025-11-27 21:56:57,909 [DEBUG] [MainThread] [systray_widget/systray.py:476]: Re-sorting widgets
2025-11-27 21:56:57,910 [DEBUG] [MainThread] [systray_widget/systray.py:498]: Updating current state
2025-11-27 21:57:00,894 [DEBUG] [MainThread] [systray_widget/systray.py:476]: Re-sorting widgets
2025-11-27 21:57:00,894 [DEBUG] [MainThread] [systray_widget/systray.py:498]: Updating current state
2025-11-27 21:58:05,128 [DEBUG] [MainThread] [systray_widget/systray.py:476]: Re-sorting widgets
2025-11-27 21:58:05,128 [DEBUG] [MainThread] [systray_widget/systray.py:498]: Updating current state
2025-11-27 21:58:08,125 [DEBUG] [MainThread] [systray_widget/systray.py:476]: Re-sorting widgets
2025-11-27 21:58:08,125 [DEBUG] [MainThread] [systray_widget/systray.py:498]: Updating current state
2025-11-27 21:59:12,357 [DEBUG] [MainThread] [systray_widget/systray.py:476]: Re-sorting widgets
2025-11-27 21:59:12,357 [DEBUG] [MainThread] [systray_widget/systray.py:498]: Updating current state
2025-11-27 21:59:15,343 [DEBUG] [MainThread] [systray_widget/systray.py:476]: Re-sorting widgets
2025-11-27 21:59:15,344 [DEBUG] [MainThread] [systray_widget/systray.py:498]: Updating current state
2025-11-27 22:00:19,645 [DEBUG] [MainThread] [systray_widget/systray.py:476]: Re-sorting widgets
2025-11-27 22:00:19,645 [DEBUG] [MainThread] [systray_widget/systray.py:498]: Updating current state
2025-11-27 22:00:22,637 [DEBUG] [MainThread] [systray_widget/systray.py:476]: Re-sorting widgets
2025-11-27 22:00:22,637 [DEBUG] [MainThread] [systray_widget/systray.py:498]: Updating current state
2025-11-27 22:01:26,885 [DEBUG] [MainThread] [systray_widget/systray.py:476]: Re-sorting widgets
2025-11-27 22:01:26,885 [DEBUG] [MainThread] [systray_widget/systray.py:498]: Updating current state
2025-11-27 22:01:29,876 [DEBUG] [MainThread] [systray_widget/systray.py:476]: Re-sorting widgets
2025-11-27 22:01:29,876 [DEBUG] [MainThread] [systray_widget/systray.py:498]: Updating current state
2025-11-27 22:02:34,126 [DEBUG] [MainThread] [systray_widget/systray.py:476]: Re-sorting widgets
2025-11-27 22:02:34,126 [DEBUG] [MainThread] [systray_widget/systray.py:498]: Updating current state
2025-11-27 22:02:37,129 [DEBUG] [MainThread] [systray_widget/systray.py:476]: Re-sorting widgets
2025-11-27 22:02:37,129 [DEBUG] [MainThread] [systray_widget/systray.py:498]: Updating current state
2025-11-27 22:03:41,407 [DEBUG] [MainThread] [systray_widget/systray.py:476]: Re-sorting widgets
2025-11-27 22:03:41,407 [DEBUG] [MainThread] [systray_widget/systray.py:498]: Updating current state
2025-11-27 22:03:44,391 [DEBUG] [MainThread] [systray_widget/systray.py:476]: Re-sorting widgets
2025-11-27 22:03:44,391 [DEBUG] [MainThread] [systray_widget/systray.py:498]: Updating current state
2025-11-27 22:04:48,663 [DEBUG] [MainThread] [systray_widget/systray.py:476]: Re-sorting widgets
2025-11-27 22:04:48,663 [DEBUG] [MainThread] [systray_widget/systray.py:498]: Updating current state
2025-11-27 22:04:51,648 [DEBUG] [MainThread] [systray_widget/systray.py:476]: Re-sorting widgets
2025-11-27 22:04:51,648 [DEBUG] [MainThread] [systray_widget/systray.py:498]: Updating current state
2025-11-27 22:05:55,911 [DEBUG] [MainThread] [systray_widget/systray.py:476]: Re-sorting widgets
2025-11-27 22:05:55,911 [DEBUG] [MainThread] [systray_widget/systray.py:498]: Updating current state
2025-11-27 22:05:58,912 [DEBUG] [MainThread] [systray_widget/systray.py:476]: Re-sorting widgets
2025-11-27 22:05:58,912 [DEBUG] [MainThread] [systray_widget/systray.py:498]: Updating current state
2025-11-27 22:07:03,139 [DEBUG] [MainThread] [systray_widget/systray.py:476]: Re-sorting widgets
2025-11-27 22:07:03,139 [DEBUG] [MainThread] [systray_widget/systray.py:498]: Updating current state
2025-11-27 22:07:06,133 [DEBUG] [MainThread] [systray_widget/systray.py:476]: Re-sorting widgets
2025-11-27 22:07:06,135 [DEBUG] [MainThread] [systray_widget/systray.py:498]: Updating current state
2025-11-27 22:08:10,403 [DEBUG] [MainThread] [systray_widget/systray.py:476]: Re-sorting widgets
2025-11-27 22:08:10,405 [DEBUG] [MainThread] [systray_widget/systray.py:498]: Updating current state
2025-11-27 22:08:13,388 [DEBUG] [MainThread] [systray_widget/systray.py:476]: Re-sorting widgets
2025-11-27 22:08:13,388 [DEBUG] [MainThread] [systray_widget/systray.py:498]: Updating current state
2025-11-27 22:09:17,640 [DEBUG] [MainThread] [systray_widget/systray.py:476]: Re-sorting widgets
2025-11-27 22:09:17,640 [DEBUG] [MainThread] [systray_widget/systray.py:498]: Updating current state
2025-11-27 22:09:20,624 [DEBUG] [MainThread] [systray_widget/systray.py:476]: Re-sorting widgets
2025-11-27 22:09:20,624 [DEBUG] [MainThread] [systray_widget/systray.py:498]: Updating current state
2025-11-27 22:10:24,900 [DEBUG] [MainThread] [systray_widget/systray.py:476]: Re-sorting widgets
2025-11-27 22:10:24,900 [DEBUG] [MainThread] [systray_widget/systray.py:498]: Updating current state
2025-11-27 22:10:27,880 [DEBUG] [MainThread] [systray_widget/systray.py:476]: Re-sorting widgets
2025-11-27 22:10:27,881 [DEBUG] [MainThread] [systray_widget/systray.py:498]: Updating current state
2025-11-27 22:11:32,129 [DEBUG] [MainThread] [systray_widget/systray.py:476]: Re-sorting widgets
2025-11-27 22:11:32,129 [DEBUG] [MainThread] [systray_widget/systray.py:498]: Updating current state
2025-11-27 22:11:35,116 [DEBUG] [MainThread] [systray_widget/systray.py:476]: Re-sorting widgets
2025-11-27 22:11:35,116 [DEBUG] [MainThread] [systray_widget/systray.py:498]: Updating current state
2025-11-27 22:12:39,393 [DEBUG] [MainThread] [systray_widget/systray.py:476]: Re-sorting widgets
2025-11-27 22:12:39,393 [DEBUG] [MainThread] [systray_widget/systray.py:498]: Updating current state
2025-11-27 22:12:42,397 [DEBUG] [MainThread] [systray_widget/systray.py:476]: Re-sorting widgets
2025-11-27 22:12:42,399 [DEBUG] [MainThread] [systray_widget/systray.py:498]: Updating current state
2025-11-27 22:13:46,636 [DEBUG] [MainThread] [systray_widget/systray.py:476]: Re-sorting widgets
2025-11-27 22:13:46,636 [DEBUG] [MainThread] [systray_widget/systray.py:498]: Updating current state
2025-11-27 22:13:49,632 [DEBUG] [MainThread] [systray_widget/systray.py:476]: Re-sorting widgets
2025-11-27 22:13:49,632 [DEBUG] [MainThread] [systray_widget/systray.py:498]: Updating current state
2025-11-27 22:14:53,885 [DEBUG] [MainThread] [systray_widget/systray.py:476]: Re-sorting widgets
2025-11-27 22:14:53,885 [DEBUG] [MainThread] [systray_widget/systray.py:498]: Updating current state
2025-11-27 22:14:56,865 [DEBUG] [MainThread] [systray_widget/systray.py:476]: Re-sorting widgets
2025-11-27 22:14:56,865 [DEBUG] [MainThread] [systray_widget/systray.py:498]: Updating current state
2025-11-27 22:16:01,111 [DEBUG] [MainThread] [systray_widget/systray.py:476]: Re-sorting widgets
2025-11-27 22:16:01,111 [DEBUG] [MainThread] [systray_widget/systray.py:498]: Updating current state
2025-11-27 22:16:04,099 [DEBUG] [MainThread] [systray_widget/systray.py:476]: Re-sorting widgets
2025-11-27 22:16:04,099 [DEBUG] [MainThread] [systray_widget/systray.py:498]: Updating current state
2025-11-27 22:17:08,375 [DEBUG] [MainThread] [systray_widget/systray.py:476]: Re-sorting widgets
2025-11-27 22:17:08,375 [DEBUG] [MainThread] [systray_widget/systray.py:498]: Updating current state
2025-11-27 22:17:11,360 [DEBUG] [MainThread] [systray_widget/systray.py:476]: Re-sorting widgets
2025-11-27 22:17:11,362 [DEBUG] [MainThread] [systray_widget/systray.py:498]: Updating current state
2025-11-27 22:18:15,598 [DEBUG] [MainThread] [systray_widget/systray.py:476]: Re-sorting widgets
2025-11-27 22:18:15,601 [DEBUG] [MainThread] [systray_widget/systray.py:498]: Updating current state
2025-11-27 22:18:18,652 [DEBUG] [MainThread] [systray_widget/systray.py:476]: Re-sorting widgets
2025-11-27 22:18:18,652 [DEBUG] [MainThread] [systray_widget/systray.py:498]: Updating current state
2025-11-27 22:19:22,859 [DEBUG] [MainThread] [systray_widget/systray.py:476]: Re-sorting widgets
2025-11-27 22:19:22,860 [DEBUG] [MainThread] [systray_widget/systray.py:498]: Updating current state
2025-11-27 22:19:25,927 [DEBUG] [MainThread] [systray_widget/systray.py:476]: Re-sorting widgets
2025-11-27 22:19:25,927 [DEBUG] [MainThread] [systray_widget/systray.py:498]: Updating current state
2025-11-27 22:20:30,161 [DEBUG] [MainThread] [systray_widget/systray.py:476]: Re-sorting widgets
2025-11-27 22:20:30,161 [DEBUG] [MainThread] [systray_widget/systray.py:498]: Updating current state
2025-11-27 22:20:33,106 [DEBUG] [MainThread] [systray_widget/systray.py:476]: Re-sorting widgets
2025-11-27 22:20:33,109 [DEBUG] [MainThread] [systray_widget/systray.py:498]: Updating current state
2025-11-27 22:21:37,419 [DEBUG] [MainThread] [systray_widget/systray.py:476]: Re-sorting widgets
2025-11-27 22:21:37,419 [DEBUG] [MainThread] [systray_widget/systray.py:498]: Updating current state
2025-11-27 22:21:40,351 [DEBUG] [MainThread] [systray_widget/systray.py:476]: Re-sorting widgets
2025-11-27 22:21:40,352 [DEBUG] [MainThread] [systray_widget/systray.py:498]: Updating current state
2025-11-27 22:22:44,597 [DEBUG] [MainThread] [systray_widget/systray.py:476]: Re-sorting widgets
2025-11-27 22:22:44,597 [DEBUG] [MainThread] [systray_widget/systray.py:498]: Updating current state
2025-11-27 22:22:47,598 [DEBUG] [MainThread] [systray_widget/systray.py:476]: Re-sorting widgets
2025-11-27 22:22:47,599 [DEBUG] [MainThread] [systray_widget/systray.py:498]: Updating current state
2025-11-27 22:23:51,845 [DEBUG] [MainThread] [systray_widget/systray.py:476]: Re-sorting widgets
2025-11-27 22:23:51,845 [DEBUG] [MainThread] [systray_widget/systray.py:498]: Updating current state
2025-11-27 22:23:54,853 [DEBUG] [MainThread] [systray_widget/systray.py:476]: Re-sorting widgets
2025-11-27 22:23:54,853 [DEBUG] [MainThread] [systray_widget/systray.py:498]: Updating current state
2025-11-27 22:24:59,104 [DEBUG] [MainThread] [systray_widget/systray.py:476]: Re-sorting widgets
2025-11-27 22:24:59,104 [DEBUG] [MainThread] [systray_widget/systray.py:498]: Updating current state
2025-11-27 22:25:02,091 [DEBUG] [MainThread] [systray_widget/systray.py:476]: Re-sorting widgets
2025-11-27 22:25:02,091 [DEBUG] [MainThread] [systray_widget/systray.py:498]: Updating current state
2025-11-27 22:26:06,352 [DEBUG] [MainThread] [systray_widget/systray.py:476]: Re-sorting widgets
2025-11-27 22:26:06,352 [DEBUG] [MainThread] [systray_widget/systray.py:498]: Updating current state
2025-11-27 22:26:09,346 [DEBUG] [MainThread] [systray_widget/systray.py:476]: Re-sorting widgets
2025-11-27 22:26:09,346 [DEBUG] [MainThread] [systray_widget/systray.py:498]: Updating current state
2025-11-27 22:27:13,593 [DEBUG] [MainThread] [systray_widget/systray.py:476]: Re-sorting widgets
2025-11-27 22:27:13,594 [DEBUG] [MainThread] [systray_widget/systray.py:498]: Updating current state
2025-11-27 22:27:16,603 [DEBUG] [MainThread] [systray_widget/systray.py:476]: Re-sorting widgets
2025-11-27 22:27:16,603 [DEBUG] [MainThread] [systray_widget/systray.py:498]: Updating current state
2025-11-27 22:28:21,067 [DEBUG] [MainThread] [systray_widget/systray.py:476]: Re-sorting widgets
2025-11-27 22:28:21,068 [DEBUG] [MainThread] [systray_widget/systray.py:498]: Updating current state
2025-11-27 22:28:24,058 [DEBUG] [MainThread] [systray_widget/systray.py:476]: Re-sorting widgets
2025-11-27 22:28:24,058 [DEBUG] [MainThread] [systray_widget/systray.py:498]: Updating current state
2025-11-27 22:29:28,306 [DEBUG] [MainThread] [systray_widget/systray.py:476]: Re-sorting widgets
2025-11-27 22:29:28,307 [DEBUG] [MainThread] [systray_widget/systray.py:498]: Updating current state
2025-11-27 22:29:31,291 [DEBUG] [MainThread] [systray_widget/systray.py:476]: Re-sorting widgets
2025-11-27 22:29:31,291 [DEBUG] [MainThread] [systray_widget/systray.py:498]: Updating current state
2025-11-27 22:30:35,528 [DEBUG] [MainThread] [systray_widget/systray.py:476]: Re-sorting widgets
2025-11-27 22:30:35,529 [DEBUG] [MainThread] [systray_widget/systray.py:498]: Updating current state
2025-11-27 22:30:38,630 [DEBUG] [MainThread] [systray_widget/systray.py:476]: Re-sorting widgets
2025-11-27 22:30:38,630 [DEBUG] [MainThread] [systray_widget/systray.py:498]: Updating current state
2025-11-27 22:31:42,857 [DEBUG] [MainThread] [systray_widget/systray.py:476]: Re-sorting widgets
2025-11-27 22:31:42,857 [DEBUG] [MainThread] [systray_widget/systray.py:498]: Updating current state
2025-11-27 22:31:45,867 [DEBUG] [MainThread] [systray_widget/systray.py:476]: Re-sorting widgets
2025-11-27 22:31:45,867 [DEBUG] [MainThread] [systray_widget/systray.py:498]: Updating current state
2025-11-27 22:32:50,140 [DEBUG] [MainThread] [systray_widget/systray.py:476]: Re-sorting widgets
2025-11-27 22:32:50,140 [DEBUG] [MainThread] [systray_widget/systray.py:498]: Updating current state
2025-11-27 22:32:53,115 [DEBUG] [MainThread] [systray_widget/systray.py:476]: Re-sorting widgets
2025-11-27 22:32:53,115 [DEBUG] [MainThread] [systray_widget/systray.py:498]: Updating current state
2025-11-27 22:33:57,454 [DEBUG] [MainThread] [systray_widget/systray.py:476]: Re-sorting widgets
2025-11-27 22:33:57,455 [DEBUG] [MainThread] [systray_widget/systray.py:498]: Updating current state
2025-11-27 22:34:00,379 [DEBUG] [MainThread] [systray_widget/systray.py:476]: Re-sorting widgets
2025-11-27 22:34:00,379 [DEBUG] [MainThread] [systray_widget/systray.py:498]: Updating current state
2025-11-27 22:35:04,626 [DEBUG] [MainThread] [systray_widget/systray.py:476]: Re-sorting widgets
2025-11-27 22:35:04,626 [DEBUG] [MainThread] [systray_widget/systray.py:498]: Updating current state
2025-11-27 22:35:07,622 [DEBUG] [MainThread] [systray_widget/systray.py:476]: Re-sorting widgets
2025-11-27 22:35:07,624 [DEBUG] [MainThread] [systray_widget/systray.py:498]: Updating current state
2025-11-27 22:36:11,896 [DEBUG] [MainThread] [systray_widget/systray.py:476]: Re-sorting widgets
2025-11-27 22:36:11,896 [DEBUG] [MainThread] [systray_widget/systray.py:498]: Updating current state
2025-11-27 22:36:14,884 [DEBUG] [MainThread] [systray_widget/systray.py:476]: Re-sorting widgets
2025-11-27 22:36:14,884 [DEBUG] [MainThread] [systray_widget/systray.py:498]: Updating current state
2025-11-27 22:37:19,141 [DEBUG] [MainThread] [systray_widget/systray.py:476]: Re-sorting widgets
2025-11-27 22:37:19,141 [DEBUG] [MainThread] [systray_widget/systray.py:498]: Updating current state
2025-11-27 22:37:22,120 [DEBUG] [MainThread] [systray_widget/systray.py:476]: Re-sorting widgets
2025-11-27 22:37:22,121 [DEBUG] [MainThread] [systray_widget/systray.py:498]: Updating current state
2025-11-27 22:38:26,373 [DEBUG] [MainThread] [systray_widget/systray.py:476]: Re-sorting widgets
2025-11-27 22:38:26,373 [DEBUG] [MainThread] [systray_widget/systray.py:498]: Updating current state
2025-11-27 22:38:29,364 [DEBUG] [MainThread] [systray_widget/systray.py:476]: Re-sorting widgets
2025-11-27 22:38:29,364 [DEBUG] [MainThread] [systray_widget/systray.py:498]: Updating current state
2025-11-27 22:39:33,626 [DEBUG] [MainThread] [systray_widget/systray.py:476]: Re-sorting widgets
2025-11-27 22:39:33,628 [DEBUG] [MainThread] [systray_widget/systray.py:498]: Updating current state
2025-11-27 22:39:36,636 [DEBUG] [MainThread] [systray_widget/systray.py:476]: Re-sorting widgets
2025-11-27 22:39:36,636 [DEBUG] [MainThread] [systray_widget/systray.py:498]: Updating current state
2025-11-27 22:40:40,869 [DEBUG] [MainThread] [systray_widget/systray.py:476]: Re-sorting widgets
2025-11-27 22:40:40,869 [DEBUG] [MainThread] [systray_widget/systray.py:498]: Updating current state
2025-11-27 22:40:43,919 [DEBUG] [MainThread] [systray_widget/systray.py:476]: Re-sorting widgets
2025-11-27 22:40:43,919 [DEBUG] [MainThread] [systray_widget/systray.py:498]: Updating current state
2025-11-27 22:41:48,109 [DEBUG] [MainThread] [systray_widget/systray.py:476]: Re-sorting widgets
2025-11-27 22:41:48,111 [DEBUG] [MainThread] [systray_widget/systray.py:498]: Updating current state
2025-11-27 22:41:51,111 [DEBUG] [MainThread] [systray_widget/systray.py:476]: Re-sorting widgets
2025-11-27 22:41:51,111 [DEBUG] [MainThread] [systray_widget/systray.py:498]: Updating current state
2025-11-27 22:42:55,402 [DEBUG] [MainThread] [systray_widget/systray.py:476]: Re-sorting widgets
2025-11-27 22:42:55,403 [DEBUG] [MainThread] [systray_widget/systray.py:498]: Updating current state
2025-11-27 22:42:58,358 [DEBUG] [MainThread] [systray_widget/systray.py:476]: Re-sorting widgets
2025-11-27 22:42:58,358 [DEBUG] [MainThread] [systray_widget/systray.py:498]: Updating current state
2025-11-27 22:44:02,612 [DEBUG] [MainThread] [systray_widget/systray.py:476]: Re-sorting widgets
2025-11-27 22:44:02,614 [DEBUG] [MainThread] [systray_widget/systray.py:498]: Updating current state
2025-11-27 22:44:05,591 [DEBUG] [MainThread] [systray_widget/systray.py:476]: Re-sorting widgets
2025-11-27 22:44:05,592 [DEBUG] [MainThread] [systray_widget/systray.py:498]: Updating current state
2025-11-27 22:45:09,881 [DEBUG] [MainThread] [systray_widget/systray.py:476]: Re-sorting widgets
2025-11-27 22:45:09,881 [DEBUG] [MainThread] [systray_widget/systray.py:498]: Updating current state
2025-11-27 22:45:12,872 [DEBUG] [MainThread] [systray_widget/systray.py:476]: Re-sorting widgets
2025-11-27 22:45:12,874 [DEBUG] [MainThread] [systray_widget/systray.py:498]: Updating current state
2025-11-27 22:46:17,133 [DEBUG] [MainThread] [systray_widget/systray.py:476]: Re-sorting widgets
2025-11-27 22:46:17,133 [DEBUG] [MainThread] [systray_widget/systray.py:498]: Updating current state
2025-11-27 22:46:20,130 [DEBUG] [MainThread] [systray_widget/systray.py:476]: Re-sorting widgets
2025-11-27 22:46:20,132 [DEBUG] [MainThread] [systray_widget/systray.py:498]: Updating current state
2025-11-27 22:47:24,367 [DEBUG] [MainThread] [systray_widget/systray.py:476]: Re-sorting widgets
2025-11-27 22:47:24,367 [DEBUG] [MainThread] [systray_widget/systray.py:498]: Updating current state
2025-11-27 22:47:27,360 [DEBUG] [MainThread] [systray_widget/systray.py:476]: Re-sorting widgets
2025-11-27 22:47:27,360 [DEBUG] [MainThread] [systray_widget/systray.py:498]: Updating current state
2025-11-27 22:48:31,623 [DEBUG] [MainThread] [systray_widget/systray.py:476]: Re-sorting widgets
2025-11-27 22:48:31,623 [DEBUG] [MainThread] [systray_widget/systray.py:498]: Updating current state
2025-11-27 22:48:34,664 [DEBUG] [MainThread] [systray_widget/systray.py:476]: Re-sorting widgets
2025-11-27 22:48:34,667 [DEBUG] [MainThread] [systray_widget/systray.py:498]: Updating current state
2025-11-27 22:49:38,884 [DEBUG] [MainThread] [systray_widget/systray.py:476]: Re-sorting widgets
2025-11-27 22:49:38,885 [DEBUG] [MainThread] [systray_widget/systray.py:498]: Updating current state
2025-11-27 22:49:41,882 [DEBUG] [MainThread] [systray_widget/systray.py:476]: Re-sorting widgets
2025-11-27 22:49:41,882 [DEBUG] [MainThread] [systray_widget/systray.py:498]: Updating current state
2025-11-27 22:50:46,108 [DEBUG] [MainThread] [systray_widget/systray.py:476]: Re-sorting widgets
2025-11-27 22:50:46,108 [DEBUG] [MainThread] [systray_widget/systray.py:498]: Updating current state
2025-11-27 22:50:49,119 [DEBUG] [MainThread] [systray_widget/systray.py:476]: Re-sorting widgets
2025-11-27 22:50:49,119 [DEBUG] [MainThread] [systray_widget/systray.py:498]: Updating current state
2025-11-27 22:51:53,376 [DEBUG] [MainThread] [systray_widget/systray.py:476]: Re-sorting widgets
2025-11-27 22:51:53,376 [DEBUG] [MainThread] [systray_widget/systray.py:498]: Updating current state
2025-11-27 22:51:56,377 [DEBUG] [MainThread] [systray_widget/systray.py:476]: Re-sorting widgets
2025-11-27 22:51:56,379 [DEBUG] [MainThread] [systray_widget/systray.py:498]: Updating current state
2025-11-27 22:53:00,615 [DEBUG] [MainThread] [systray_widget/systray.py:476]: Re-sorting widgets
2025-11-27 22:53:00,617 [DEBUG] [MainThread] [systray_widget/systray.py:498]: Updating current state
2025-11-27 22:53:03,609 [DEBUG] [MainThread] [systray_widget/systray.py:476]: Re-sorting widgets
2025-11-27 22:53:03,609 [DEBUG] [MainThread] [systray_widget/systray.py:498]: Updating current state
2025-11-27 22:54:07,857 [DEBUG] [MainThread] [systray_widget/systray.py:476]: Re-sorting widgets
2025-11-27 22:54:07,857 [DEBUG] [MainThread] [systray_widget/systray.py:498]: Updating current state
2025-11-27 22:54:10,873 [DEBUG] [MainThread] [systray_widget/systray.py:476]: Re-sorting widgets
2025-11-27 22:54:10,874 [DEBUG] [MainThread] [systray_widget/systray.py:498]: Updating current state
2025-11-27 22:55:15,086 [DEBUG] [MainThread] [systray_widget/systray.py:476]: Re-sorting widgets
2025-11-27 22:55:15,087 [DEBUG] [MainThread] [systray_widget/systray.py:498]: Updating current state
2025-11-27 22:55:18,081 [DEBUG] [MainThread] [systray_widget/systray.py:476]: Re-sorting widgets
2025-11-27 22:55:18,082 [DEBUG] [MainThread] [systray_widget/systray.py:498]: Updating current state
2025-11-27 22:56:22,356 [DEBUG] [MainThread] [systray_widget/systray.py:476]: Re-sorting widgets
2025-11-27 22:56:22,356 [DEBUG] [MainThread] [systray_widget/systray.py:498]: Updating current state
2025-11-27 22:56:25,363 [DEBUG] [MainThread] [systray_widget/systray.py:476]: Re-sorting widgets
2025-11-27 22:56:25,363 [DEBUG] [MainThread] [systray_widget/systray.py:498]: Updating current state
2025-11-27 22:57:29,645 [DEBUG] [MainThread] [systray_widget/systray.py:476]: Re-sorting widgets
2025-11-27 22:57:29,646 [DEBUG] [MainThread] [systray_widget/systray.py:498]: Updating current state
2025-11-27 22:57:32,618 [DEBUG] [MainThread] [systray_widget/systray.py:476]: Re-sorting widgets
2025-11-27 22:57:32,618 [DEBUG] [MainThread] [systray_widget/systray.py:498]: Updating current state
2025-11-27 22:58:36,856 [DEBUG] [MainThread] [systray_widget/systray.py:476]: Re-sorting widgets
2025-11-27 22:58:36,856 [DEBUG] [MainThread] [systray_widget/systray.py:498]: Updating current state
2025-11-27 22:58:39,862 [DEBUG] [MainThread] [systray_widget/systray.py:476]: Re-sorting widgets
2025-11-27 22:58:39,862 [DEBUG] [MainThread] [systray_widget/systray.py:498]: Updating current state
2025-11-27 22:59:44,121 [DEBUG] [MainThread] [systray_widget/systray.py:476]: Re-sorting widgets
2025-11-27 22:59:44,123 [DEBUG] [MainThread] [systray_widget/systray.py:498]: Updating current state
2025-11-27 22:59:47,111 [DEBUG] [MainThread] [systray_widget/systray.py:476]: Re-sorting widgets
2025-11-27 22:59:47,111 [DEBUG] [MainThread] [systray_widget/systray.py:498]: Updating current state
2025-11-27 23:00:51,369 [DEBUG] [MainThread] [systray_widget/systray.py:476]: Re-sorting widgets
2025-11-27 23:00:51,369 [DEBUG] [MainThread] [systray_widget/systray.py:498]: Updating current state
2025-11-27 23:00:54,361 [DEBUG] [MainThread] [systray_widget/systray.py:476]: Re-sorting widgets
2025-11-27 23:00:54,361 [DEBUG] [MainThread] [systray_widget/systray.py:498]: Updating current state
2025-11-27 23:01:58,629 [DEBUG] [MainThread] [systray_widget/systray.py:476]: Re-sorting widgets
2025-11-27 23:01:58,629 [DEBUG] [MainThread] [systray_widget/systray.py:498]: Updating current state
2025-11-27 23:02:01,616 [DEBUG] [MainThread] [systray_widget/systray.py:476]: Re-sorting widgets
2025-11-27 23:02:01,616 [DEBUG] [MainThread] [systray_widget/systray.py:498]: Updating current state
2025-11-27 23:03:05,857 [DEBUG] [MainThread] [systray_widget/systray.py:476]: Re-sorting widgets
2025-11-27 23:03:05,857 [DEBUG] [MainThread] [systray_widget/systray.py:498]: Updating current state
2025-11-27 23:03:08,921 [DEBUG] [MainThread] [systray_widget/systray.py:476]: Re-sorting widgets
2025-11-27 23:03:08,921 [DEBUG] [MainThread] [systray_widget/systray.py:498]: Updating current state
2025-11-27 23:04:13,203 [DEBUG] [MainThread] [systray_widget/systray.py:476]: Re-sorting widgets
2025-11-27 23:04:13,203 [DEBUG] [MainThread] [systray_widget/systray.py:498]: Updating current state
2025-11-27 23:04:16,191 [DEBUG] [MainThread] [systray_widget/systray.py:476]: Re-sorting widgets
2025-11-27 23:04:16,191 [DEBUG] [MainThread] [systray_widget/systray.py:498]: Updating current state
2025-11-27 23:05:20,538 [DEBUG] [MainThread] [systray_widget/systray.py:476]: Re-sorting widgets
2025-11-27 23:05:20,538 [DEBUG] [MainThread] [systray_widget/systray.py:498]: Updating current state
2025-11-27 23:05:23,478 [DEBUG] [MainThread] [systray_widget/systray.py:476]: Re-sorting widgets
2025-11-27 23:05:23,478 [DEBUG] [MainThread] [systray_widget/systray.py:498]: Updating current state
2025-11-27 23:06:27,741 [DEBUG] [MainThread] [systray_widget/systray.py:476]: Re-sorting widgets
2025-11-27 23:06:27,741 [DEBUG] [MainThread] [systray_widget/systray.py:498]: Updating current state
2025-11-27 23:06:30,715 [DEBUG] [MainThread] [systray_widget/systray.py:476]: Re-sorting widgets
2025-11-27 23:06:30,715 [DEBUG] [MainThread] [systray_widget/systray.py:498]: Updating current state
2025-11-27 23:07:34,968 [DEBUG] [MainThread] [systray_widget/systray.py:476]: Re-sorting widgets
2025-11-27 23:07:34,968 [DEBUG] [MainThread] [systray_widget/systray.py:498]: Updating current state
2025-11-27 23:07:37,973 [DEBUG] [MainThread] [systray_widget/systray.py:476]: Re-sorting widgets
2025-11-27 23:07:37,973 [DEBUG] [MainThread] [systray_widget/systray.py:498]: Updating current state
2025-11-27 23:08:42,223 [DEBUG] [MainThread] [systray_widget/systray.py:476]: Re-sorting widgets
2025-11-27 23:08:42,223 [DEBUG] [MainThread] [systray_widget/systray.py:498]: Updating current state
2025-11-27 23:08:45,230 [DEBUG] [MainThread] [systray_widget/systray.py:476]: Re-sorting widgets
2025-11-27 23:08:45,230 [DEBUG] [MainThread] [systray_widget/systray.py:498]: Updating current state
2025-11-27 23:09:49,486 [DEBUG] [MainThread] [systray_widget/systray.py:476]: Re-sorting widgets
2025-11-27 23:09:49,486 [DEBUG] [MainThread] [systray_widget/systray.py:498]: Updating current state
2025-11-27 23:09:52,451 [DEBUG] [MainThread] [systray_widget/systray.py:476]: Re-sorting widgets
2025-11-27 23:09:52,451 [DEBUG] [MainThread] [systray_widget/systray.py:498]: Updating current state
2025-11-27 23:10:56,718 [DEBUG] [MainThread] [systray_widget/systray.py:476]: Re-sorting widgets
2025-11-27 23:10:56,718 [DEBUG] [MainThread] [systray_widget/systray.py:498]: Updating current state
2025-11-27 23:10:59,723 [DEBUG] [MainThread] [systray_widget/systray.py:476]: Re-sorting widgets
2025-11-27 23:10:59,723 [DEBUG] [MainThread] [systray_widget/systray.py:498]: Updating current state
2025-11-27 23:12:03,989 [DEBUG] [MainThread] [systray_widget/systray.py:476]: Re-sorting widgets
2025-11-27 23:12:03,989 [DEBUG] [MainThread] [systray_widget/systray.py:498]: Updating current state
2025-11-27 23:12:06,966 [DEBUG] [MainThread] [systray_widget/systray.py:476]: Re-sorting widgets
2025-11-27 23:12:06,966 [DEBUG] [MainThread] [systray_widget/systray.py:498]: Updating current state
2025-11-27 23:13:11,221 [DEBUG] [MainThread] [systray_widget/systray.py:476]: Re-sorting widgets
2025-11-27 23:13:11,222 [DEBUG] [MainThread] [systray_widget/systray.py:498]: Updating current state
2025-11-27 23:13:14,213 [DEBUG] [MainThread] [systray_widget/systray.py:476]: Re-sorting widgets
2025-11-27 23:13:14,214 [DEBUG] [MainThread] [systray_widget/systray.py:498]: Updating current state
2025-11-27 23:14:18,563 [DEBUG] [MainThread] [systray_widget/systray.py:476]: Re-sorting widgets
2025-11-27 23:14:18,563 [DEBUG] [MainThread] [systray_widget/systray.py:498]: Updating current state
2025-11-27 23:14:21,475 [DEBUG] [MainThread] [systray_widget/systray.py:476]: Re-sorting widgets
2025-11-27 23:14:21,476 [DEBUG] [MainThread] [systray_widget/systray.py:498]: Updating current state
2025-11-27 23:15:25,716 [DEBUG] [MainThread] [systray_widget/systray.py:476]: Re-sorting widgets
2025-11-27 23:15:25,716 [DEBUG] [MainThread] [systray_widget/systray.py:498]: Updating current state
2025-11-27 23:15:28,740 [DEBUG] [MainThread] [systray_widget/systray.py:476]: Re-sorting widgets
2025-11-27 23:15:28,740 [DEBUG] [MainThread] [systray_widget/systray.py:498]: Updating current state
2025-11-27 23:16:33,002 [DEBUG] [MainThread] [systray_widget/systray.py:476]: Re-sorting widgets
2025-11-27 23:16:33,003 [DEBUG] [MainThread] [systray_widget/systray.py:498]: Updating current state
2025-11-27 23:16:36,005 [DEBUG] [MainThread] [systray_widget/systray.py:476]: Re-sorting widgets
2025-11-27 23:16:36,005 [DEBUG] [MainThread] [systray_widget/systray.py:498]: Updating current state
2025-11-27 23:17:40,247 [DEBUG] [MainThread] [systray_widget/systray.py:476]: Re-sorting widgets
2025-11-27 23:17:40,247 [DEBUG] [MainThread] [systray_widget/systray.py:498]: Updating current state
2025-11-27 23:17:43,273 [DEBUG] [MainThread] [systray_widget/systray.py:476]: Re-sorting widgets
2025-11-27 23:17:43,273 [DEBUG] [MainThread] [systray_widget/systray.py:498]: Updating current state
2025-11-27 23:18:47,494 [DEBUG] [MainThread] [systray_widget/systray.py:476]: Re-sorting widgets
2025-11-27 23:18:47,494 [DEBUG] [MainThread] [systray_widget/systray.py:498]: Updating current state
2025-11-27 23:18:50,471 [DEBUG] [MainThread] [systray_widget/systray.py:476]: Re-sorting widgets
2025-11-27 23:18:50,471 [DEBUG] [MainThread] [systray_widget/systray.py:498]: Updating current state
2025-11-27 23:19:54,758 [DEBUG] [MainThread] [systray_widget/systray.py:476]: Re-sorting widgets
2025-11-27 23:19:54,758 [DEBUG] [MainThread] [systray_widget/systray.py:498]: Updating current state
2025-11-27 23:19:57,744 [DEBUG] [MainThread] [systray_widget/systray.py:476]: Re-sorting widgets
2025-11-27 23:19:57,744 [DEBUG] [MainThread] [systray_widget/systray.py:498]: Updating current state
2025-11-27 23:21:02,065 [DEBUG] [MainThread] [systray_widget/systray.py:476]: Re-sorting widgets
2025-11-27 23:21:02,065 [DEBUG] [MainThread] [systray_widget/systray.py:498]: Updating current state
2025-11-27 23:21:05,012 [DEBUG] [MainThread] [systray_widget/systray.py:476]: Re-sorting widgets
2025-11-27 23:21:05,012 [DEBUG] [MainThread] [systray_widget/systray.py:498]: Updating current state
2025-11-27 23:22:09,282 [DEBUG] [MainThread] [systray_widget/systray.py:476]: Re-sorting widgets
2025-11-27 23:22:09,283 [DEBUG] [MainThread] [systray_widget/systray.py:498]: Updating current state
2025-11-27 23:22:12,248 [DEBUG] [MainThread] [systray_widget/systray.py:476]: Re-sorting widgets
2025-11-27 23:22:12,248 [DEBUG] [MainThread] [systray_widget/systray.py:498]: Updating current state
2025-11-27 23:23:16,524 [DEBUG] [MainThread] [systray_widget/systray.py:476]: Re-sorting widgets
2025-11-27 23:23:16,524 [DEBUG] [MainThread] [systray_widget/systray.py:498]: Updating current state
2025-11-27 23:23:19,523 [DEBUG] [MainThread] [systray_widget/systray.py:476]: Re-sorting widgets
2025-11-27 23:23:19,523 [DEBUG] [MainThread] [systray_widget/systray.py:498]: Updating current state
2025-11-27 23:24:23,775 [DEBUG] [MainThread] [systray_widget/systray.py:476]: Re-sorting widgets
2025-11-27 23:24:23,775 [DEBUG] [MainThread] [systray_widget/systray.py:498]: Updating current state
2025-11-27 23:24:26,764 [DEBUG] [MainThread] [systray_widget/systray.py:476]: Re-sorting widgets
2025-11-27 23:24:26,764 [DEBUG] [MainThread] [systray_widget/systray.py:498]: Updating current state
2025-11-27 23:25:31,024 [DEBUG] [MainThread] [systray_widget/systray.py:476]: Re-sorting widgets
2025-11-27 23:25:31,025 [DEBUG] [MainThread] [systray_widget/systray.py:498]: Updating current state
2025-11-27 23:25:34,003 [DEBUG] [MainThread] [systray_widget/systray.py:476]: Re-sorting widgets
2025-11-27 23:25:34,003 [DEBUG] [MainThread] [systray_widget/systray.py:498]: Updating current state
2025-11-27 23:26:38,292 [DEBUG] [MainThread] [systray_widget/systray.py:476]: Re-sorting widgets
2025-11-27 23:26:38,293 [DEBUG] [MainThread] [systray_widget/systray.py:498]: Updating current state
2025-11-27 23:26:41,266 [DEBUG] [MainThread] [systray_widget/systray.py:476]: Re-sorting widgets
2025-11-27 23:26:41,266 [DEBUG] [MainThread] [systray_widget/systray.py:498]: Updating current state
2025-11-27 23:27:45,532 [DEBUG] [MainThread] [systray_widget/systray.py:476]: Re-sorting widgets
2025-11-27 23:27:45,533 [DEBUG] [MainThread] [systray_widget/systray.py:498]: Updating current state
2025-11-27 23:27:48,541 [DEBUG] [MainThread] [systray_widget/systray.py:476]: Re-sorting widgets
2025-11-27 23:27:48,541 [DEBUG] [MainThread] [systray_widget/systray.py:498]: Updating current state
2025-11-27 23:28:52,807 [DEBUG] [MainThread] [systray_widget/systray.py:476]: Re-sorting widgets
2025-11-27 23:28:52,807 [DEBUG] [MainThread] [systray_widget/systray.py:498]: Updating current state
2025-11-27 23:28:55,820 [DEBUG] [MainThread] [systray_widget/systray.py:476]: Re-sorting widgets
2025-11-27 23:28:55,820 [DEBUG] [MainThread] [systray_widget/systray.py:498]: Updating current state
2025-11-27 23:30:00,044 [DEBUG] [MainThread] [systray_widget/systray.py:476]: Re-sorting widgets
2025-11-27 23:30:00,045 [DEBUG] [MainThread] [systray_widget/systray.py:498]: Updating current state
2025-11-27 23:30:03,034 [DEBUG] [MainThread] [systray_widget/systray.py:476]: Re-sorting widgets
2025-11-27 23:30:03,035 [DEBUG] [MainThread] [systray_widget/systray.py:498]: Updating current state
2025-11-27 23:31:07,328 [DEBUG] [MainThread] [systray_widget/systray.py:476]: Re-sorting widgets
2025-11-27 23:31:07,328 [DEBUG] [MainThread] [systray_widget/systray.py:498]: Updating current state
2025-11-27 23:31:10,335 [DEBUG] [MainThread] [systray_widget/systray.py:476]: Re-sorting widgets
2025-11-27 23:31:10,335 [DEBUG] [MainThread] [systray_widget/systray.py:498]: Updating current state
2025-11-27 23:32:14,608 [DEBUG] [MainThread] [systray_widget/systray.py:476]: Re-sorting widgets
2025-11-27 23:32:14,610 [DEBUG] [MainThread] [systray_widget/systray.py:498]: Updating current state
2025-11-27 23:32:17,583 [DEBUG] [MainThread] [systray_widget/systray.py:476]: Re-sorting widgets
2025-11-27 23:32:17,583 [DEBUG] [MainThread] [systray_widget/systray.py:498]: Updating current state
2025-11-27 23:33:21,794 [DEBUG] [MainThread] [systray_widget/systray.py:476]: Re-sorting widgets
2025-11-27 23:33:21,794 [DEBUG] [MainThread] [systray_widget/systray.py:498]: Updating current state
2025-11-27 23:33:24,795 [DEBUG] [MainThread] [systray_widget/systray.py:476]: Re-sorting widgets
2025-11-27 23:33:24,795 [DEBUG] [MainThread] [systray_widget/systray.py:498]: Updating current state
2025-11-27 23:34:29,037 [DEBUG] [MainThread] [systray_widget/systray.py:476]: Re-sorting widgets
2025-11-27 23:34:29,037 [DEBUG] [MainThread] [systray_widget/systray.py:498]: Updating current state
2025-11-27 23:34:32,038 [DEBUG] [MainThread] [systray_widget/systray.py:476]: Re-sorting widgets
2025-11-27 23:34:32,039 [DEBUG] [MainThread] [systray_widget/systray.py:498]: Updating current state
2025-11-27 23:35:36,294 [DEBUG] [MainThread] [systray_widget/systray.py:476]: Re-sorting widgets
2025-11-27 23:35:36,294 [DEBUG] [MainThread] [systray_widget/systray.py:498]: Updating current state
2025-11-27 23:35:39,295 [DEBUG] [MainThread] [systray_widget/systray.py:476]: Re-sorting widgets
2025-11-27 23:35:39,295 [DEBUG] [MainThread] [systray_widget/systray.py:498]: Updating current state
2025-11-27 23:36:43,572 [DEBUG] [MainThread] [systray_widget/systray.py:476]: Re-sorting widgets
2025-11-27 23:36:43,572 [DEBUG] [MainThread] [systray_widget/systray.py:498]: Updating current state
2025-11-27 23:36:46,565 [DEBUG] [MainThread] [systray_widget/systray.py:476]: Re-sorting widgets
2025-11-27 23:36:46,566 [DEBUG] [MainThread] [systray_widget/systray.py:498]: Updating current state
2025-11-27 23:37:50,799 [DEBUG] [MainThread] [systray_widget/systray.py:476]: Re-sorting widgets
2025-11-27 23:37:50,800 [DEBUG] [MainThread] [systray_widget/systray.py:498]: Updating current state
2025-11-27 23:37:53,807 [DEBUG] [MainThread] [systray_widget/systray.py:476]: Re-sorting widgets
2025-11-27 23:37:53,807 [DEBUG] [MainThread] [systray_widget/systray.py:498]: Updating current state
2025-11-27 23:38:58,050 [DEBUG] [MainThread] [systray_widget/systray.py:476]: Re-sorting widgets
2025-11-27 23:38:58,052 [DEBUG] [MainThread] [systray_widget/systray.py:498]: Updating current state
2025-11-27 23:39:01,045 [DEBUG] [MainThread] [systray_widget/systray.py:476]: Re-sorting widgets
2025-11-27 23:39:01,045 [DEBUG] [MainThread] [systray_widget/systray.py:498]: Updating current state
2025-11-27 23:40:05,340 [DEBUG] [MainThread] [systray_widget/systray.py:476]: Re-sorting widgets
2025-11-27 23:40:05,340 [DEBUG] [MainThread] [systray_widget/systray.py:498]: Updating current state
2025-11-27 23:40:08,290 [DEBUG] [MainThread] [systray_widget/systray.py:476]: Re-sorting widgets
2025-11-27 23:40:08,290 [DEBUG] [MainThread] [systray_widget/systray.py:498]: Updating current state
2025-11-27 23:41:12,557 [DEBUG] [MainThread] [systray_widget/systray.py:476]: Re-sorting widgets
2025-11-27 23:41:12,557 [DEBUG] [MainThread] [systray_widget/systray.py:498]: Updating current state
2025-11-27 23:41:15,544 [DEBUG] [MainThread] [systray_widget/systray.py:476]: Re-sorting widgets
2025-11-27 23:41:15,544 [DEBUG] [MainThread] [systray_widget/systray.py:498]: Updating current state
2025-11-27 23:42:19,779 [DEBUG] [MainThread] [systray_widget/systray.py:476]: Re-sorting widgets
2025-11-27 23:42:19,779 [DEBUG] [MainThread] [systray_widget/systray.py:498]: Updating current state
2025-11-27 23:42:22,778 [DEBUG] [MainThread] [systray_widget/systray.py:476]: Re-sorting widgets
2025-11-27 23:42:22,778 [DEBUG] [MainThread] [systray_widget/systray.py:498]: Updating current state
2025-11-27 23:43:27,043 [DEBUG] [MainThread] [systray_widget/systray.py:476]: Re-sorting widgets
2025-11-27 23:43:27,043 [DEBUG] [MainThread] [systray_widget/systray.py:498]: Updating current state
2025-11-27 23:43:30,058 [DEBUG] [MainThread] [systray_widget/systray.py:476]: Re-sorting widgets
2025-11-27 23:43:30,058 [DEBUG] [MainThread] [systray_widget/systray.py:498]: Updating current state
2025-11-27 23:44:34,307 [DEBUG] [MainThread] [systray_widget/systray.py:476]: Re-sorting widgets
2025-11-27 23:44:34,307 [DEBUG] [MainThread] [systray_widget/systray.py:498]: Updating current state
2025-11-27 23:44:37,296 [DEBUG] [MainThread] [systray_widget/systray.py:476]: Re-sorting widgets
2025-11-27 23:44:37,296 [DEBUG] [MainThread] [systray_widget/systray.py:498]: Updating current state
2025-11-27 23:45:41,568 [DEBUG] [MainThread] [systray_widget/systray.py:476]: Re-sorting widgets
2025-11-27 23:45:41,568 [DEBUG] [MainThread] [systray_widget/systray.py:498]: Updating current state
2025-11-27 23:45:44,640 [DEBUG] [MainThread] [systray_widget/systray.py:476]: Re-sorting widgets
2025-11-27 23:45:44,641 [DEBUG] [MainThread] [systray_widget/systray.py:498]: Updating current state
2025-11-27 23:46:48,901 [DEBUG] [MainThread] [systray_widget/systray.py:476]: Re-sorting widgets
2025-11-27 23:46:48,902 [DEBUG] [MainThread] [systray_widget/systray.py:498]: Updating current state
2025-11-27 23:46:51,890 [DEBUG] [MainThread] [systray_widget/systray.py:476]: Re-sorting widgets
2025-11-27 23:46:51,890 [DEBUG] [MainThread] [systray_widget/systray.py:498]: Updating current state
2025-11-27 23:47:56,124 [DEBUG] [MainThread] [systray_widget/systray.py:476]: Re-sorting widgets
2025-11-27 23:47:56,125 [DEBUG] [MainThread] [systray_widget/systray.py:498]: Updating current state
2025-11-27 23:47:59,139 [DEBUG] [MainThread] [systray_widget/systray.py:476]: Re-sorting widgets
2025-11-27 23:47:59,139 [DEBUG] [MainThread] [systray_widget/systray.py:498]: Updating current state
2025-11-27 23:49:03,374 [DEBUG] [MainThread] [systray_widget/systray.py:476]: Re-sorting widgets
2025-11-27 23:49:03,374 [DEBUG] [MainThread] [systray_widget/systray.py:498]: Updating current state
2025-11-27 23:49:06,374 [DEBUG] [MainThread] [systray_widget/systray.py:476]: Re-sorting widgets
2025-11-27 23:49:06,375 [DEBUG] [MainThread] [systray_widget/systray.py:498]: Updating current state
2025-11-27 23:50:10,640 [DEBUG] [MainThread] [systray_widget/systray.py:476]: Re-sorting widgets
2025-11-27 23:50:10,640 [DEBUG] [MainThread] [systray_widget/systray.py:498]: Updating current state
2025-11-27 23:50:13,644 [DEBUG] [MainThread] [systray_widget/systray.py:476]: Re-sorting widgets
2025-11-27 23:50:13,644 [DEBUG] [MainThread] [systray_widget/systray.py:498]: Updating current state
2025-11-27 23:51:17,892 [DEBUG] [MainThread] [systray_widget/systray.py:476]: Re-sorting widgets
2025-11-27 23:51:17,893 [DEBUG] [MainThread] [systray_widget/systray.py:498]: Updating current state
2025-11-27 23:51:20,896 [DEBUG] [MainThread] [systray_widget/systray.py:476]: Re-sorting widgets
2025-11-27 23:51:20,896 [DEBUG] [MainThread] [systray_widget/systray.py:498]: Updating current state
2025-11-27 23:52:25,142 [DEBUG] [MainThread] [systray_widget/systray.py:476]: Re-sorting widgets
2025-11-27 23:52:25,143 [DEBUG] [MainThread] [systray_widget/systray.py:498]: Updating current state
2025-11-27 23:52:28,138 [DEBUG] [MainThread] [systray_widget/systray.py:476]: Re-sorting widgets
2025-11-27 23:52:28,138 [DEBUG] [MainThread] [systray_widget/systray.py:498]: Updating current state
2025-11-27 23:53:32,390 [DEBUG] [MainThread] [systray_widget/systray.py:476]: Re-sorting widgets
2025-11-27 23:53:32,390 [DEBUG] [MainThread] [systray_widget/systray.py:498]: Updating current state
2025-11-27 23:53:35,456 [DEBUG] [MainThread] [systray_widget/systray.py:476]: Re-sorting widgets
2025-11-27 23:53:35,458 [DEBUG] [MainThread] [systray_widget/systray.py:498]: Updating current state
2025-11-27 23:54:39,809 [DEBUG] [MainThread] [systray_widget/systray.py:476]: Re-sorting widgets
2025-11-27 23:54:39,809 [DEBUG] [MainThread] [systray_widget/systray.py:498]: Updating current state
2025-11-27 23:54:42,802 [DEBUG] [MainThread] [systray_widget/systray.py:476]: Re-sorting widgets
2025-11-27 23:54:42,803 [DEBUG] [MainThread] [systray_widget/systray.py:498]: Updating current state
2025-11-27 23:55:47,089 [DEBUG] [MainThread] [systray_widget/systray.py:476]: Re-sorting widgets
2025-11-27 23:55:47,089 [DEBUG] [MainThread] [systray_widget/systray.py:498]: Updating current state
2025-11-27 23:55:50,076 [DEBUG] [MainThread] [systray_widget/systray.py:476]: Re-sorting widgets
2025-11-27 23:55:50,076 [DEBUG] [MainThread] [systray_widget/systray.py:498]: Updating current state
2025-11-27 23:56:54,359 [DEBUG] [MainThread] [systray_widget/systray.py:476]: Re-sorting widgets
2025-11-27 23:56:54,360 [DEBUG] [MainThread] [systray_widget/systray.py:498]: Updating current state
2025-11-27 23:56:57,343 [DEBUG] [MainThread] [systray_widget/systray.py:476]: Re-sorting widgets
2025-11-27 23:56:57,343 [DEBUG] [MainThread] [systray_widget/systray.py:498]: Updating current state
2025-11-27 23:58:01,568 [DEBUG] [MainThread] [systray_widget/systray.py:476]: Re-sorting widgets
2025-11-27 23:58:01,569 [DEBUG] [MainThread] [systray_widget/systray.py:498]: Updating current state
2025-11-27 23:58:04,577 [DEBUG] [MainThread] [systray_widget/systray.py:476]: Re-sorting widgets
2025-11-27 23:58:04,579 [DEBUG] [MainThread] [systray_widget/systray.py:498]: Updating current state
2025-11-27 23:59:08,846 [DEBUG] [MainThread] [systray_widget/systray.py:476]: Re-sorting widgets
2025-11-27 23:59:08,846 [DEBUG] [MainThread] [systray_widget/systray.py:498]: Updating current state
2025-11-27 23:59:11,833 [DEBUG] [MainThread] [systray_widget/systray.py:476]: Re-sorting widgets
2025-11-27 23:59:11,833 [DEBUG] [MainThread] [systray_widget/systray.py:498]: Updating current state
2025-11-28 00:00:16,076 [DEBUG] [MainThread] [systray_widget/systray.py:476]: Re-sorting widgets
2025-11-28 00:00:16,076 [DEBUG] [MainThread] [systray_widget/systray.py:498]: Updating current state
2025-11-28 00:00:19,079 [DEBUG] [MainThread] [systray_widget/systray.py:476]: Re-sorting widgets
2025-11-28 00:00:19,079 [DEBUG] [MainThread] [systray_widget/systray.py:498]: Updating current state
2025-11-28 00:01:23,297 [DEBUG] [MainThread] [systray_widget/systray.py:476]: Re-sorting widgets
2025-11-28 00:01:23,298 [DEBUG] [MainThread] [systray_widget/systray.py:498]: Updating current state
2025-11-28 00:01:26,298 [DEBUG] [MainThread] [systray_widget/systray.py:476]: Re-sorting widgets
2025-11-28 00:01:26,300 [DEBUG] [MainThread] [systray_widget/systray.py:498]: Updating current state
2025-11-28 00:02:30,572 [DEBUG] [MainThread] [systray_widget/systray.py:476]: Re-sorting widgets
2025-11-28 00:02:30,572 [DEBUG] [MainThread] [systray_widget/systray.py:498]: Updating current state
2025-11-28 00:02:33,596 [DEBUG] [MainThread] [systray_widget/systray.py:476]: Re-sorting widgets
2025-11-28 00:02:33,599 [DEBUG] [MainThread] [systray_widget/systray.py:498]: Updating current state
2025-11-28 00:03:37,843 [DEBUG] [MainThread] [systray_widget/systray.py:476]: Re-sorting widgets
2025-11-28 00:03:37,843 [DEBUG] [MainThread] [systray_widget/systray.py:498]: Updating current state
2025-11-28 00:03:40,845 [DEBUG] [MainThread] [systray_widget/systray.py:476]: Re-sorting widgets
2025-11-28 00:03:40,846 [DEBUG] [MainThread] [systray_widget/systray.py:498]: Updating current state
2025-11-28 00:04:45,160 [DEBUG] [MainThread] [systray_widget/systray.py:476]: Re-sorting widgets
2025-11-28 00:04:45,161 [DEBUG] [MainThread] [systray_widget/systray.py:498]: Updating current state
2025-11-28 00:04:48,086 [DEBUG] [MainThread] [systray_widget/systray.py:476]: Re-sorting widgets
2025-11-28 00:04:48,087 [DEBUG] [MainThread] [systray_widget/systray.py:498]: Updating current state
2025-11-28 00:05:52,320 [DEBUG] [MainThread] [systray_widget/systray.py:476]: Re-sorting widgets
2025-11-28 00:05:52,320 [DEBUG] [MainThread] [systray_widget/systray.py:498]: Updating current state
2025-11-28 00:05:55,330 [DEBUG] [MainThread] [systray_widget/systray.py:476]: Re-sorting widgets
2025-11-28 00:05:55,330 [DEBUG] [MainThread] [systray_widget/systray.py:498]: Updating current state
2025-11-28 00:06:59,581 [DEBUG] [MainThread] [systray_widget/systray.py:476]: Re-sorting widgets
2025-11-28 00:06:59,581 [DEBUG] [MainThread] [systray_widget/systray.py:498]: Updating current state
2025-11-28 00:07:02,597 [DEBUG] [MainThread] [systray_widget/systray.py:476]: Re-sorting widgets
2025-11-28 00:07:02,598 [DEBUG] [MainThread] [systray_widget/systray.py:498]: Updating current state
2025-11-28 00:08:06,812 [DEBUG] [MainThread] [systray_widget/systray.py:476]: Re-sorting widgets
2025-11-28 00:08:06,813 [DEBUG] [MainThread] [systray_widget/systray.py:498]: Updating current state
2025-11-28 00:08:09,801 [DEBUG] [MainThread] [systray_widget/systray.py:476]: Re-sorting widgets
2025-11-28 00:08:09,801 [DEBUG] [MainThread] [systray_widget/systray.py:498]: Updating current state
2025-11-28 00:09:14,069 [DEBUG] [MainThread] [systray_widget/systray.py:476]: Re-sorting widgets
2025-11-28 00:09:14,070 [DEBUG] [MainThread] [systray_widget/systray.py:498]: Updating current state
2025-11-28 00:09:17,065 [DEBUG] [MainThread] [systray_widget/systray.py:476]: Re-sorting widgets
2025-11-28 00:09:17,065 [DEBUG] [MainThread] [systray_widget/systray.py:498]: Updating current state
2025-11-28 00:10:21,348 [DEBUG] [MainThread] [systray_widget/systray.py:476]: Re-sorting widgets
2025-11-28 00:10:21,348 [DEBUG] [MainThread] [systray_widget/systray.py:498]: Updating current state
2025-11-28 00:10:24,394 [DEBUG] [MainThread] [systray_widget/systray.py:476]: Re-sorting widgets
2025-11-28 00:10:24,394 [DEBUG] [MainThread] [systray_widget/systray.py:498]: Updating current state
2025-11-28 00:11:28,634 [DEBUG] [MainThread] [systray_widget/systray.py:476]: Re-sorting widgets
2025-11-28 00:11:28,634 [DEBUG] [MainThread] [systray_widget/systray.py:498]: Updating current state
2025-11-28 00:11:31,589 [DEBUG] [MainThread] [systray_widget/systray.py:476]: Re-sorting widgets
2025-11-28 00:11:31,589 [DEBUG] [MainThread] [systray_widget/systray.py:498]: Updating current state
2025-11-28 00:12:36,163 [DEBUG] [MainThread] [systray_widget/systray.py:476]: Re-sorting widgets
2025-11-28 00:12:36,163 [DEBUG] [MainThread] [systray_widget/systray.py:498]: Updating current state
2025-11-28 00:12:39,198 [DEBUG] [MainThread] [systray_widget/systray.py:476]: Re-sorting widgets
2025-11-28 00:12:39,199 [DEBUG] [MainThread] [systray_widget/systray.py:498]: Updating current state
2025-11-28 00:13:43,440 [DEBUG] [MainThread] [systray_widget/systray.py:476]: Re-sorting widgets
2025-11-28 00:13:43,440 [DEBUG] [MainThread] [systray_widget/systray.py:498]: Updating current state
2025-11-28 00:13:46,398 [DEBUG] [MainThread] [systray_widget/systray.py:476]: Re-sorting widgets
2025-11-28 00:13:46,399 [DEBUG] [MainThread] [systray_widget/systray.py:498]: Updating current state
2025-11-28 00:14:50,666 [DEBUG] [MainThread] [systray_widget/systray.py:476]: Re-sorting widgets
2025-11-28 00:14:50,666 [DEBUG] [MainThread] [systray_widget/systray.py:498]: Updating current state
2025-11-28 00:14:53,647 [DEBUG] [MainThread] [systray_widget/systray.py:476]: Re-sorting widgets
2025-11-28 00:14:53,647 [DEBUG] [MainThread] [systray_widget/systray.py:498]: Updating current state
2025-11-28 00:15:57,924 [DEBUG] [MainThread] [systray_widget/systray.py:476]: Re-sorting widgets
2025-11-28 00:15:57,925 [DEBUG] [MainThread] [systray_widget/systray.py:498]: Updating current state
2025-11-28 00:16:00,911 [DEBUG] [MainThread] [systray_widget/systray.py:476]: Re-sorting widgets
2025-11-28 00:16:00,911 [DEBUG] [MainThread] [systray_widget/systray.py:498]: Updating current state
2025-11-28 00:17:05,143 [DEBUG] [MainThread] [systray_widget/systray.py:476]: Re-sorting widgets
2025-11-28 00:17:05,146 [DEBUG] [MainThread] [systray_widget/systray.py:498]: Updating current state
2025-11-28 00:17:08,132 [DEBUG] [MainThread] [systray_widget/systray.py:476]: Re-sorting widgets
2025-11-28 00:17:08,132 [DEBUG] [MainThread] [systray_widget/systray.py:498]: Updating current state
2025-11-28 00:18:12,386 [DEBUG] [MainThread] [systray_widget/systray.py:476]: Re-sorting widgets
2025-11-28 00:18:12,386 [DEBUG] [MainThread] [systray_widget/systray.py:498]: Updating current state
2025-11-28 00:18:15,372 [DEBUG] [MainThread] [systray_widget/systray.py:476]: Re-sorting widgets
2025-11-28 00:18:15,375 [DEBUG] [MainThread] [systray_widget/systray.py:498]: Updating current state
2025-11-28 00:19:19,638 [DEBUG] [MainThread] [systray_widget/systray.py:476]: Re-sorting widgets
2025-11-28 00:19:19,638 [DEBUG] [MainThread] [systray_widget/systray.py:498]: Updating current state
2025-11-28 00:19:22,644 [DEBUG] [MainThread] [systray_widget/systray.py:476]: Re-sorting widgets
2025-11-28 00:19:22,644 [DEBUG] [MainThread] [systray_widget/systray.py:498]: Updating current state
2025-11-28 00:20:26,911 [DEBUG] [MainThread] [systray_widget/systray.py:476]: Re-sorting widgets
2025-11-28 00:20:26,912 [DEBUG] [MainThread] [systray_widget/systray.py:498]: Updating current state
2025-11-28 00:20:29,946 [DEBUG] [MainThread] [systray_widget/systray.py:476]: Re-sorting widgets
2025-11-28 00:20:29,946 [DEBUG] [MainThread] [systray_widget/systray.py:498]: Updating current state
2025-11-28 00:21:34,187 [DEBUG] [MainThread] [systray_widget/systray.py:476]: Re-sorting widgets
2025-11-28 00:21:34,187 [DEBUG] [MainThread] [systray_widget/systray.py:498]: Updating current state
2025-11-28 00:21:37,135 [DEBUG] [MainThread] [systray_widget/systray.py:476]: Re-sorting widgets
2025-11-28 00:21:37,135 [DEBUG] [MainThread] [systray_widget/systray.py:498]: Updating current state
2025-11-28 00:22:41,381 [DEBUG] [MainThread] [systray_widget/systray.py:476]: Re-sorting widgets
2025-11-28 00:22:41,381 [DEBUG] [MainThread] [systray_widget/systray.py:498]: Updating current state
2025-11-28 00:22:44,377 [DEBUG] [MainThread] [systray_widget/systray.py:476]: Re-sorting widgets
2025-11-28 00:22:44,377 [DEBUG] [MainThread] [systray_widget/systray.py:498]: Updating current state
2025-11-28 00:23:48,648 [DEBUG] [MainThread] [systray_widget/systray.py:476]: Re-sorting widgets
2025-11-28 00:23:48,648 [DEBUG] [MainThread] [systray_widget/systray.py:498]: Updating current state
2025-11-28 00:23:51,636 [DEBUG] [MainThread] [systray_widget/systray.py:476]: Re-sorting widgets
2025-11-28 00:23:51,636 [DEBUG] [MainThread] [systray_widget/systray.py:498]: Updating current state
2025-11-28 00:24:55,884 [DEBUG] [MainThread] [systray_widget/systray.py:476]: Re-sorting widgets
2025-11-28 00:24:55,884 [DEBUG] [MainThread] [systray_widget/systray.py:498]: Updating current state
2025-11-28 00:24:58,877 [DEBUG] [MainThread] [systray_widget/systray.py:476]: Re-sorting widgets
2025-11-28 00:24:58,877 [DEBUG] [MainThread] [systray_widget/systray.py:498]: Updating current state
2025-11-28 00:26:03,163 [DEBUG] [MainThread] [systray_widget/systray.py:476]: Re-sorting widgets
2025-11-28 00:26:03,163 [DEBUG] [MainThread] [systray_widget/systray.py:498]: Updating current state
2025-11-28 00:26:06,194 [DEBUG] [MainThread] [systray_widget/systray.py:476]: Re-sorting widgets
2025-11-28 00:26:06,194 [DEBUG] [MainThread] [systray_widget/systray.py:498]: Updating current state
2025-11-28 00:27:10,404 [DEBUG] [MainThread] [systray_widget/systray.py:476]: Re-sorting widgets
2025-11-28 00:27:10,404 [DEBUG] [MainThread] [systray_widget/systray.py:498]: Updating current state
2025-11-28 00:27:13,346 [DEBUG] [MainThread] [systray_widget/systray.py:476]: Re-sorting widgets
2025-11-28 00:27:13,346 [DEBUG] [MainThread] [systray_widget/systray.py:498]: Updating current state
2025-11-28 00:28:17,622 [DEBUG] [MainThread] [systray_widget/systray.py:476]: Re-sorting widgets
2025-11-28 00:28:17,623 [DEBUG] [MainThread] [systray_widget/systray.py:498]: Updating current state
2025-11-28 00:28:20,619 [DEBUG] [MainThread] [systray_widget/systray.py:476]: Re-sorting widgets
2025-11-28 00:28:20,619 [DEBUG] [MainThread] [systray_widget/systray.py:498]: Updating current state
2025-11-28 00:29:24,875 [DEBUG] [MainThread] [systray_widget/systray.py:476]: Re-sorting widgets
2025-11-28 00:29:24,875 [DEBUG] [MainThread] [systray_widget/systray.py:498]: Updating current state
2025-11-28 00:29:27,859 [DEBUG] [MainThread] [systray_widget/systray.py:476]: Re-sorting widgets
2025-11-28 00:29:27,860 [DEBUG] [MainThread] [systray_widget/systray.py:498]: Updating current state
2025-11-28 00:30:32,116 [DEBUG] [MainThread] [systray_widget/systray.py:476]: Re-sorting widgets
2025-11-28 00:30:32,116 [DEBUG] [MainThread] [systray_widget/systray.py:498]: Updating current state
2025-11-28 00:30:35,098 [DEBUG] [MainThread] [systray_widget/systray.py:476]: Re-sorting widgets
2025-11-28 00:30:35,098 [DEBUG] [MainThread] [systray_widget/systray.py:498]: Updating current state
2025-11-28 00:31:39,333 [DEBUG] [MainThread] [systray_widget/systray.py:476]: Re-sorting widgets
2025-11-28 00:31:39,333 [DEBUG] [MainThread] [systray_widget/systray.py:498]: Updating current state
2025-11-28 00:31:42,334 [DEBUG] [MainThread] [systray_widget/systray.py:476]: Re-sorting widgets
2025-11-28 00:31:42,334 [DEBUG] [MainThread] [systray_widget/systray.py:498]: Updating current state
2025-11-28 00:32:46,581 [DEBUG] [MainThread] [systray_widget/systray.py:476]: Re-sorting widgets
2025-11-28 00:32:46,582 [DEBUG] [MainThread] [systray_widget/systray.py:498]: Updating current state
2025-11-28 00:32:49,588 [DEBUG] [MainThread] [systray_widget/systray.py:476]: Re-sorting widgets
2025-11-28 00:32:49,589 [DEBUG] [MainThread] [systray_widget/systray.py:498]: Updating current state
2025-11-28 00:33:53,844 [DEBUG] [MainThread] [systray_widget/systray.py:476]: Re-sorting widgets
2025-11-28 00:33:53,846 [DEBUG] [MainThread] [systray_widget/systray.py:498]: Updating current state
2025-11-28 00:33:56,880 [DEBUG] [MainThread] [systray_widget/systray.py:476]: Re-sorting widgets
2025-11-28 00:33:56,880 [DEBUG] [MainThread] [systray_widget/systray.py:498]: Updating current state
2025-11-28 00:35:01,083 [DEBUG] [MainThread] [systray_widget/systray.py:476]: Re-sorting widgets
2025-11-28 00:35:01,085 [DEBUG] [MainThread] [systray_widget/systray.py:498]: Updating current state
2025-11-28 00:35:04,073 [DEBUG] [MainThread] [systray_widget/systray.py:476]: Re-sorting widgets
2025-11-28 00:35:04,073 [DEBUG] [MainThread] [systray_widget/systray.py:498]: Updating current state
2025-11-28 00:36:08,355 [DEBUG] [MainThread] [systray_widget/systray.py:476]: Re-sorting widgets
2025-11-28 00:36:08,355 [DEBUG] [MainThread] [systray_widget/systray.py:498]: Updating current state
2025-11-28 00:36:11,310 [DEBUG] [MainThread] [systray_widget/systray.py:476]: Re-sorting widgets
2025-11-28 00:36:11,312 [DEBUG] [MainThread] [systray_widget/systray.py:498]: Updating current state
2025-11-28 00:37:15,581 [DEBUG] [MainThread] [systray_widget/systray.py:476]: Re-sorting widgets
2025-11-28 00:37:15,582 [DEBUG] [MainThread] [systray_widget/systray.py:498]: Updating current state
2025-11-28 00:37:18,559 [DEBUG] [MainThread] [systray_widget/systray.py:476]: Re-sorting widgets
2025-11-28 00:37:18,560 [DEBUG] [MainThread] [systray_widget/systray.py:498]: Updating current state
2025-11-28 00:38:22,836 [DEBUG] [MainThread] [systray_widget/systray.py:476]: Re-sorting widgets
2025-11-28 00:38:22,836 [DEBUG] [MainThread] [systray_widget/systray.py:498]: Updating current state
2025-11-28 00:38:25,809 [DEBUG] [MainThread] [systray_widget/systray.py:476]: Re-sorting widgets
2025-11-28 00:38:25,809 [DEBUG] [MainThread] [systray_widget/systray.py:498]: Updating current state
2025-11-28 00:39:30,060 [DEBUG] [MainThread] [systray_widget/systray.py:476]: Re-sorting widgets
2025-11-28 00:39:30,065 [DEBUG] [MainThread] [systray_widget/systray.py:498]: Updating current state
2025-11-28 00:39:33,074 [DEBUG] [MainThread] [systray_widget/systray.py:476]: Re-sorting widgets
2025-11-28 00:39:33,074 [DEBUG] [MainThread] [systray_widget/systray.py:498]: Updating current state
2025-11-28 00:40:37,313 [DEBUG] [MainThread] [systray_widget/systray.py:476]: Re-sorting widgets
2025-11-28 00:40:37,314 [DEBUG] [MainThread] [systray_widget/systray.py:498]: Updating current state
2025-11-28 00:40:40,300 [DEBUG] [MainThread] [systray_widget/systray.py:476]: Re-sorting widgets
2025-11-28 00:40:40,301 [DEBUG] [MainThread] [systray_widget/systray.py:498]: Updating current state
2025-11-28 00:41:44,533 [DEBUG] [MainThread] [systray_widget/systray.py:476]: Re-sorting widgets
2025-11-28 00:41:44,534 [DEBUG] [MainThread] [systray_widget/systray.py:498]: Updating current state
2025-11-28 00:41:47,556 [DEBUG] [MainThread] [systray_widget/systray.py:476]: Re-sorting widgets
2025-11-28 00:41:47,557 [DEBUG] [MainThread] [systray_widget/systray.py:498]: Updating current state
2025-11-28 00:42:51,802 [DEBUG] [MainThread] [systray_widget/systray.py:476]: Re-sorting widgets
2025-11-28 00:42:51,802 [DEBUG] [MainThread] [systray_widget/systray.py:498]: Updating current state
2025-11-28 00:42:54,818 [DEBUG] [MainThread] [systray_widget/systray.py:476]: Re-sorting widgets
2025-11-28 00:42:54,818 [DEBUG] [MainThread] [systray_widget/systray.py:498]: Updating current state
2025-11-28 00:43:59,093 [DEBUG] [MainThread] [systray_widget/systray.py:476]: Re-sorting widgets
2025-11-28 00:43:59,094 [DEBUG] [MainThread] [systray_widget/systray.py:498]: Updating current state
2025-11-28 00:44:02,103 [DEBUG] [MainThread] [systray_widget/systray.py:476]: Re-sorting widgets
2025-11-28 00:44:02,103 [DEBUG] [MainThread] [systray_widget/systray.py:498]: Updating current state
2025-11-28 00:45:06,384 [DEBUG] [MainThread] [systray_widget/systray.py:476]: Re-sorting widgets
2025-11-28 00:45:06,386 [DEBUG] [MainThread] [systray_widget/systray.py:498]: Updating current state
2025-11-28 00:45:09,328 [DEBUG] [MainThread] [systray_widget/systray.py:476]: Re-sorting widgets
2025-11-28 00:45:09,328 [DEBUG] [MainThread] [systray_widget/systray.py:498]: Updating current state
2025-11-28 00:46:13,598 [DEBUG] [MainThread] [systray_widget/systray.py:476]: Re-sorting widgets
2025-11-28 00:46:13,598 [DEBUG] [MainThread] [systray_widget/systray.py:498]: Updating current state
2025-11-28 00:46:16,603 [DEBUG] [MainThread] [systray_widget/systray.py:476]: Re-sorting widgets
2025-11-28 00:46:16,603 [DEBUG] [MainThread] [systray_widget/systray.py:498]: Updating current state
2025-11-28 00:47:20,840 [DEBUG] [MainThread] [systray_widget/systray.py:476]: Re-sorting widgets
2025-11-28 00:47:20,840 [DEBUG] [MainThread] [systray_widget/systray.py:498]: Updating current state
2025-11-28 00:47:23,837 [DEBUG] [MainThread] [systray_widget/systray.py:476]: Re-sorting widgets
2025-11-28 00:47:23,837 [DEBUG] [MainThread] [systray_widget/systray.py:498]: Updating current state
2025-11-28 00:48:28,064 [DEBUG] [MainThread] [systray_widget/systray.py:476]: Re-sorting widgets
2025-11-28 00:48:28,064 [DEBUG] [MainThread] [systray_widget/systray.py:498]: Updating current state
2025-11-28 00:48:31,068 [DEBUG] [MainThread] [systray_widget/systray.py:476]: Re-sorting widgets
2025-11-28 00:48:31,068 [DEBUG] [MainThread] [systray_widget/systray.py:498]: Updating current state
2025-11-28 00:49:35,316 [DEBUG] [MainThread] [systray_widget/systray.py:476]: Re-sorting widgets
2025-11-28 00:49:35,316 [DEBUG] [MainThread] [systray_widget/systray.py:498]: Updating current state
2025-11-28 00:49:38,305 [DEBUG] [MainThread] [systray_widget/systray.py:476]: Re-sorting widgets
2025-11-28 00:49:38,305 [DEBUG] [MainThread] [systray_widget/systray.py:498]: Updating current state
2025-11-28 00:50:42,553 [DEBUG] [MainThread] [systray_widget/systray.py:476]: Re-sorting widgets
2025-11-28 00:50:42,554 [DEBUG] [MainThread] [systray_widget/systray.py:498]: Updating current state
2025-11-28 00:50:45,607 [DEBUG] [MainThread] [systray_widget/systray.py:476]: Re-sorting widgets
2025-11-28 00:50:45,607 [DEBUG] [MainThread] [systray_widget/systray.py:498]: Updating current state
2025-11-28 00:51:49,872 [DEBUG] [MainThread] [systray_widget/systray.py:476]: Re-sorting widgets
2025-11-28 00:51:49,874 [DEBUG] [MainThread] [systray_widget/systray.py:498]: Updating current state
2025-11-28 00:51:52,856 [DEBUG] [MainThread] [systray_widget/systray.py:476]: Re-sorting widgets
2025-11-28 00:51:52,856 [DEBUG] [MainThread] [systray_widget/systray.py:498]: Updating current state
2025-11-28 00:52:57,149 [DEBUG] [MainThread] [systray_widget/systray.py:476]: Re-sorting widgets
2025-11-28 00:52:57,149 [DEBUG] [MainThread] [systray_widget/systray.py:498]: Updating current state
2025-11-28 00:53:00,109 [DEBUG] [MainThread] [systray_widget/systray.py:476]: Re-sorting widgets
2025-11-28 00:53:00,109 [DEBUG] [MainThread] [systray_widget/systray.py:498]: Updating current state
2025-11-28 00:54:04,358 [DEBUG] [MainThread] [systray_widget/systray.py:476]: Re-sorting widgets
2025-11-28 00:54:04,358 [DEBUG] [MainThread] [systray_widget/systray.py:498]: Updating current state
2025-11-28 00:54:07,373 [DEBUG] [MainThread] [systray_widget/systray.py:476]: Re-sorting widgets
2025-11-28 00:54:07,373 [DEBUG] [MainThread] [systray_widget/systray.py:498]: Updating current state
2025-11-28 00:55:11,622 [DEBUG] [MainThread] [systray_widget/systray.py:476]: Re-sorting widgets
2025-11-28 00:55:11,622 [DEBUG] [MainThread] [systray_widget/systray.py:498]: Updating current state
2025-11-28 00:55:14,620 [DEBUG] [MainThread] [systray_widget/systray.py:476]: Re-sorting widgets
2025-11-28 00:55:14,621 [DEBUG] [MainThread] [systray_widget/systray.py:498]: Updating current state
2025-11-28 00:56:18,883 [DEBUG] [MainThread] [systray_widget/systray.py:476]: Re-sorting widgets
2025-11-28 00:56:18,883 [DEBUG] [MainThread] [systray_widget/systray.py:498]: Updating current state
2025-11-28 00:56:21,857 [DEBUG] [MainThread] [systray_widget/systray.py:476]: Re-sorting widgets
2025-11-28 00:56:21,857 [DEBUG] [MainThread] [systray_widget/systray.py:498]: Updating current state
2025-11-28 00:57:26,124 [DEBUG] [MainThread] [systray_widget/systray.py:476]: Re-sorting widgets
2025-11-28 00:57:26,124 [DEBUG] [MainThread] [systray_widget/systray.py:498]: Updating current state
2025-11-28 00:57:29,121 [DEBUG] [MainThread] [systray_widget/systray.py:476]: Re-sorting widgets
2025-11-28 00:57:29,122 [DEBUG] [MainThread] [systray_widget/systray.py:498]: Updating current state
2025-11-28 00:58:33,366 [DEBUG] [MainThread] [systray_widget/systray.py:476]: Re-sorting widgets
2025-11-28 00:58:33,366 [DEBUG] [MainThread] [systray_widget/systray.py:498]: Updating current state
2025-11-28 00:58:36,362 [DEBUG] [MainThread] [systray_widget/systray.py:476]: Re-sorting widgets
2025-11-28 00:58:36,362 [DEBUG] [MainThread] [systray_widget/systray.py:498]: Updating current state
2025-11-28 00:59:40,615 [DEBUG] [MainThread] [systray_widget/systray.py:476]: Re-sorting widgets
2025-11-28 00:59:40,615 [DEBUG] [MainThread] [systray_widget/systray.py:498]: Updating current state
2025-11-28 00:59:43,607 [DEBUG] [MainThread] [systray_widget/systray.py:476]: Re-sorting widgets
2025-11-28 00:59:43,607 [DEBUG] [MainThread] [systray_widget/systray.py:498]: Updating current state
2025-11-28 01:00:47,843 [DEBUG] [MainThread] [systray_widget/systray.py:476]: Re-sorting widgets
2025-11-28 01:00:47,843 [DEBUG] [MainThread] [systray_widget/systray.py:498]: Updating current state
2025-11-28 01:00:50,845 [DEBUG] [MainThread] [systray_widget/systray.py:476]: Re-sorting widgets
2025-11-28 01:00:50,846 [DEBUG] [MainThread] [systray_widget/systray.py:498]: Updating current state
2025-11-28 01:01:55,146 [DEBUG] [MainThread] [systray_widget/systray.py:476]: Re-sorting widgets
2025-11-28 01:01:55,146 [DEBUG] [MainThread] [systray_widget/systray.py:498]: Updating current state
2025-11-28 01:01:58,094 [DEBUG] [MainThread] [systray_widget/systray.py:476]: Re-sorting widgets
2025-11-28 01:01:58,094 [DEBUG] [MainThread] [systray_widget/systray.py:498]: Updating current state
2025-11-28 01:03:02,346 [DEBUG] [MainThread] [systray_widget/systray.py:476]: Re-sorting widgets
2025-11-28 01:03:02,346 [DEBUG] [MainThread] [systray_widget/systray.py:498]: Updating current state
2025-11-28 01:03:05,349 [DEBUG] [MainThread] [systray_widget/systray.py:476]: Re-sorting widgets
2025-11-28 01:03:05,349 [DEBUG] [MainThread] [systray_widget/systray.py:498]: Updating current state
2025-11-28 01:04:09,589 [DEBUG] [MainThread] [systray_widget/systray.py:476]: Re-sorting widgets
2025-11-28 01:04:09,591 [DEBUG] [MainThread] [systray_widget/systray.py:498]: Updating current state
2025-11-28 01:04:12,581 [DEBUG] [MainThread] [systray_widget/systray.py:476]: Re-sorting widgets
2025-11-28 01:04:12,581 [DEBUG] [MainThread] [systray_widget/systray.py:498]: Updating current state
2025-11-28 01:05:16,831 [DEBUG] [MainThread] [systray_widget/systray.py:476]: Re-sorting widgets
2025-11-28 01:05:16,832 [DEBUG] [MainThread] [systray_widget/systray.py:498]: Updating current state
2025-11-28 01:05:19,827 [DEBUG] [MainThread] [systray_widget/systray.py:476]: Re-sorting widgets
2025-11-28 01:05:19,827 [DEBUG] [MainThread] [systray_widget/systray.py:498]: Updating current state
2025-11-28 01:06:24,069 [DEBUG] [MainThread] [systray_widget/systray.py:476]: Re-sorting widgets
2025-11-28 01:06:24,069 [DEBUG] [MainThread] [systray_widget/systray.py:498]: Updating current state
2025-11-28 01:06:27,161 [DEBUG] [MainThread] [systray_widget/systray.py:476]: Re-sorting widgets
2025-11-28 01:06:27,161 [DEBUG] [MainThread] [systray_widget/systray.py:498]: Updating current state
2025-11-28 01:07:31,375 [DEBUG] [MainThread] [systray_widget/systray.py:476]: Re-sorting widgets
2025-11-28 01:07:31,375 [DEBUG] [MainThread] [systray_widget/systray.py:498]: Updating current state
2025-11-28 01:07:34,419 [DEBUG] [MainThread] [systray_widget/systray.py:476]: Re-sorting widgets
2025-11-28 01:07:34,421 [DEBUG] [MainThread] [systray_widget/systray.py:498]: Updating current state
2025-11-28 01:08:38,644 [DEBUG] [MainThread] [systray_widget/systray.py:476]: Re-sorting widgets
2025-11-28 01:08:38,645 [DEBUG] [MainThread] [systray_widget/systray.py:498]: Updating current state
2025-11-28 01:08:41,647 [DEBUG] [MainThread] [systray_widget/systray.py:476]: Re-sorting widgets
2025-11-28 01:08:41,647 [DEBUG] [MainThread] [systray_widget/systray.py:498]: Updating current state
2025-11-28 01:09:45,978 [DEBUG] [MainThread] [systray_widget/systray.py:476]: Re-sorting widgets
2025-11-28 01:09:45,979 [DEBUG] [MainThread] [systray_widget/systray.py:498]: Updating current state
2025-11-28 01:09:48,925 [DEBUG] [MainThread] [systray_widget/systray.py:476]: Re-sorting widgets
2025-11-28 01:09:48,925 [DEBUG] [MainThread] [systray_widget/systray.py:498]: Updating current state
2025-11-28 01:10:53,185 [DEBUG] [MainThread] [systray_widget/systray.py:476]: Re-sorting widgets
2025-11-28 01:10:53,185 [DEBUG] [MainThread] [systray_widget/systray.py:498]: Updating current state
2025-11-28 01:10:56,177 [DEBUG] [MainThread] [systray_widget/systray.py:476]: Re-sorting widgets
2025-11-28 01:10:56,177 [DEBUG] [MainThread] [systray_widget/systray.py:498]: Updating current state
2025-11-28 01:12:00,446 [DEBUG] [MainThread] [systray_widget/systray.py:476]: Re-sorting widgets
2025-11-28 01:12:00,446 [DEBUG] [MainThread] [systray_widget/systray.py:498]: Updating current state
2025-11-28 01:12:03,432 [DEBUG] [MainThread] [systray_widget/systray.py:476]: Re-sorting widgets
2025-11-28 01:12:03,432 [DEBUG] [MainThread] [systray_widget/systray.py:498]: Updating current state
2025-11-28 01:13:07,663 [DEBUG] [MainThread] [systray_widget/systray.py:476]: Re-sorting widgets
2025-11-28 01:13:07,664 [DEBUG] [MainThread] [systray_widget/systray.py:498]: Updating current state
2025-11-28 01:13:10,679 [DEBUG] [MainThread] [systray_widget/systray.py:476]: Re-sorting widgets
2025-11-28 01:13:10,680 [DEBUG] [MainThread] [systray_widget/systray.py:498]: Updating current state
2025-11-28 01:14:14,915 [DEBUG] [MainThread] [systray_widget/systray.py:476]: Re-sorting widgets
2025-11-28 01:14:14,915 [DEBUG] [MainThread] [systray_widget/systray.py:498]: Updating current state
2025-11-28 01:14:17,899 [DEBUG] [MainThread] [systray_widget/systray.py:476]: Re-sorting widgets
2025-11-28 01:14:17,899 [DEBUG] [MainThread] [systray_widget/systray.py:498]: Updating current state
2025-11-28 01:15:22,147 [DEBUG] [MainThread] [systray_widget/systray.py:476]: Re-sorting widgets
2025-11-28 01:15:22,148 [DEBUG] [MainThread] [systray_widget/systray.py:498]: Updating current state
2025-11-28 01:15:25,128 [DEBUG] [MainThread] [systray_widget/systray.py:476]: Re-sorting widgets
2025-11-28 01:15:25,129 [DEBUG] [MainThread] [systray_widget/systray.py:498]: Updating current state
2025-11-28 01:16:29,392 [DEBUG] [MainThread] [systray_widget/systray.py:476]: Re-sorting widgets
2025-11-28 01:16:29,392 [DEBUG] [MainThread] [systray_widget/systray.py:498]: Updating current state
2025-11-28 01:16:32,445 [DEBUG] [MainThread] [systray_widget/systray.py:476]: Re-sorting widgets
2025-11-28 01:16:32,445 [DEBUG] [MainThread] [systray_widget/systray.py:498]: Updating current state
2025-11-28 01:17:36,657 [DEBUG] [MainThread] [systray_widget/systray.py:476]: Re-sorting widgets
2025-11-28 01:17:36,660 [DEBUG] [MainThread] [systray_widget/systray.py:498]: Updating current state
2025-11-28 01:17:39,644 [DEBUG] [MainThread] [systray_widget/systray.py:476]: Re-sorting widgets
2025-11-28 01:17:39,644 [DEBUG] [MainThread] [systray_widget/systray.py:498]: Updating current state
2025-11-28 01:18:43,936 [DEBUG] [MainThread] [systray_widget/systray.py:476]: Re-sorting widgets
2025-11-28 01:18:43,936 [DEBUG] [MainThread] [systray_widget/systray.py:498]: Updating current state
2025-11-28 01:18:46,888 [DEBUG] [MainThread] [systray_widget/systray.py:476]: Re-sorting widgets
2025-11-28 01:18:46,888 [DEBUG] [MainThread] [systray_widget/systray.py:498]: Updating current state
2025-11-28 01:19:51,144 [DEBUG] [MainThread] [systray_widget/systray.py:476]: Re-sorting widgets
2025-11-28 01:19:51,144 [DEBUG] [MainThread] [systray_widget/systray.py:498]: Updating current state
2025-11-28 01:19:54,177 [DEBUG] [MainThread] [systray_widget/systray.py:476]: Re-sorting widgets
2025-11-28 01:19:54,177 [DEBUG] [MainThread] [systray_widget/systray.py:498]: Updating current state
2025-11-28 01:20:58,375 [DEBUG] [MainThread] [systray_widget/systray.py:476]: Re-sorting widgets
2025-11-28 01:20:58,376 [DEBUG] [MainThread] [systray_widget/systray.py:498]: Updating current state
2025-11-28 01:21:01,384 [DEBUG] [MainThread] [systray_widget/systray.py:476]: Re-sorting widgets
2025-11-28 01:21:01,384 [DEBUG] [MainThread] [systray_widget/systray.py:498]: Updating current state
2025-11-28 01:22:05,657 [DEBUG] [MainThread] [systray_widget/systray.py:476]: Re-sorting widgets
2025-11-28 01:22:05,657 [DEBUG] [MainThread] [systray_widget/systray.py:498]: Updating current state
2025-11-28 01:22:08,654 [DEBUG] [MainThread] [systray_widget/systray.py:476]: Re-sorting widgets
2025-11-28 01:22:08,655 [DEBUG] [MainThread] [systray_widget/systray.py:498]: Updating current state
2025-11-28 01:23:12,912 [DEBUG] [MainThread] [systray_widget/systray.py:476]: Re-sorting widgets
2025-11-28 01:23:12,912 [DEBUG] [MainThread] [systray_widget/systray.py:498]: Updating current state
2025-11-28 01:23:15,911 [DEBUG] [MainThread] [systray_widget/systray.py:476]: Re-sorting widgets
2025-11-28 01:23:15,913 [DEBUG] [MainThread] [systray_widget/systray.py:498]: Updating current state
2025-11-28 01:24:20,161 [DEBUG] [MainThread] [systray_widget/systray.py:476]: Re-sorting widgets
2025-11-28 01:24:20,164 [DEBUG] [MainThread] [systray_widget/systray.py:498]: Updating current state
2025-11-28 01:24:23,203 [DEBUG] [MainThread] [systray_widget/systray.py:476]: Re-sorting widgets
2025-11-28 01:24:23,203 [DEBUG] [MainThread] [systray_widget/systray.py:498]: Updating current state
2025-11-28 01:25:27,466 [DEBUG] [MainThread] [systray_widget/systray.py:476]: Re-sorting widgets
2025-11-28 01:25:27,467 [DEBUG] [MainThread] [systray_widget/systray.py:498]: Updating current state
2025-11-28 01:25:30,444 [DEBUG] [MainThread] [systray_widget/systray.py:476]: Re-sorting widgets
2025-11-28 01:25:30,445 [DEBUG] [MainThread] [systray_widget/systray.py:498]: Updating current state
2025-11-28 01:26:34,752 [DEBUG] [MainThread] [systray_widget/systray.py:476]: Re-sorting widgets
2025-11-28 01:26:34,753 [DEBUG] [MainThread] [systray_widget/systray.py:498]: Updating current state
2025-11-28 01:26:37,720 [DEBUG] [MainThread] [systray_widget/systray.py:476]: Re-sorting widgets
2025-11-28 01:26:37,720 [DEBUG] [MainThread] [systray_widget/systray.py:498]: Updating current state
2025-11-28 01:27:41,934 [DEBUG] [MainThread] [systray_widget/systray.py:476]: Re-sorting widgets
2025-11-28 01:27:41,936 [DEBUG] [MainThread] [systray_widget/systray.py:498]: Updating current state
2025-11-28 01:27:44,966 [DEBUG] [MainThread] [systray_widget/systray.py:476]: Re-sorting widgets
2025-11-28 01:27:44,966 [DEBUG] [MainThread] [systray_widget/systray.py:498]: Updating current state
2025-11-28 01:28:49,203 [DEBUG] [MainThread] [systray_widget/systray.py:476]: Re-sorting widgets
2025-11-28 01:28:49,205 [DEBUG] [MainThread] [systray_widget/systray.py:498]: Updating current state
2025-11-28 01:28:52,185 [DEBUG] [MainThread] [systray_widget/systray.py:476]: Re-sorting widgets
2025-11-28 01:28:52,185 [DEBUG] [MainThread] [systray_widget/systray.py:498]: Updating current state
2025-11-28 01:29:56,453 [DEBUG] [MainThread] [systray_widget/systray.py:476]: Re-sorting widgets
2025-11-28 01:29:56,453 [DEBUG] [MainThread] [systray_widget/systray.py:498]: Updating current state
2025-11-28 01:29:59,442 [DEBUG] [MainThread] [systray_widget/systray.py:476]: Re-sorting widgets
2025-11-28 01:29:59,443 [DEBUG] [MainThread] [systray_widget/systray.py:498]: Updating current state
2025-11-28 01:31:03,671 [DEBUG] [MainThread] [systray_widget/systray.py:476]: Re-sorting widgets
2025-11-28 01:31:03,671 [DEBUG] [MainThread] [systray_widget/systray.py:498]: Updating current state
2025-11-28 01:31:06,674 [DEBUG] [MainThread] [systray_widget/systray.py:476]: Re-sorting widgets
2025-11-28 01:31:06,674 [DEBUG] [MainThread] [systray_widget/systray.py:498]: Updating current state
2025-11-28 01:32:10,907 [DEBUG] [MainThread] [systray_widget/systray.py:476]: Re-sorting widgets
2025-11-28 01:32:10,907 [DEBUG] [MainThread] [systray_widget/systray.py:498]: Updating current state
2025-11-28 01:32:13,935 [DEBUG] [MainThread] [systray_widget/systray.py:476]: Re-sorting widgets
2025-11-28 01:32:13,936 [DEBUG] [MainThread] [systray_widget/systray.py:498]: Updating current state
2025-11-28 01:33:18,203 [DEBUG] [MainThread] [systray_widget/systray.py:476]: Re-sorting widgets
2025-11-28 01:33:18,206 [DEBUG] [MainThread] [systray_widget/systray.py:498]: Updating current state
2025-11-28 01:33:21,288 [DEBUG] [MainThread] [systray_widget/systray.py:476]: Re-sorting widgets
2025-11-28 01:33:21,289 [DEBUG] [MainThread] [systray_widget/systray.py:498]: Updating current state
2025-11-28 01:34:25,462 [DEBUG] [MainThread] [systray_widget/systray.py:476]: Re-sorting widgets
2025-11-28 01:34:25,462 [DEBUG] [MainThread] [systray_widget/systray.py:498]: Updating current state
2025-11-28 01:34:28,473 [DEBUG] [MainThread] [systray_widget/systray.py:476]: Re-sorting widgets
2025-11-28 01:34:28,474 [DEBUG] [MainThread] [systray_widget/systray.py:498]: Updating current state
2025-11-28 01:35:32,717 [DEBUG] [MainThread] [systray_widget/systray.py:476]: Re-sorting widgets
2025-11-28 01:35:32,717 [DEBUG] [MainThread] [systray_widget/systray.py:498]: Updating current state
2025-11-28 01:35:35,714 [DEBUG] [MainThread] [systray_widget/systray.py:476]: Re-sorting widgets
2025-11-28 01:35:35,715 [DEBUG] [MainThread] [systray_widget/systray.py:498]: Updating current state
2025-11-28 01:36:39,973 [DEBUG] [MainThread] [systray_widget/systray.py:476]: Re-sorting widgets
2025-11-28 01:36:39,974 [DEBUG] [MainThread] [systray_widget/systray.py:498]: Updating current state
2025-11-28 01:36:42,971 [DEBUG] [MainThread] [systray_widget/systray.py:476]: Re-sorting widgets
2025-11-28 01:36:42,972 [DEBUG] [MainThread] [systray_widget/systray.py:498]: Updating current state
2025-11-28 01:37:47,204 [DEBUG] [MainThread] [systray_widget/systray.py:476]: Re-sorting widgets
2025-11-28 01:37:47,204 [DEBUG] [MainThread] [systray_widget/systray.py:498]: Updating current state
2025-11-28 01:37:50,203 [DEBUG] [MainThread] [systray_widget/systray.py:476]: Re-sorting widgets
2025-11-28 01:37:50,204 [DEBUG] [MainThread] [systray_widget/systray.py:498]: Updating current state
2025-11-28 01:38:54,493 [DEBUG] [MainThread] [systray_widget/systray.py:476]: Re-sorting widgets
2025-11-28 01:38:54,494 [DEBUG] [MainThread] [systray_widget/systray.py:498]: Updating current state
2025-11-28 01:38:57,468 [DEBUG] [MainThread] [systray_widget/systray.py:476]: Re-sorting widgets
2025-11-28 01:38:57,468 [DEBUG] [MainThread] [systray_widget/systray.py:498]: Updating current state
2025-11-28 01:40:01,733 [DEBUG] [MainThread] [systray_widget/systray.py:476]: Re-sorting widgets
2025-11-28 01:40:01,735 [DEBUG] [MainThread] [systray_widget/systray.py:498]: Updating current state
2025-11-28 01:40:04,757 [DEBUG] [MainThread] [systray_widget/systray.py:476]: Re-sorting widgets
2025-11-28 01:40:04,757 [DEBUG] [MainThread] [systray_widget/systray.py:498]: Updating current state
2025-11-28 01:41:09,001 [DEBUG] [MainThread] [systray_widget/systray.py:476]: Re-sorting widgets
2025-11-28 01:41:09,001 [DEBUG] [MainThread] [systray_widget/systray.py:498]: Updating current state
2025-11-28 01:41:12,000 [DEBUG] [MainThread] [systray_widget/systray.py:476]: Re-sorting widgets
2025-11-28 01:41:12,000 [DEBUG] [MainThread] [systray_widget/systray.py:498]: Updating current state
2025-11-28 01:42:16,315 [DEBUG] [MainThread] [systray_widget/systray.py:476]: Re-sorting widgets
2025-11-28 01:42:16,315 [DEBUG] [MainThread] [systray_widget/systray.py:498]: Updating current state
2025-11-28 01:42:19,265 [DEBUG] [MainThread] [systray_widget/systray.py:476]: Re-sorting widgets
2025-11-28 01:42:19,265 [DEBUG] [MainThread] [systray_widget/systray.py:498]: Updating current state
2025-11-28 01:43:23,502 [DEBUG] [MainThread] [systray_widget/systray.py:476]: Re-sorting widgets
2025-11-28 01:43:23,503 [DEBUG] [MainThread] [systray_widget/systray.py:498]: Updating current state
2025-11-28 01:43:26,490 [DEBUG] [MainThread] [systray_widget/systray.py:476]: Re-sorting widgets
2025-11-28 01:43:26,490 [DEBUG] [MainThread] [systray_widget/systray.py:498]: Updating current state
2025-11-28 01:44:30,733 [DEBUG] [MainThread] [systray_widget/systray.py:476]: Re-sorting widgets
2025-11-28 01:44:30,735 [DEBUG] [MainThread] [systray_widget/systray.py:498]: Updating current state
2025-11-28 01:44:33,742 [DEBUG] [MainThread] [systray_widget/systray.py:476]: Re-sorting widgets
2025-11-28 01:44:33,742 [DEBUG] [MainThread] [systray_widget/systray.py:498]: Updating current state
2025-11-28 01:45:38,016 [DEBUG] [MainThread] [systray_widget/systray.py:476]: Re-sorting widgets
2025-11-28 01:45:38,016 [DEBUG] [MainThread] [systray_widget/systray.py:498]: Updating current state
2025-11-28 01:45:41,040 [DEBUG] [MainThread] [systray_widget/systray.py:476]: Re-sorting widgets
2025-11-28 01:45:41,040 [DEBUG] [MainThread] [systray_widget/systray.py:498]: Updating current state
2025-11-28 01:46:45,231 [DEBUG] [MainThread] [systray_widget/systray.py:476]: Re-sorting widgets
2025-11-28 01:46:45,231 [DEBUG] [MainThread] [systray_widget/systray.py:498]: Updating current state
2025-11-28 01:46:48,244 [DEBUG] [MainThread] [systray_widget/systray.py:476]: Re-sorting widgets
2025-11-28 01:46:48,244 [DEBUG] [MainThread] [systray_widget/systray.py:498]: Updating current state
2025-11-28 01:47:52,497 [DEBUG] [MainThread] [systray_widget/systray.py:476]: Re-sorting widgets
2025-11-28 01:47:52,497 [DEBUG] [MainThread] [systray_widget/systray.py:498]: Updating current state
2025-11-28 01:47:55,507 [DEBUG] [MainThread] [systray_widget/systray.py:476]: Re-sorting widgets
2025-11-28 01:47:55,509 [DEBUG] [MainThread] [systray_widget/systray.py:498]: Updating current state
2025-11-28 01:48:59,753 [DEBUG] [MainThread] [systray_widget/systray.py:476]: Re-sorting widgets
2025-11-28 01:48:59,756 [DEBUG] [MainThread] [systray_widget/systray.py:498]: Updating current state
2025-11-28 01:49:02,751 [DEBUG] [MainThread] [systray_widget/systray.py:476]: Re-sorting widgets
2025-11-28 01:49:02,751 [DEBUG] [MainThread] [systray_widget/systray.py:498]: Updating current state
2025-11-28 01:50:06,981 [DEBUG] [MainThread] [systray_widget/systray.py:476]: Re-sorting widgets
2025-11-28 01:50:06,981 [DEBUG] [MainThread] [systray_widget/systray.py:498]: Updating current state
2025-11-28 01:50:10,051 [DEBUG] [MainThread] [systray_widget/systray.py:476]: Re-sorting widgets
2025-11-28 01:50:10,052 [DEBUG] [MainThread] [systray_widget/systray.py:498]: Updating current state
2025-11-28 01:51:14,232 [DEBUG] [MainThread] [systray_widget/systray.py:476]: Re-sorting widgets
2025-11-28 01:51:14,232 [DEBUG] [MainThread] [systray_widget/systray.py:498]: Updating current state
2025-11-28 01:51:17,252 [DEBUG] [MainThread] [systray_widget/systray.py:476]: Re-sorting widgets
2025-11-28 01:51:17,253 [DEBUG] [MainThread] [systray_widget/systray.py:498]: Updating current state
2025-11-28 01:52:21,502 [DEBUG] [MainThread] [systray_widget/systray.py:476]: Re-sorting widgets
2025-11-28 01:52:21,502 [DEBUG] [MainThread] [systray_widget/systray.py:498]: Updating current state
2025-11-28 01:52:24,490 [DEBUG] [MainThread] [systray_widget/systray.py:476]: Re-sorting widgets
2025-11-28 01:52:24,490 [DEBUG] [MainThread] [systray_widget/systray.py:498]: Updating current state
2025-11-28 01:53:28,737 [DEBUG] [MainThread] [systray_widget/systray.py:476]: Re-sorting widgets
2025-11-28 01:53:28,737 [DEBUG] [MainThread] [systray_widget/systray.py:498]: Updating current state
2025-11-28 01:53:31,735 [DEBUG] [MainThread] [systray_widget/systray.py:476]: Re-sorting widgets
2025-11-28 01:53:31,735 [DEBUG] [MainThread] [systray_widget/systray.py:498]: Updating current state
2025-11-28 01:54:35,982 [DEBUG] [MainThread] [systray_widget/systray.py:476]: Re-sorting widgets
2025-11-28 01:54:35,982 [DEBUG] [MainThread] [systray_widget/systray.py:498]: Updating current state
2025-11-28 01:54:38,986 [DEBUG] [MainThread] [systray_widget/systray.py:476]: Re-sorting widgets
2025-11-28 01:54:38,987 [DEBUG] [MainThread] [systray_widget/systray.py:498]: Updating current state
2025-11-28 01:55:43,234 [DEBUG] [MainThread] [systray_widget/systray.py:476]: Re-sorting widgets
2025-11-28 01:55:43,235 [DEBUG] [MainThread] [systray_widget/systray.py:498]: Updating current state
2025-11-28 01:55:46,248 [DEBUG] [MainThread] [systray_widget/systray.py:476]: Re-sorting widgets
2025-11-28 01:55:46,248 [DEBUG] [MainThread] [systray_widget/systray.py:498]: Updating current state
2025-11-28 01:56:50,517 [DEBUG] [MainThread] [systray_widget/systray.py:476]: Re-sorting widgets
2025-11-28 01:56:50,517 [DEBUG] [MainThread] [systray_widget/systray.py:498]: Updating current state
2025-11-28 01:56:53,535 [DEBUG] [MainThread] [systray_widget/systray.py:476]: Re-sorting widgets
2025-11-28 01:56:53,535 [DEBUG] [MainThread] [systray_widget/systray.py:498]: Updating current state
2025-11-28 01:57:57,783 [DEBUG] [MainThread] [systray_widget/systray.py:476]: Re-sorting widgets
2025-11-28 01:57:57,784 [DEBUG] [MainThread] [systray_widget/systray.py:498]: Updating current state
2025-11-28 01:58:00,774 [DEBUG] [MainThread] [systray_widget/systray.py:476]: Re-sorting widgets
2025-11-28 01:58:00,774 [DEBUG] [MainThread] [systray_widget/systray.py:498]: Updating current state
2025-11-28 01:59:05,034 [DEBUG] [MainThread] [systray_widget/systray.py:476]: Re-sorting widgets
2025-11-28 01:59:05,034 [DEBUG] [MainThread] [systray_widget/systray.py:498]: Updating current state
2025-11-28 01:59:08,131 [DEBUG] [MainThread] [systray_widget/systray.py:476]: Re-sorting widgets
2025-11-28 01:59:08,132 [DEBUG] [MainThread] [systray_widget/systray.py:498]: Updating current state
2025-11-28 02:00:12,390 [DEBUG] [MainThread] [systray_widget/systray.py:476]: Re-sorting widgets
2025-11-28 02:00:12,390 [DEBUG] [MainThread] [systray_widget/systray.py:498]: Updating current state
2025-11-28 02:00:15,381 [DEBUG] [MainThread] [systray_widget/systray.py:476]: Re-sorting widgets
2025-11-28 02:00:15,381 [DEBUG] [MainThread] [systray_widget/systray.py:498]: Updating current state
2025-11-28 02:01:19,695 [DEBUG] [MainThread] [systray_widget/systray.py:476]: Re-sorting widgets
2025-11-28 02:01:19,697 [DEBUG] [MainThread] [systray_widget/systray.py:498]: Updating current state
2025-11-28 02:01:22,666 [DEBUG] [MainThread] [systray_widget/systray.py:476]: Re-sorting widgets
2025-11-28 02:01:22,666 [DEBUG] [MainThread] [systray_widget/systray.py:498]: Updating current state
2025-11-28 02:02:26,944 [DEBUG] [MainThread] [systray_widget/systray.py:476]: Re-sorting widgets
2025-11-28 02:02:26,944 [DEBUG] [MainThread] [systray_widget/systray.py:498]: Updating current state
2025-11-28 02:02:29,916 [DEBUG] [MainThread] [systray_widget/systray.py:476]: Re-sorting widgets
2025-11-28 02:02:29,917 [DEBUG] [MainThread] [systray_widget/systray.py:498]: Updating current state
2025-11-28 02:03:34,148 [DEBUG] [MainThread] [systray_widget/systray.py:476]: Re-sorting widgets
2025-11-28 02:03:34,148 [DEBUG] [MainThread] [systray_widget/systray.py:498]: Updating current state
2025-11-28 02:03:37,118 [DEBUG] [MainThread] [systray_widget/systray.py:476]: Re-sorting widgets
2025-11-28 02:03:37,118 [DEBUG] [MainThread] [systray_widget/systray.py:498]: Updating current state
2025-11-28 02:04:41,395 [DEBUG] [MainThread] [systray_widget/systray.py:476]: Re-sorting widgets
2025-11-28 02:04:41,397 [DEBUG] [MainThread] [systray_widget/systray.py:498]: Updating current state
2025-11-28 02:04:44,373 [DEBUG] [MainThread] [systray_widget/systray.py:476]: Re-sorting widgets
2025-11-28 02:04:44,373 [DEBUG] [MainThread] [systray_widget/systray.py:498]: Updating current state
2025-11-28 02:05:48,639 [DEBUG] [MainThread] [systray_widget/systray.py:476]: Re-sorting widgets
2025-11-28 02:05:48,639 [DEBUG] [MainThread] [systray_widget/systray.py:498]: Updating current state
2025-11-28 02:05:51,630 [DEBUG] [MainThread] [systray_widget/systray.py:476]: Re-sorting widgets
2025-11-28 02:05:51,630 [DEBUG] [MainThread] [systray_widget/systray.py:498]: Updating current state
2025-11-28 02:06:55,862 [DEBUG] [MainThread] [systray_widget/systray.py:476]: Re-sorting widgets
2025-11-28 02:06:55,864 [DEBUG] [MainThread] [systray_widget/systray.py:498]: Updating current state
2025-11-28 02:06:58,861 [DEBUG] [MainThread] [systray_widget/systray.py:476]: Re-sorting widgets
2025-11-28 02:06:58,863 [DEBUG] [MainThread] [systray_widget/systray.py:498]: Updating current state
2025-11-28 02:08:03,100 [DEBUG] [MainThread] [systray_widget/systray.py:476]: Re-sorting widgets
2025-11-28 02:08:03,101 [DEBUG] [MainThread] [systray_widget/systray.py:498]: Updating current state
2025-11-28 02:08:06,146 [DEBUG] [MainThread] [systray_widget/systray.py:476]: Re-sorting widgets
2025-11-28 02:08:06,146 [DEBUG] [MainThread] [systray_widget/systray.py:498]: Updating current state
2025-11-28 02:09:10,375 [DEBUG] [MainThread] [systray_widget/systray.py:476]: Re-sorting widgets
2025-11-28 02:09:10,375 [DEBUG] [MainThread] [systray_widget/systray.py:498]: Updating current state
2025-11-28 02:09:13,376 [DEBUG] [MainThread] [systray_widget/systray.py:476]: Re-sorting widgets
2025-11-28 02:09:13,376 [DEBUG] [MainThread] [systray_widget/systray.py:498]: Updating current state
2025-11-28 02:10:17,654 [DEBUG] [MainThread] [systray_widget/systray.py:476]: Re-sorting widgets
2025-11-28 02:10:17,654 [DEBUG] [MainThread] [systray_widget/systray.py:498]: Updating current state
2025-11-28 02:10:20,599 [DEBUG] [MainThread] [systray_widget/systray.py:476]: Re-sorting widgets
2025-11-28 02:10:20,599 [DEBUG] [MainThread] [systray_widget/systray.py:498]: Updating current state
2025-11-28 02:11:24,862 [DEBUG] [MainThread] [systray_widget/systray.py:476]: Re-sorting widgets
2025-11-28 02:11:24,864 [DEBUG] [MainThread] [systray_widget/systray.py:498]: Updating current state
2025-11-28 02:11:27,857 [DEBUG] [MainThread] [systray_widget/systray.py:476]: Re-sorting widgets
2025-11-28 02:11:27,857 [DEBUG] [MainThread] [systray_widget/systray.py:498]: Updating current state
2025-11-28 02:12:32,111 [DEBUG] [MainThread] [systray_widget/systray.py:476]: Re-sorting widgets
2025-11-28 02:12:32,113 [DEBUG] [MainThread] [systray_widget/systray.py:498]: Updating current state
2025-11-28 02:12:35,105 [DEBUG] [MainThread] [systray_widget/systray.py:476]: Re-sorting widgets
2025-11-28 02:12:35,105 [DEBUG] [MainThread] [systray_widget/systray.py:498]: Updating current state
2025-11-28 02:13:39,859 [DEBUG] [MainThread] [systray_widget/systray.py:476]: Re-sorting widgets
2025-11-28 02:13:39,859 [DEBUG] [MainThread] [systray_widget/systray.py:498]: Updating current state
2025-11-28 02:13:42,799 [DEBUG] [MainThread] [systray_widget/systray.py:476]: Re-sorting widgets
2025-11-28 02:13:42,799 [DEBUG] [MainThread] [systray_widget/systray.py:498]: Updating current state
2025-11-28 02:14:47,070 [DEBUG] [MainThread] [systray_widget/systray.py:476]: Re-sorting widgets
2025-11-28 02:14:47,071 [DEBUG] [MainThread] [systray_widget/systray.py:498]: Updating current state
2025-11-28 02:14:50,083 [DEBUG] [MainThread] [systray_widget/systray.py:476]: Re-sorting widgets
2025-11-28 02:14:50,085 [DEBUG] [MainThread] [systray_widget/systray.py:498]: Updating current state
2025-11-28 02:15:54,294 [DEBUG] [MainThread] [systray_widget/systray.py:476]: Re-sorting widgets
2025-11-28 02:15:54,295 [DEBUG] [MainThread] [systray_widget/systray.py:498]: Updating current state
2025-11-28 02:15:57,303 [DEBUG] [MainThread] [systray_widget/systray.py:476]: Re-sorting widgets
2025-11-28 02:15:57,303 [DEBUG] [MainThread] [systray_widget/systray.py:498]: Updating current state
2025-11-28 02:17:01,549 [DEBUG] [MainThread] [systray_widget/systray.py:476]: Re-sorting widgets
2025-11-28 02:17:01,549 [DEBUG] [MainThread] [systray_widget/systray.py:498]: Updating current state
2025-11-28 02:17:04,557 [DEBUG] [MainThread] [systray_widget/systray.py:476]: Re-sorting widgets
2025-11-28 02:17:04,557 [DEBUG] [MainThread] [systray_widget/systray.py:498]: Updating current state
2025-11-28 02:18:08,795 [DEBUG] [MainThread] [systray_widget/systray.py:476]: Re-sorting widgets
2025-11-28 02:18:08,797 [DEBUG] [MainThread] [systray_widget/systray.py:498]: Updating current state
2025-11-28 02:18:11,780 [DEBUG] [MainThread] [systray_widget/systray.py:476]: Re-sorting widgets
2025-11-28 02:18:11,780 [DEBUG] [MainThread] [systray_widget/systray.py:498]: Updating current state
2025-11-28 02:19:16,037 [DEBUG] [MainThread] [systray_widget/systray.py:476]: Re-sorting widgets
2025-11-28 02:19:16,037 [DEBUG] [MainThread] [systray_widget/systray.py:498]: Updating current state
2025-11-28 02:19:19,055 [DEBUG] [MainThread] [systray_widget/systray.py:476]: Re-sorting widgets
2025-11-28 02:19:19,056 [DEBUG] [MainThread] [systray_widget/systray.py:498]: Updating current state
2025-11-28 02:20:23,330 [DEBUG] [MainThread] [systray_widget/systray.py:476]: Re-sorting widgets
2025-11-28 02:20:23,330 [DEBUG] [MainThread] [systray_widget/systray.py:498]: Updating current state
2025-11-28 02:20:26,329 [DEBUG] [MainThread] [systray_widget/systray.py:476]: Re-sorting widgets
2025-11-28 02:20:26,331 [DEBUG] [MainThread] [systray_widget/systray.py:498]: Updating current state
2025-11-28 02:21:30,594 [DEBUG] [MainThread] [systray_widget/systray.py:476]: Re-sorting widgets
2025-11-28 02:21:30,595 [DEBUG] [MainThread] [systray_widget/systray.py:498]: Updating current state
2025-11-28 02:21:33,592 [DEBUG] [MainThread] [systray_widget/systray.py:476]: Re-sorting widgets
2025-11-28 02:21:33,593 [DEBUG] [MainThread] [systray_widget/systray.py:498]: Updating current state
2025-11-28 02:22:37,841 [DEBUG] [MainThread] [systray_widget/systray.py:476]: Re-sorting widgets
2025-11-28 02:22:37,843 [DEBUG] [MainThread] [systray_widget/systray.py:498]: Updating current state
2025-11-28 02:22:40,836 [DEBUG] [MainThread] [systray_widget/systray.py:476]: Re-sorting widgets
2025-11-28 02:22:40,836 [DEBUG] [MainThread] [systray_widget/systray.py:498]: Updating current state
2025-11-28 02:23:45,077 [DEBUG] [MainThread] [systray_widget/systray.py:476]: Re-sorting widgets
2025-11-28 02:23:45,077 [DEBUG] [MainThread] [systray_widget/systray.py:498]: Updating current state
2025-11-28 02:23:48,080 [DEBUG] [MainThread] [systray_widget/systray.py:476]: Re-sorting widgets
2025-11-28 02:23:48,080 [DEBUG] [MainThread] [systray_widget/systray.py:498]: Updating current state
2025-11-28 02:24:52,316 [DEBUG] [MainThread] [systray_widget/systray.py:476]: Re-sorting widgets
2025-11-28 02:24:52,316 [DEBUG] [MainThread] [systray_widget/systray.py:498]: Updating current state
2025-11-28 02:24:55,333 [DEBUG] [MainThread] [systray_widget/systray.py:476]: Re-sorting widgets
2025-11-28 02:24:55,334 [DEBUG] [MainThread] [systray_widget/systray.py:498]: Updating current state
2025-11-28 02:25:59,562 [DEBUG] [MainThread] [systray_widget/systray.py:476]: Re-sorting widgets
2025-11-28 02:25:59,562 [DEBUG] [MainThread] [systray_widget/systray.py:498]: Updating current state
2025-11-28 02:26:02,546 [DEBUG] [MainThread] [systray_widget/systray.py:476]: Re-sorting widgets
2025-11-28 02:26:02,546 [DEBUG] [MainThread] [systray_widget/systray.py:498]: Updating current state
2025-11-28 02:27:06,814 [DEBUG] [MainThread] [systray_widget/systray.py:476]: Re-sorting widgets
2025-11-28 02:27:06,814 [DEBUG] [MainThread] [systray_widget/systray.py:498]: Updating current state
2025-11-28 02:27:09,815 [DEBUG] [MainThread] [systray_widget/systray.py:476]: Re-sorting widgets
2025-11-28 02:27:09,815 [DEBUG] [MainThread] [systray_widget/systray.py:498]: Updating current state
2025-11-28 02:28:14,064 [DEBUG] [MainThread] [systray_widget/systray.py:476]: Re-sorting widgets
2025-11-28 02:28:14,065 [DEBUG] [MainThread] [systray_widget/systray.py:498]: Updating current state
2025-11-28 02:28:17,093 [DEBUG] [MainThread] [systray_widget/systray.py:476]: Re-sorting widgets
2025-11-28 02:28:17,093 [DEBUG] [MainThread] [systray_widget/systray.py:498]: Updating current state
2025-11-28 02:29:21,386 [DEBUG] [MainThread] [systray_widget/systray.py:476]: Re-sorting widgets
2025-11-28 02:29:21,386 [DEBUG] [MainThread] [systray_widget/systray.py:498]: Updating current state
2025-11-28 02:29:24,340 [DEBUG] [MainThread] [systray_widget/systray.py:476]: Re-sorting widgets
2025-11-28 02:29:24,340 [DEBUG] [MainThread] [systray_widget/systray.py:498]: Updating current state
2025-11-28 02:30:28,562 [DEBUG] [MainThread] [systray_widget/systray.py:476]: Re-sorting widgets
2025-11-28 02:30:28,564 [DEBUG] [MainThread] [systray_widget/systray.py:498]: Updating current state
2025-11-28 02:30:31,558 [DEBUG] [MainThread] [systray_widget/systray.py:476]: Re-sorting widgets
2025-11-28 02:30:31,558 [DEBUG] [MainThread] [systray_widget/systray.py:498]: Updating current state
2025-11-28 02:31:35,787 [DEBUG] [MainThread] [systray_widget/systray.py:476]: Re-sorting widgets
2025-11-28 02:31:35,787 [DEBUG] [MainThread] [systray_widget/systray.py:498]: Updating current state
2025-11-28 02:31:38,778 [DEBUG] [MainThread] [systray_widget/systray.py:476]: Re-sorting widgets
2025-11-28 02:31:38,779 [DEBUG] [MainThread] [systray_widget/systray.py:498]: Updating current state
2025-11-28 02:32:43,053 [DEBUG] [MainThread] [systray_widget/systray.py:476]: Re-sorting widgets
2025-11-28 02:32:43,053 [DEBUG] [MainThread] [systray_widget/systray.py:498]: Updating current state
2025-11-28 02:32:46,033 [DEBUG] [MainThread] [systray_widget/systray.py:476]: Re-sorting widgets
2025-11-28 02:32:46,033 [DEBUG] [MainThread] [systray_widget/systray.py:498]: Updating current state
2025-11-28 02:33:50,319 [DEBUG] [MainThread] [systray_widget/systray.py:476]: Re-sorting widgets
2025-11-28 02:33:50,319 [DEBUG] [MainThread] [systray_widget/systray.py:498]: Updating current state
2025-11-28 02:33:53,316 [DEBUG] [MainThread] [systray_widget/systray.py:476]: Re-sorting widgets
2025-11-28 02:33:53,317 [DEBUG] [MainThread] [systray_widget/systray.py:498]: Updating current state
2025-11-28 02:34:57,537 [DEBUG] [MainThread] [systray_widget/systray.py:476]: Re-sorting widgets
2025-11-28 02:34:57,537 [DEBUG] [MainThread] [systray_widget/systray.py:498]: Updating current state
2025-11-28 02:35:00,558 [DEBUG] [MainThread] [systray_widget/systray.py:476]: Re-sorting widgets
2025-11-28 02:35:00,558 [DEBUG] [MainThread] [systray_widget/systray.py:498]: Updating current state
2025-11-28 02:36:04,811 [DEBUG] [MainThread] [systray_widget/systray.py:476]: Re-sorting widgets
2025-11-28 02:36:04,813 [DEBUG] [MainThread] [systray_widget/systray.py:498]: Updating current state
2025-11-28 02:36:07,789 [DEBUG] [MainThread] [systray_widget/systray.py:476]: Re-sorting widgets
2025-11-28 02:36:07,789 [DEBUG] [MainThread] [systray_widget/systray.py:498]: Updating current state
2025-11-28 02:37:12,053 [DEBUG] [MainThread] [systray_widget/systray.py:476]: Re-sorting widgets
2025-11-28 02:37:12,053 [DEBUG] [MainThread] [systray_widget/systray.py:498]: Updating current state
2025-11-28 02:37:15,029 [DEBUG] [MainThread] [systray_widget/systray.py:476]: Re-sorting widgets
2025-11-28 02:37:15,029 [DEBUG] [MainThread] [systray_widget/systray.py:498]: Updating current state
2025-11-28 02:38:19,327 [DEBUG] [MainThread] [systray_widget/systray.py:476]: Re-sorting widgets
2025-11-28 02:38:19,328 [DEBUG] [MainThread] [systray_widget/systray.py:498]: Updating current state
2025-11-28 02:38:22,279 [DEBUG] [MainThread] [systray_widget/systray.py:476]: Re-sorting widgets
2025-11-28 02:38:22,279 [DEBUG] [MainThread] [systray_widget/systray.py:498]: Updating current state
2025-11-28 02:39:26,563 [DEBUG] [MainThread] [systray_widget/systray.py:476]: Re-sorting widgets
2025-11-28 02:39:26,563 [DEBUG] [MainThread] [systray_widget/systray.py:498]: Updating current state
2025-11-28 02:39:29,551 [DEBUG] [MainThread] [systray_widget/systray.py:476]: Re-sorting widgets
2025-11-28 02:39:29,552 [DEBUG] [MainThread] [systray_widget/systray.py:498]: Updating current state
2025-11-28 02:40:33,803 [DEBUG] [MainThread] [systray_widget/systray.py:476]: Re-sorting widgets
2025-11-28 02:40:33,803 [DEBUG] [MainThread] [systray_widget/systray.py:498]: Updating current state
2025-11-28 02:40:36,807 [DEBUG] [MainThread] [systray_widget/systray.py:476]: Re-sorting widgets
2025-11-28 02:40:36,808 [DEBUG] [MainThread] [systray_widget/systray.py:498]: Updating current state
2025-11-28 02:41:41,029 [DEBUG] [MainThread] [systray_widget/systray.py:476]: Re-sorting widgets
2025-11-28 02:41:41,029 [DEBUG] [MainThread] [systray_widget/systray.py:498]: Updating current state
2025-11-28 02:41:44,063 [DEBUG] [MainThread] [systray_widget/systray.py:476]: Re-sorting widgets
2025-11-28 02:41:44,063 [DEBUG] [MainThread] [systray_widget/systray.py:498]: Updating current state
2025-11-28 02:42:48,757 [DEBUG] [MainThread] [systray_widget/systray.py:476]: Re-sorting widgets
2025-11-28 02:42:48,757 [DEBUG] [MainThread] [systray_widget/systray.py:498]: Updating current state
2025-11-28 02:42:51,727 [DEBUG] [MainThread] [systray_widget/systray.py:476]: Re-sorting widgets
2025-11-28 02:42:51,728 [DEBUG] [MainThread] [systray_widget/systray.py:498]: Updating current state
2025-11-28 02:43:55,971 [DEBUG] [MainThread] [systray_widget/systray.py:476]: Re-sorting widgets
2025-11-28 02:43:55,972 [DEBUG] [MainThread] [systray_widget/systray.py:498]: Updating current state
2025-11-28 02:43:58,986 [DEBUG] [MainThread] [systray_widget/systray.py:476]: Re-sorting widgets
2025-11-28 02:43:58,987 [DEBUG] [MainThread] [systray_widget/systray.py:498]: Updating current state
2025-11-28 02:45:03,219 [DEBUG] [MainThread] [systray_widget/systray.py:476]: Re-sorting widgets
2025-11-28 02:45:03,220 [DEBUG] [MainThread] [systray_widget/systray.py:498]: Updating current state
2025-11-28 02:45:06,253 [DEBUG] [MainThread] [systray_widget/systray.py:476]: Re-sorting widgets
2025-11-28 02:45:06,253 [DEBUG] [MainThread] [systray_widget/systray.py:498]: Updating current state
2025-11-28 02:46:10,482 [DEBUG] [MainThread] [systray_widget/systray.py:476]: Re-sorting widgets
2025-11-28 02:46:10,482 [DEBUG] [MainThread] [systray_widget/systray.py:498]: Updating current state
2025-11-28 02:46:13,531 [DEBUG] [MainThread] [systray_widget/systray.py:476]: Re-sorting widgets
2025-11-28 02:46:13,532 [DEBUG] [MainThread] [systray_widget/systray.py:498]: Updating current state
2025-11-28 02:47:17,736 [DEBUG] [MainThread] [systray_widget/systray.py:476]: Re-sorting widgets
2025-11-28 02:47:17,737 [DEBUG] [MainThread] [systray_widget/systray.py:498]: Updating current state
2025-11-28 02:47:20,725 [DEBUG] [MainThread] [systray_widget/systray.py:476]: Re-sorting widgets
2025-11-28 02:47:20,725 [DEBUG] [MainThread] [systray_widget/systray.py:498]: Updating current state
2025-11-28 02:48:24,998 [DEBUG] [MainThread] [systray_widget/systray.py:476]: Re-sorting widgets
2025-11-28 02:48:24,998 [DEBUG] [MainThread] [systray_widget/systray.py:498]: Updating current state
2025-11-28 02:48:27,970 [DEBUG] [MainThread] [systray_widget/systray.py:476]: Re-sorting widgets
2025-11-28 02:48:27,971 [DEBUG] [MainThread] [systray_widget/systray.py:498]: Updating current state
2025-11-28 02:49:32,249 [DEBUG] [MainThread] [systray_widget/systray.py:476]: Re-sorting widgets
2025-11-28 02:49:32,252 [DEBUG] [MainThread] [systray_widget/systray.py:498]: Updating current state
2025-11-28 02:49:35,274 [DEBUG] [MainThread] [systray_widget/systray.py:476]: Re-sorting widgets
2025-11-28 02:49:35,274 [DEBUG] [MainThread] [systray_widget/systray.py:498]: Updating current state
2025-11-28 02:50:39,468 [DEBUG] [MainThread] [systray_widget/systray.py:476]: Re-sorting widgets
2025-11-28 02:50:39,468 [DEBUG] [MainThread] [systray_widget/systray.py:498]: Updating current state
2025-11-28 02:50:42,477 [DEBUG] [MainThread] [systray_widget/systray.py:476]: Re-sorting widgets
2025-11-28 02:50:42,477 [DEBUG] [MainThread] [systray_widget/systray.py:498]: Updating current state
2025-11-28 02:51:46,717 [DEBUG] [MainThread] [systray_widget/systray.py:476]: Re-sorting widgets
2025-11-28 02:51:46,717 [DEBUG] [MainThread] [systray_widget/systray.py:498]: Updating current state
2025-11-28 02:51:49,727 [DEBUG] [MainThread] [systray_widget/systray.py:476]: Re-sorting widgets
2025-11-28 02:51:49,728 [DEBUG] [MainThread] [systray_widget/systray.py:498]: Updating current state
2025-11-28 02:52:53,983 [DEBUG] [MainThread] [systray_widget/systray.py:476]: Re-sorting widgets
2025-11-28 02:52:53,983 [DEBUG] [MainThread] [systray_widget/systray.py:498]: Updating current state
2025-11-28 02:52:57,004 [DEBUG] [MainThread] [systray_widget/systray.py:476]: Re-sorting widgets
2025-11-28 02:52:57,004 [DEBUG] [MainThread] [systray_widget/systray.py:498]: Updating current state
2025-11-28 02:54:01,279 [DEBUG] [MainThread] [systray_widget/systray.py:476]: Re-sorting widgets
2025-11-28 02:54:01,279 [DEBUG] [MainThread] [systray_widget/systray.py:498]: Updating current state
2025-11-28 02:54:04,283 [DEBUG] [MainThread] [systray_widget/systray.py:476]: Re-sorting widgets
2025-11-28 02:54:04,284 [DEBUG] [MainThread] [systray_widget/systray.py:498]: Updating current state
2025-11-28 02:55:08,561 [DEBUG] [MainThread] [systray_widget/systray.py:476]: Re-sorting widgets
2025-11-28 02:55:08,562 [DEBUG] [MainThread] [systray_widget/systray.py:498]: Updating current state
2025-11-28 02:55:11,516 [DEBUG] [MainThread] [systray_widget/systray.py:476]: Re-sorting widgets
2025-11-28 02:55:11,517 [DEBUG] [MainThread] [systray_widget/systray.py:498]: Updating current state
2025-11-28 02:56:15,785 [DEBUG] [MainThread] [systray_widget/systray.py:476]: Re-sorting widgets
2025-11-28 02:56:15,785 [DEBUG] [MainThread] [systray_widget/systray.py:498]: Updating current state
2025-11-28 02:56:18,769 [DEBUG] [MainThread] [systray_widget/systray.py:476]: Re-sorting widgets
2025-11-28 02:56:18,769 [DEBUG] [MainThread] [systray_widget/systray.py:498]: Updating current state
2025-11-28 02:57:23,045 [DEBUG] [MainThread] [systray_widget/systray.py:476]: Re-sorting widgets
2025-11-28 02:57:23,045 [DEBUG] [MainThread] [systray_widget/systray.py:498]: Updating current state
2025-11-28 02:57:26,030 [DEBUG] [MainThread] [systray_widget/systray.py:476]: Re-sorting widgets
2025-11-28 02:57:26,031 [DEBUG] [MainThread] [systray_widget/systray.py:498]: Updating current state
2025-11-28 02:58:30,309 [DEBUG] [MainThread] [systray_widget/systray.py:476]: Re-sorting widgets
2025-11-28 02:58:30,309 [DEBUG] [MainThread] [systray_widget/systray.py:498]: Updating current state
2025-11-28 02:58:33,314 [DEBUG] [MainThread] [systray_widget/systray.py:476]: Re-sorting widgets
2025-11-28 02:58:33,314 [DEBUG] [MainThread] [systray_widget/systray.py:498]: Updating current state
2025-11-28 02:59:37,562 [DEBUG] [MainThread] [systray_widget/systray.py:476]: Re-sorting widgets
2025-11-28 02:59:37,562 [DEBUG] [MainThread] [systray_widget/systray.py:498]: Updating current state
2025-11-28 02:59:40,550 [DEBUG] [MainThread] [systray_widget/systray.py:476]: Re-sorting widgets
2025-11-28 02:59:40,550 [DEBUG] [MainThread] [systray_widget/systray.py:498]: Updating current state
2025-11-28 03:00:44,780 [DEBUG] [MainThread] [systray_widget/systray.py:476]: Re-sorting widgets
2025-11-28 03:00:44,780 [DEBUG] [MainThread] [systray_widget/systray.py:498]: Updating current state
2025-11-28 03:00:47,824 [DEBUG] [MainThread] [systray_widget/systray.py:476]: Re-sorting widgets
2025-11-28 03:00:47,824 [DEBUG] [MainThread] [systray_widget/systray.py:498]: Updating current state
2025-11-28 03:01:52,034 [DEBUG] [MainThread] [systray_widget/systray.py:476]: Re-sorting widgets
2025-11-28 03:01:52,034 [DEBUG] [MainThread] [systray_widget/systray.py:498]: Updating current state
2025-11-28 03:01:55,053 [DEBUG] [MainThread] [systray_widget/systray.py:476]: Re-sorting widgets
2025-11-28 03:01:55,053 [DEBUG] [MainThread] [systray_widget/systray.py:498]: Updating current state
2025-11-28 03:02:59,319 [DEBUG] [MainThread] [systray_widget/systray.py:476]: Re-sorting widgets
2025-11-28 03:02:59,319 [DEBUG] [MainThread] [systray_widget/systray.py:498]: Updating current state
2025-11-28 03:03:02,312 [DEBUG] [MainThread] [systray_widget/systray.py:476]: Re-sorting widgets
2025-11-28 03:03:02,312 [DEBUG] [MainThread] [systray_widget/systray.py:498]: Updating current state
2025-11-28 03:04:06,564 [DEBUG] [MainThread] [systray_widget/systray.py:476]: Re-sorting widgets
2025-11-28 03:04:06,564 [DEBUG] [MainThread] [systray_widget/systray.py:498]: Updating current state
2025-11-28 03:04:09,546 [DEBUG] [MainThread] [systray_widget/systray.py:476]: Re-sorting widgets
2025-11-28 03:04:09,546 [DEBUG] [MainThread] [systray_widget/systray.py:498]: Updating current state
2025-11-28 03:05:13,810 [DEBUG] [MainThread] [systray_widget/systray.py:476]: Re-sorting widgets
2025-11-28 03:05:13,810 [DEBUG] [MainThread] [systray_widget/systray.py:498]: Updating current state
2025-11-28 03:05:16,794 [DEBUG] [MainThread] [systray_widget/systray.py:476]: Re-sorting widgets
2025-11-28 03:05:16,794 [DEBUG] [MainThread] [systray_widget/systray.py:498]: Updating current state
2025-11-28 03:06:21,052 [DEBUG] [MainThread] [systray_widget/systray.py:476]: Re-sorting widgets
2025-11-28 03:06:21,052 [DEBUG] [MainThread] [systray_widget/systray.py:498]: Updating current state
2025-11-28 03:06:24,064 [DEBUG] [MainThread] [systray_widget/systray.py:476]: Re-sorting widgets
2025-11-28 03:06:24,064 [DEBUG] [MainThread] [systray_widget/systray.py:498]: Updating current state
2025-11-28 03:07:28,328 [DEBUG] [MainThread] [systray_widget/systray.py:476]: Re-sorting widgets
2025-11-28 03:07:28,328 [DEBUG] [MainThread] [systray_widget/systray.py:498]: Updating current state
2025-11-28 03:07:31,359 [DEBUG] [MainThread] [systray_widget/systray.py:476]: Re-sorting widgets
2025-11-28 03:07:31,359 [DEBUG] [MainThread] [systray_widget/systray.py:498]: Updating current state
2025-11-28 03:08:35,612 [DEBUG] [MainThread] [systray_widget/systray.py:476]: Re-sorting widgets
2025-11-28 03:08:35,612 [DEBUG] [MainThread] [systray_widget/systray.py:498]: Updating current state
2025-11-28 03:08:38,603 [DEBUG] [MainThread] [systray_widget/systray.py:476]: Re-sorting widgets
2025-11-28 03:08:38,603 [DEBUG] [MainThread] [systray_widget/systray.py:498]: Updating current state
2025-11-28 03:09:42,873 [DEBUG] [MainThread] [systray_widget/systray.py:476]: Re-sorting widgets
2025-11-28 03:09:42,873 [DEBUG] [MainThread] [systray_widget/systray.py:498]: Updating current state
2025-11-28 03:09:45,853 [DEBUG] [MainThread] [systray_widget/systray.py:476]: Re-sorting widgets
2025-11-28 03:09:45,854 [DEBUG] [MainThread] [systray_widget/systray.py:498]: Updating current state
2025-11-28 03:10:50,110 [DEBUG] [MainThread] [systray_widget/systray.py:476]: Re-sorting widgets
2025-11-28 03:10:50,110 [DEBUG] [MainThread] [systray_widget/systray.py:498]: Updating current state
2025-11-28 03:10:53,091 [DEBUG] [MainThread] [systray_widget/systray.py:476]: Re-sorting widgets
2025-11-28 03:10:53,092 [DEBUG] [MainThread] [systray_widget/systray.py:498]: Updating current state
2025-11-28 03:11:57,387 [DEBUG] [MainThread] [systray_widget/systray.py:476]: Re-sorting widgets
2025-11-28 03:11:57,387 [DEBUG] [MainThread] [systray_widget/systray.py:498]: Updating current state
2025-11-28 03:12:00,357 [DEBUG] [MainThread] [systray_widget/systray.py:476]: Re-sorting widgets
2025-11-28 03:12:00,357 [DEBUG] [MainThread] [systray_widget/systray.py:498]: Updating current state
2025-11-28 03:13:04,595 [DEBUG] [MainThread] [systray_widget/systray.py:476]: Re-sorting widgets
2025-11-28 03:13:04,596 [DEBUG] [MainThread] [systray_widget/systray.py:498]: Updating current state
2025-11-28 03:13:07,609 [DEBUG] [MainThread] [systray_widget/systray.py:476]: Re-sorting widgets
2025-11-28 03:13:07,610 [DEBUG] [MainThread] [systray_widget/systray.py:498]: Updating current state
2025-11-28 03:14:11,832 [DEBUG] [MainThread] [systray_widget/systray.py:476]: Re-sorting widgets
2025-11-28 03:14:11,833 [DEBUG] [MainThread] [systray_widget/systray.py:498]: Updating current state
2025-11-28 03:14:14,841 [DEBUG] [MainThread] [systray_widget/systray.py:476]: Re-sorting widgets
2025-11-28 03:14:14,843 [DEBUG] [MainThread] [systray_widget/systray.py:498]: Updating current state
2025-11-28 03:15:19,082 [DEBUG] [MainThread] [systray_widget/systray.py:476]: Re-sorting widgets
2025-11-28 03:15:19,083 [DEBUG] [MainThread] [systray_widget/systray.py:498]: Updating current state
2025-11-28 03:15:22,107 [DEBUG] [MainThread] [systray_widget/systray.py:476]: Re-sorting widgets
2025-11-28 03:15:22,107 [DEBUG] [MainThread] [systray_widget/systray.py:498]: Updating current state
2025-11-28 03:16:26,372 [DEBUG] [MainThread] [systray_widget/systray.py:476]: Re-sorting widgets
2025-11-28 03:16:26,372 [DEBUG] [MainThread] [systray_widget/systray.py:498]: Updating current state
2025-11-28 03:16:29,455 [DEBUG] [MainThread] [systray_widget/systray.py:476]: Re-sorting widgets
2025-11-28 03:16:29,457 [DEBUG] [MainThread] [systray_widget/systray.py:498]: Updating current state
2025-11-28 03:17:33,703 [DEBUG] [MainThread] [systray_widget/systray.py:476]: Re-sorting widgets
2025-11-28 03:17:33,704 [DEBUG] [MainThread] [systray_widget/systray.py:498]: Updating current state
2025-11-28 03:17:36,687 [DEBUG] [MainThread] [systray_widget/systray.py:476]: Re-sorting widgets
2025-11-28 03:17:36,687 [DEBUG] [MainThread] [systray_widget/systray.py:498]: Updating current state
2025-11-28 03:18:40,965 [DEBUG] [MainThread] [systray_widget/systray.py:476]: Re-sorting widgets
2025-11-28 03:18:40,966 [DEBUG] [MainThread] [systray_widget/systray.py:498]: Updating current state
2025-11-28 03:18:43,933 [DEBUG] [MainThread] [systray_widget/systray.py:476]: Re-sorting widgets
2025-11-28 03:18:43,933 [DEBUG] [MainThread] [systray_widget/systray.py:498]: Updating current state
2025-11-28 03:19:48,248 [DEBUG] [MainThread] [systray_widget/systray.py:476]: Re-sorting widgets
2025-11-28 03:19:48,249 [DEBUG] [MainThread] [systray_widget/systray.py:498]: Updating current state
2025-11-28 03:19:51,157 [DEBUG] [MainThread] [systray_widget/systray.py:476]: Re-sorting widgets
2025-11-28 03:19:51,157 [DEBUG] [MainThread] [systray_widget/systray.py:498]: Updating current state
2025-11-28 03:20:55,435 [DEBUG] [MainThread] [systray_widget/systray.py:476]: Re-sorting widgets
2025-11-28 03:20:55,435 [DEBUG] [MainThread] [systray_widget/systray.py:498]: Updating current state
2025-11-28 03:20:58,436 [DEBUG] [MainThread] [systray_widget/systray.py:476]: Re-sorting widgets
2025-11-28 03:20:58,436 [DEBUG] [MainThread] [systray_widget/systray.py:498]: Updating current state
2025-11-28 03:22:02,699 [DEBUG] [MainThread] [systray_widget/systray.py:476]: Re-sorting widgets
2025-11-28 03:22:02,699 [DEBUG] [MainThread] [systray_widget/systray.py:498]: Updating current state
2025-11-28 03:22:05,673 [DEBUG] [MainThread] [systray_widget/systray.py:476]: Re-sorting widgets
2025-11-28 03:22:05,673 [DEBUG] [MainThread] [systray_widget/systray.py:498]: Updating current state
2025-11-28 03:23:09,936 [DEBUG] [MainThread] [systray_widget/systray.py:476]: Re-sorting widgets
2025-11-28 03:23:09,937 [DEBUG] [MainThread] [systray_widget/systray.py:498]: Updating current state
2025-11-28 03:23:12,940 [DEBUG] [MainThread] [systray_widget/systray.py:476]: Re-sorting widgets
2025-11-28 03:23:12,940 [DEBUG] [MainThread] [systray_widget/systray.py:498]: Updating current state
2025-11-28 03:24:17,192 [DEBUG] [MainThread] [systray_widget/systray.py:476]: Re-sorting widgets
2025-11-28 03:24:17,193 [DEBUG] [MainThread] [systray_widget/systray.py:498]: Updating current state
2025-11-28 03:24:20,183 [DEBUG] [MainThread] [systray_widget/systray.py:476]: Re-sorting widgets
2025-11-28 03:24:20,183 [DEBUG] [MainThread] [systray_widget/systray.py:498]: Updating current state
2025-11-28 03:25:24,452 [DEBUG] [MainThread] [systray_widget/systray.py:476]: Re-sorting widgets
2025-11-28 03:25:24,452 [DEBUG] [MainThread] [systray_widget/systray.py:498]: Updating current state
2025-11-28 03:25:27,465 [DEBUG] [MainThread] [systray_widget/systray.py:476]: Re-sorting widgets
2025-11-28 03:25:27,465 [DEBUG] [MainThread] [systray_widget/systray.py:498]: Updating current state
2025-11-28 03:26:31,703 [DEBUG] [MainThread] [systray_widget/systray.py:476]: Re-sorting widgets
2025-11-28 03:26:31,703 [DEBUG] [MainThread] [systray_widget/systray.py:498]: Updating current state
2025-11-28 03:26:34,695 [DEBUG] [MainThread] [systray_widget/systray.py:476]: Re-sorting widgets
2025-11-28 03:26:34,695 [DEBUG] [MainThread] [systray_widget/systray.py:498]: Updating current state
2025-11-28 03:27:38,937 [DEBUG] [MainThread] [systray_widget/systray.py:476]: Re-sorting widgets
2025-11-28 03:27:38,938 [DEBUG] [MainThread] [systray_widget/systray.py:498]: Updating current state
2025-11-28 03:27:41,953 [DEBUG] [MainThread] [systray_widget/systray.py:476]: Re-sorting widgets
2025-11-28 03:27:41,953 [DEBUG] [MainThread] [systray_widget/systray.py:498]: Updating current state
2025-11-28 03:28:46,189 [DEBUG] [MainThread] [systray_widget/systray.py:476]: Re-sorting widgets
2025-11-28 03:28:46,189 [DEBUG] [MainThread] [systray_widget/systray.py:498]: Updating current state
2025-11-28 03:28:49,187 [DEBUG] [MainThread] [systray_widget/systray.py:476]: Re-sorting widgets
2025-11-28 03:28:49,187 [DEBUG] [MainThread] [systray_widget/systray.py:498]: Updating current state
2025-11-28 03:29:53,467 [DEBUG] [MainThread] [systray_widget/systray.py:476]: Re-sorting widgets
2025-11-28 03:29:53,469 [DEBUG] [MainThread] [systray_widget/systray.py:498]: Updating current state
2025-11-28 03:29:56,445 [DEBUG] [MainThread] [systray_widget/systray.py:476]: Re-sorting widgets
2025-11-28 03:29:56,445 [DEBUG] [MainThread] [systray_widget/systray.py:498]: Updating current state
2025-11-28 03:31:00,718 [DEBUG] [MainThread] [systray_widget/systray.py:476]: Re-sorting widgets
2025-11-28 03:31:00,718 [DEBUG] [MainThread] [systray_widget/systray.py:498]: Updating current state
2025-11-28 03:31:03,715 [DEBUG] [MainThread] [systray_widget/systray.py:476]: Re-sorting widgets
2025-11-28 03:31:03,715 [DEBUG] [MainThread] [systray_widget/systray.py:498]: Updating current state
2025-11-28 03:32:07,965 [DEBUG] [MainThread] [systray_widget/systray.py:476]: Re-sorting widgets
2025-11-28 03:32:07,965 [DEBUG] [MainThread] [systray_widget/systray.py:498]: Updating current state
2025-11-28 03:32:10,952 [DEBUG] [MainThread] [systray_widget/systray.py:476]: Re-sorting widgets
2025-11-28 03:32:10,953 [DEBUG] [MainThread] [systray_widget/systray.py:498]: Updating current state
2025-11-28 03:33:15,185 [DEBUG] [MainThread] [systray_widget/systray.py:476]: Re-sorting widgets
2025-11-28 03:33:15,185 [DEBUG] [MainThread] [systray_widget/systray.py:498]: Updating current state
2025-11-28 03:33:18,207 [DEBUG] [MainThread] [systray_widget/systray.py:476]: Re-sorting widgets
2025-11-28 03:33:18,209 [DEBUG] [MainThread] [systray_widget/systray.py:498]: Updating current state
2025-11-28 03:34:22,485 [DEBUG] [MainThread] [systray_widget/systray.py:476]: Re-sorting widgets
2025-11-28 03:34:22,485 [DEBUG] [MainThread] [systray_widget/systray.py:498]: Updating current state
2025-11-28 03:34:25,454 [DEBUG] [MainThread] [systray_widget/systray.py:476]: Re-sorting widgets
2025-11-28 03:34:25,455 [DEBUG] [MainThread] [systray_widget/systray.py:498]: Updating current state
2025-11-28 03:35:29,719 [DEBUG] [MainThread] [systray_widget/systray.py:476]: Re-sorting widgets
2025-11-28 03:35:29,721 [DEBUG] [MainThread] [systray_widget/systray.py:498]: Updating current state
2025-11-28 03:35:32,706 [DEBUG] [MainThread] [systray_widget/systray.py:476]: Re-sorting widgets
2025-11-28 03:35:32,707 [DEBUG] [MainThread] [systray_widget/systray.py:498]: Updating current state
2025-11-28 03:36:36,974 [DEBUG] [MainThread] [systray_widget/systray.py:476]: Re-sorting widgets
2025-11-28 03:36:36,974 [DEBUG] [MainThread] [systray_widget/systray.py:498]: Updating current state
2025-11-28 03:36:39,953 [DEBUG] [MainThread] [systray_widget/systray.py:476]: Re-sorting widgets
2025-11-28 03:36:39,953 [DEBUG] [MainThread] [systray_widget/systray.py:498]: Updating current state
2025-11-28 03:37:44,235 [DEBUG] [MainThread] [systray_widget/systray.py:476]: Re-sorting widgets
2025-11-28 03:37:44,235 [DEBUG] [MainThread] [systray_widget/systray.py:498]: Updating current state
2025-11-28 03:37:47,229 [DEBUG] [MainThread] [systray_widget/systray.py:476]: Re-sorting widgets
2025-11-28 03:37:47,229 [DEBUG] [MainThread] [systray_widget/systray.py:498]: Updating current state
2025-11-28 03:38:51,478 [DEBUG] [MainThread] [systray_widget/systray.py:476]: Re-sorting widgets
2025-11-28 03:38:51,478 [DEBUG] [MainThread] [systray_widget/systray.py:498]: Updating current state
2025-11-28 03:38:54,489 [DEBUG] [MainThread] [systray_widget/systray.py:476]: Re-sorting widgets
2025-11-28 03:38:54,490 [DEBUG] [MainThread] [systray_widget/systray.py:498]: Updating current state
2025-11-28 03:39:58,719 [DEBUG] [MainThread] [systray_widget/systray.py:476]: Re-sorting widgets
2025-11-28 03:39:58,719 [DEBUG] [MainThread] [systray_widget/systray.py:498]: Updating current state
2025-11-28 03:40:01,703 [DEBUG] [MainThread] [systray_widget/systray.py:476]: Re-sorting widgets
2025-11-28 03:40:01,703 [DEBUG] [MainThread] [systray_widget/systray.py:498]: Updating current state
2025-11-28 03:41:05,974 [DEBUG] [MainThread] [systray_widget/systray.py:476]: Re-sorting widgets
2025-11-28 03:41:05,974 [DEBUG] [MainThread] [systray_widget/systray.py:498]: Updating current state
2025-11-28 03:41:09,023 [DEBUG] [MainThread] [systray_widget/systray.py:476]: Re-sorting widgets
2025-11-28 03:41:09,023 [DEBUG] [MainThread] [systray_widget/systray.py:498]: Updating current state
2025-11-28 03:42:13,233 [DEBUG] [MainThread] [systray_widget/systray.py:476]: Re-sorting widgets
2025-11-28 03:42:13,233 [DEBUG] [MainThread] [systray_widget/systray.py:498]: Updating current state
2025-11-28 03:42:16,236 [DEBUG] [MainThread] [systray_widget/systray.py:476]: Re-sorting widgets
2025-11-28 03:42:16,236 [DEBUG] [MainThread] [systray_widget/systray.py:498]: Updating current state
2025-11-28 03:43:20,483 [DEBUG] [MainThread] [systray_widget/systray.py:476]: Re-sorting widgets
2025-11-28 03:43:20,483 [DEBUG] [MainThread] [systray_widget/systray.py:498]: Updating current state
2025-11-28 03:43:23,507 [DEBUG] [MainThread] [systray_widget/systray.py:476]: Re-sorting widgets
2025-11-28 03:43:23,508 [DEBUG] [MainThread] [systray_widget/systray.py:498]: Updating current state
2025-11-28 03:44:27,722 [DEBUG] [MainThread] [systray_widget/systray.py:476]: Re-sorting widgets
2025-11-28 03:44:27,722 [DEBUG] [MainThread] [systray_widget/systray.py:498]: Updating current state
2025-11-28 03:44:30,718 [DEBUG] [MainThread] [systray_widget/systray.py:476]: Re-sorting widgets
2025-11-28 03:44:30,718 [DEBUG] [MainThread] [systray_widget/systray.py:498]: Updating current state
2025-11-28 03:45:34,958 [DEBUG] [MainThread] [systray_widget/systray.py:476]: Re-sorting widgets
2025-11-28 03:45:34,959 [DEBUG] [MainThread] [systray_widget/systray.py:498]: Updating current state
2025-11-28 03:45:37,938 [DEBUG] [MainThread] [systray_widget/systray.py:476]: Re-sorting widgets
2025-11-28 03:45:37,938 [DEBUG] [MainThread] [systray_widget/systray.py:498]: Updating current state
2025-11-28 03:46:42,205 [DEBUG] [MainThread] [systray_widget/systray.py:476]: Re-sorting widgets
2025-11-28 03:46:42,205 [DEBUG] [MainThread] [systray_widget/systray.py:498]: Updating current state
2025-11-28 03:46:45,210 [DEBUG] [MainThread] [systray_widget/systray.py:476]: Re-sorting widgets
2025-11-28 03:46:45,210 [DEBUG] [MainThread] [systray_widget/systray.py:498]: Updating current state
2025-11-28 03:47:49,498 [DEBUG] [MainThread] [systray_widget/systray.py:476]: Re-sorting widgets
2025-11-28 03:47:49,500 [DEBUG] [MainThread] [systray_widget/systray.py:498]: Updating current state
2025-11-28 03:47:52,545 [DEBUG] [MainThread] [systray_widget/systray.py:476]: Re-sorting widgets
2025-11-28 03:47:52,545 [DEBUG] [MainThread] [systray_widget/systray.py:498]: Updating current state
2025-11-28 03:48:56,743 [DEBUG] [MainThread] [systray_widget/systray.py:476]: Re-sorting widgets
2025-11-28 03:48:56,744 [DEBUG] [MainThread] [systray_widget/systray.py:498]: Updating current state
2025-11-28 03:48:59,735 [DEBUG] [MainThread] [systray_widget/systray.py:476]: Re-sorting widgets
2025-11-28 03:48:59,735 [DEBUG] [MainThread] [systray_widget/systray.py:498]: Updating current state
2025-11-28 03:50:04,050 [DEBUG] [MainThread] [systray_widget/systray.py:476]: Re-sorting widgets
2025-11-28 03:50:04,050 [DEBUG] [MainThread] [systray_widget/systray.py:498]: Updating current state
2025-11-28 03:50:06,998 [DEBUG] [MainThread] [systray_widget/systray.py:476]: Re-sorting widgets
2025-11-28 03:50:06,998 [DEBUG] [MainThread] [systray_widget/systray.py:498]: Updating current state
2025-11-28 03:51:11,239 [DEBUG] [MainThread] [systray_widget/systray.py:476]: Re-sorting widgets
2025-11-28 03:51:11,239 [DEBUG] [MainThread] [systray_widget/systray.py:498]: Updating current state
2025-11-28 03:51:14,234 [DEBUG] [MainThread] [systray_widget/systray.py:476]: Re-sorting widgets
2025-11-28 03:51:14,234 [DEBUG] [MainThread] [systray_widget/systray.py:498]: Updating current state
2025-11-28 03:52:18,517 [DEBUG] [MainThread] [systray_widget/systray.py:476]: Re-sorting widgets
2025-11-28 03:52:18,517 [DEBUG] [MainThread] [systray_widget/systray.py:498]: Updating current state
2025-11-28 03:52:21,501 [DEBUG] [MainThread] [systray_widget/systray.py:476]: Re-sorting widgets
2025-11-28 03:52:21,503 [DEBUG] [MainThread] [systray_widget/systray.py:498]: Updating current state
2025-11-28 03:53:25,765 [DEBUG] [MainThread] [systray_widget/systray.py:476]: Re-sorting widgets
2025-11-28 03:53:25,769 [DEBUG] [MainThread] [systray_widget/systray.py:498]: Updating current state
2025-11-28 03:53:28,767 [DEBUG] [MainThread] [systray_widget/systray.py:476]: Re-sorting widgets
2025-11-28 03:53:28,767 [DEBUG] [MainThread] [systray_widget/systray.py:498]: Updating current state
2025-11-28 03:54:32,984 [DEBUG] [MainThread] [systray_widget/systray.py:476]: Re-sorting widgets
2025-11-28 03:54:32,984 [DEBUG] [MainThread] [systray_widget/systray.py:498]: Updating current state
2025-11-28 03:54:36,006 [DEBUG] [MainThread] [systray_widget/systray.py:476]: Re-sorting widgets
2025-11-28 03:54:36,007 [DEBUG] [MainThread] [systray_widget/systray.py:498]: Updating current state
2025-11-28 03:55:40,272 [DEBUG] [MainThread] [systray_widget/systray.py:476]: Re-sorting widgets
2025-11-28 03:55:40,274 [DEBUG] [MainThread] [systray_widget/systray.py:498]: Updating current state
2025-11-28 03:55:43,270 [DEBUG] [MainThread] [systray_widget/systray.py:476]: Re-sorting widgets
2025-11-28 03:55:43,270 [DEBUG] [MainThread] [systray_widget/systray.py:498]: Updating current state
2025-11-28 03:56:47,573 [DEBUG] [MainThread] [systray_widget/systray.py:476]: Re-sorting widgets
2025-11-28 03:56:47,573 [DEBUG] [MainThread] [systray_widget/systray.py:498]: Updating current state
2025-11-28 03:56:50,527 [DEBUG] [MainThread] [systray_widget/systray.py:476]: Re-sorting widgets
2025-11-28 03:56:50,528 [DEBUG] [MainThread] [systray_widget/systray.py:498]: Updating current state
2025-11-28 03:57:54,811 [DEBUG] [MainThread] [systray_widget/systray.py:476]: Re-sorting widgets
2025-11-28 03:57:54,813 [DEBUG] [MainThread] [systray_widget/systray.py:498]: Updating current state
2025-11-28 03:57:57,823 [DEBUG] [MainThread] [systray_widget/systray.py:476]: Re-sorting widgets
2025-11-28 03:57:57,823 [DEBUG] [MainThread] [systray_widget/systray.py:498]: Updating current state
2025-11-28 03:59:02,049 [DEBUG] [MainThread] [systray_widget/systray.py:476]: Re-sorting widgets
2025-11-28 03:59:02,050 [DEBUG] [MainThread] [systray_widget/systray.py:498]: Updating current state
2025-11-28 03:59:05,046 [DEBUG] [MainThread] [systray_widget/systray.py:476]: Re-sorting widgets
2025-11-28 03:59:05,046 [DEBUG] [MainThread] [systray_widget/systray.py:498]: Updating current state
2025-11-28 04:00:09,267 [DEBUG] [MainThread] [systray_widget/systray.py:476]: Re-sorting widgets
2025-11-28 04:00:09,267 [DEBUG] [MainThread] [systray_widget/systray.py:498]: Updating current state
2025-11-28 04:00:12,269 [DEBUG] [MainThread] [systray_widget/systray.py:476]: Re-sorting widgets
2025-11-28 04:00:12,269 [DEBUG] [MainThread] [systray_widget/systray.py:498]: Updating current state
2025-11-28 04:01:16,527 [DEBUG] [MainThread] [systray_widget/systray.py:476]: Re-sorting widgets
2025-11-28 04:01:16,527 [DEBUG] [MainThread] [systray_widget/systray.py:498]: Updating current state
2025-11-28 04:01:19,544 [DEBUG] [MainThread] [systray_widget/systray.py:476]: Re-sorting widgets
2025-11-28 04:01:19,546 [DEBUG] [MainThread] [systray_widget/systray.py:498]: Updating current state
2025-11-28 04:02:23,789 [DEBUG] [MainThread] [systray_widget/systray.py:476]: Re-sorting widgets
2025-11-28 04:02:23,789 [DEBUG] [MainThread] [systray_widget/systray.py:498]: Updating current state
2025-11-28 04:02:26,828 [DEBUG] [MainThread] [systray_widget/systray.py:476]: Re-sorting widgets
2025-11-28 04:02:26,828 [DEBUG] [MainThread] [systray_widget/systray.py:498]: Updating current state
2025-11-28 04:03:31,016 [DEBUG] [MainThread] [systray_widget/systray.py:476]: Re-sorting widgets
2025-11-28 04:03:31,016 [DEBUG] [MainThread] [systray_widget/systray.py:498]: Updating current state
2025-11-28 04:03:34,014 [DEBUG] [MainThread] [systray_widget/systray.py:476]: Re-sorting widgets
2025-11-28 04:03:34,015 [DEBUG] [MainThread] [systray_widget/systray.py:498]: Updating current state
2025-11-28 04:04:38,265 [DEBUG] [MainThread] [systray_widget/systray.py:476]: Re-sorting widgets
2025-11-28 04:04:38,266 [DEBUG] [MainThread] [systray_widget/systray.py:498]: Updating current state
2025-11-28 04:04:41,270 [DEBUG] [MainThread] [systray_widget/systray.py:476]: Re-sorting widgets
2025-11-28 04:04:41,272 [DEBUG] [MainThread] [systray_widget/systray.py:498]: Updating current state
2025-11-28 04:05:45,553 [DEBUG] [MainThread] [systray_widget/systray.py:476]: Re-sorting widgets
2025-11-28 04:05:45,554 [DEBUG] [MainThread] [systray_widget/systray.py:498]: Updating current state
2025-11-28 04:05:48,544 [DEBUG] [MainThread] [systray_widget/systray.py:476]: Re-sorting widgets
2025-11-28 04:05:48,544 [DEBUG] [MainThread] [systray_widget/systray.py:498]: Updating current state
2025-11-28 04:06:52,798 [DEBUG] [MainThread] [systray_widget/systray.py:476]: Re-sorting widgets
2025-11-28 04:06:52,800 [DEBUG] [MainThread] [systray_widget/systray.py:498]: Updating current state
2025-11-28 04:06:55,842 [DEBUG] [MainThread] [systray_widget/systray.py:476]: Re-sorting widgets
2025-11-28 04:06:55,843 [DEBUG] [MainThread] [systray_widget/systray.py:498]: Updating current state
2025-11-28 04:08:00,069 [DEBUG] [MainThread] [systray_widget/systray.py:476]: Re-sorting widgets
2025-11-28 04:08:00,069 [DEBUG] [MainThread] [systray_widget/systray.py:498]: Updating current state
2025-11-28 04:08:03,060 [DEBUG] [MainThread] [systray_widget/systray.py:476]: Re-sorting widgets
2025-11-28 04:08:03,061 [DEBUG] [MainThread] [systray_widget/systray.py:498]: Updating current state
2025-11-28 04:09:07,309 [DEBUG] [MainThread] [systray_widget/systray.py:476]: Re-sorting widgets
2025-11-28 04:09:07,311 [DEBUG] [MainThread] [systray_widget/systray.py:498]: Updating current state
2025-11-28 04:09:10,310 [DEBUG] [MainThread] [systray_widget/systray.py:476]: Re-sorting widgets
2025-11-28 04:09:10,310 [DEBUG] [MainThread] [systray_widget/systray.py:498]: Updating current state
2025-11-28 04:10:14,627 [DEBUG] [MainThread] [systray_widget/systray.py:476]: Re-sorting widgets
2025-11-28 04:10:14,629 [DEBUG] [MainThread] [systray_widget/systray.py:498]: Updating current state
2025-11-28 04:10:17,572 [DEBUG] [MainThread] [systray_widget/systray.py:476]: Re-sorting widgets
2025-11-28 04:10:17,572 [DEBUG] [MainThread] [systray_widget/systray.py:498]: Updating current state
2025-11-28 04:11:21,810 [DEBUG] [MainThread] [systray_widget/systray.py:476]: Re-sorting widgets
2025-11-28 04:11:21,810 [DEBUG] [MainThread] [systray_widget/systray.py:498]: Updating current state
2025-11-28 04:11:24,831 [DEBUG] [MainThread] [systray_widget/systray.py:476]: Re-sorting widgets
2025-11-28 04:11:24,831 [DEBUG] [MainThread] [systray_widget/systray.py:498]: Updating current state
2025-11-28 04:12:29,055 [DEBUG] [MainThread] [systray_widget/systray.py:476]: Re-sorting widgets
2025-11-28 04:12:29,055 [DEBUG] [MainThread] [systray_widget/systray.py:498]: Updating current state
2025-11-28 04:12:32,067 [DEBUG] [MainThread] [systray_widget/systray.py:476]: Re-sorting widgets
2025-11-28 04:12:32,067 [DEBUG] [MainThread] [systray_widget/systray.py:498]: Updating current state
2025-11-28 04:13:36,310 [DEBUG] [MainThread] [systray_widget/systray.py:476]: Re-sorting widgets
2025-11-28 04:13:36,310 [DEBUG] [MainThread] [systray_widget/systray.py:498]: Updating current state
2025-11-28 04:13:39,312 [DEBUG] [MainThread] [systray_widget/systray.py:476]: Re-sorting widgets
2025-11-28 04:13:39,312 [DEBUG] [MainThread] [systray_widget/systray.py:498]: Updating current state
2025-11-28 04:14:43,601 [DEBUG] [MainThread] [systray_widget/systray.py:476]: Re-sorting widgets
2025-11-28 04:14:43,602 [DEBUG] [MainThread] [systray_widget/systray.py:498]: Updating current state
2025-11-28 04:14:46,593 [DEBUG] [MainThread] [systray_widget/systray.py:476]: Re-sorting widgets
2025-11-28 04:14:46,593 [DEBUG] [MainThread] [systray_widget/systray.py:498]: Updating current state
2025-11-28 04:15:50,812 [DEBUG] [MainThread] [systray_widget/systray.py:476]: Re-sorting widgets
2025-11-28 04:15:50,812 [DEBUG] [MainThread] [systray_widget/systray.py:498]: Updating current state
2025-11-28 04:15:53,795 [DEBUG] [MainThread] [systray_widget/systray.py:476]: Re-sorting widgets
2025-11-28 04:15:53,795 [DEBUG] [MainThread] [systray_widget/systray.py:498]: Updating current state
2025-11-28 04:16:58,071 [DEBUG] [MainThread] [systray_widget/systray.py:476]: Re-sorting widgets
2025-11-28 04:16:58,071 [DEBUG] [MainThread] [systray_widget/systray.py:498]: Updating current state
2025-11-28 04:17:01,065 [DEBUG] [MainThread] [systray_widget/systray.py:476]: Re-sorting widgets
2025-11-28 04:17:01,065 [DEBUG] [MainThread] [systray_widget/systray.py:498]: Updating current state
2025-11-28 04:18:05,360 [DEBUG] [MainThread] [systray_widget/systray.py:476]: Re-sorting widgets
2025-11-28 04:18:05,360 [DEBUG] [MainThread] [systray_widget/systray.py:498]: Updating current state
2025-11-28 04:18:08,318 [DEBUG] [MainThread] [systray_widget/systray.py:476]: Re-sorting widgets
2025-11-28 04:18:08,318 [DEBUG] [MainThread] [systray_widget/systray.py:498]: Updating current state
2025-11-28 04:19:12,591 [DEBUG] [MainThread] [systray_widget/systray.py:476]: Re-sorting widgets
2025-11-28 04:19:12,592 [DEBUG] [MainThread] [systray_widget/systray.py:498]: Updating current state
2025-11-28 04:19:15,578 [DEBUG] [MainThread] [systray_widget/systray.py:476]: Re-sorting widgets
2025-11-28 04:19:15,579 [DEBUG] [MainThread] [systray_widget/systray.py:498]: Updating current state
2025-11-28 04:20:19,819 [DEBUG] [MainThread] [systray_widget/systray.py:476]: Re-sorting widgets
2025-11-28 04:20:19,819 [DEBUG] [MainThread] [systray_widget/systray.py:498]: Updating current state
2025-11-28 04:20:22,816 [DEBUG] [MainThread] [systray_widget/systray.py:476]: Re-sorting widgets
2025-11-28 04:20:22,816 [DEBUG] [MainThread] [systray_widget/systray.py:498]: Updating current state
2025-11-28 04:21:27,060 [DEBUG] [MainThread] [systray_widget/systray.py:476]: Re-sorting widgets
2025-11-28 04:21:27,060 [DEBUG] [MainThread] [systray_widget/systray.py:498]: Updating current state
2025-11-28 04:21:30,057 [DEBUG] [MainThread] [systray_widget/systray.py:476]: Re-sorting widgets
2025-11-28 04:21:30,057 [DEBUG] [MainThread] [systray_widget/systray.py:498]: Updating current state
2025-11-28 04:22:34,332 [DEBUG] [MainThread] [systray_widget/systray.py:476]: Re-sorting widgets
2025-11-28 04:22:34,332 [DEBUG] [MainThread] [systray_widget/systray.py:498]: Updating current state
2025-11-28 04:22:37,311 [DEBUG] [MainThread] [systray_widget/systray.py:476]: Re-sorting widgets
2025-11-28 04:22:37,311 [DEBUG] [MainThread] [systray_widget/systray.py:498]: Updating current state
2025-11-28 04:23:41,577 [DEBUG] [MainThread] [systray_widget/systray.py:476]: Re-sorting widgets
2025-11-28 04:23:41,577 [DEBUG] [MainThread] [systray_widget/systray.py:498]: Updating current state
2025-11-28 04:23:44,678 [DEBUG] [MainThread] [systray_widget/systray.py:476]: Re-sorting widgets
2025-11-28 04:23:44,678 [DEBUG] [MainThread] [systray_widget/systray.py:498]: Updating current state
2025-11-28 04:24:48,915 [DEBUG] [MainThread] [systray_widget/systray.py:476]: Re-sorting widgets
2025-11-28 04:24:48,915 [DEBUG] [MainThread] [systray_widget/systray.py:498]: Updating current state
2025-11-28 04:24:51,889 [DEBUG] [MainThread] [systray_widget/systray.py:476]: Re-sorting widgets
2025-11-28 04:24:51,889 [DEBUG] [MainThread] [systray_widget/systray.py:498]: Updating current state
2025-11-28 04:25:56,224 [DEBUG] [MainThread] [systray_widget/systray.py:476]: Re-sorting widgets
2025-11-28 04:25:56,224 [DEBUG] [MainThread] [systray_widget/systray.py:498]: Updating current state
2025-11-28 04:25:59,164 [DEBUG] [MainThread] [systray_widget/systray.py:476]: Re-sorting widgets
2025-11-28 04:25:59,164 [DEBUG] [MainThread] [systray_widget/systray.py:498]: Updating current state
2025-11-28 04:27:03,435 [DEBUG] [MainThread] [systray_widget/systray.py:476]: Re-sorting widgets
2025-11-28 04:27:03,435 [DEBUG] [MainThread] [systray_widget/systray.py:498]: Updating current state
2025-11-28 04:27:06,420 [DEBUG] [MainThread] [systray_widget/systray.py:476]: Re-sorting widgets
2025-11-28 04:27:06,421 [DEBUG] [MainThread] [systray_widget/systray.py:498]: Updating current state
2025-11-28 04:28:10,693 [DEBUG] [MainThread] [systray_widget/systray.py:476]: Re-sorting widgets
2025-11-28 04:28:10,693 [DEBUG] [MainThread] [systray_widget/systray.py:498]: Updating current state
2025-11-28 04:28:13,693 [DEBUG] [MainThread] [systray_widget/systray.py:476]: Re-sorting widgets
2025-11-28 04:28:13,694 [DEBUG] [MainThread] [systray_widget/systray.py:498]: Updating current state
2025-11-28 04:29:17,957 [DEBUG] [MainThread] [systray_widget/systray.py:476]: Re-sorting widgets
2025-11-28 04:29:17,958 [DEBUG] [MainThread] [systray_widget/systray.py:498]: Updating current state
2025-11-28 04:29:21,001 [DEBUG] [MainThread] [systray_widget/systray.py:476]: Re-sorting widgets
2025-11-28 04:29:21,002 [DEBUG] [MainThread] [systray_widget/systray.py:498]: Updating current state
2025-11-28 04:30:25,201 [DEBUG] [MainThread] [systray_widget/systray.py:476]: Re-sorting widgets
2025-11-28 04:30:25,202 [DEBUG] [MainThread] [systray_widget/systray.py:498]: Updating current state
2025-11-28 04:30:28,198 [DEBUG] [MainThread] [systray_widget/systray.py:476]: Re-sorting widgets
2025-11-28 04:30:28,198 [DEBUG] [MainThread] [systray_widget/systray.py:498]: Updating current state
2025-11-28 04:31:32,455 [DEBUG] [MainThread] [systray_widget/systray.py:476]: Re-sorting widgets
2025-11-28 04:31:32,456 [DEBUG] [MainThread] [systray_widget/systray.py:498]: Updating current state
2025-11-28 04:31:35,472 [DEBUG] [MainThread] [systray_widget/systray.py:476]: Re-sorting widgets
2025-11-28 04:31:35,473 [DEBUG] [MainThread] [systray_widget/systray.py:498]: Updating current state
2025-11-28 04:32:39,718 [DEBUG] [MainThread] [systray_widget/systray.py:476]: Re-sorting widgets
2025-11-28 04:32:39,718 [DEBUG] [MainThread] [systray_widget/systray.py:498]: Updating current state
2025-11-28 04:32:42,703 [DEBUG] [MainThread] [systray_widget/systray.py:476]: Re-sorting widgets
2025-11-28 04:32:42,703 [DEBUG] [MainThread] [systray_widget/systray.py:498]: Updating current state
2025-11-28 04:33:46,944 [DEBUG] [MainThread] [systray_widget/systray.py:476]: Re-sorting widgets
2025-11-28 04:33:46,944 [DEBUG] [MainThread] [systray_widget/systray.py:498]: Updating current state
2025-11-28 04:33:49,947 [DEBUG] [MainThread] [systray_widget/systray.py:476]: Re-sorting widgets
2025-11-28 04:33:49,947 [DEBUG] [MainThread] [systray_widget/systray.py:498]: Updating current state
2025-11-28 04:34:54,193 [DEBUG] [MainThread] [systray_widget/systray.py:476]: Re-sorting widgets
2025-11-28 04:34:54,193 [DEBUG] [MainThread] [systray_widget/systray.py:498]: Updating current state
2025-11-28 04:34:57,201 [DEBUG] [MainThread] [systray_widget/systray.py:476]: Re-sorting widgets
2025-11-28 04:34:57,201 [DEBUG] [MainThread] [systray_widget/systray.py:498]: Updating current state
2025-11-28 04:36:01,441 [DEBUG] [MainThread] [systray_widget/systray.py:476]: Re-sorting widgets
2025-11-28 04:36:01,443 [DEBUG] [MainThread] [systray_widget/systray.py:498]: Updating current state
2025-11-28 04:36:04,472 [DEBUG] [MainThread] [systray_widget/systray.py:476]: Re-sorting widgets
2025-11-28 04:36:04,472 [DEBUG] [MainThread] [systray_widget/systray.py:498]: Updating current state
2025-11-28 04:37:08,716 [DEBUG] [MainThread] [systray_widget/systray.py:476]: Re-sorting widgets
2025-11-28 04:37:08,717 [DEBUG] [MainThread] [systray_widget/systray.py:498]: Updating current state
2025-11-28 04:37:11,717 [DEBUG] [MainThread] [systray_widget/systray.py:476]: Re-sorting widgets
2025-11-28 04:37:11,717 [DEBUG] [MainThread] [systray_widget/systray.py:498]: Updating current state
2025-11-28 04:38:15,953 [DEBUG] [MainThread] [systray_widget/systray.py:476]: Re-sorting widgets
2025-11-28 04:38:15,953 [DEBUG] [MainThread] [systray_widget/systray.py:498]: Updating current state
2025-11-28 04:38:18,998 [DEBUG] [MainThread] [systray_widget/systray.py:476]: Re-sorting widgets
2025-11-28 04:38:18,998 [DEBUG] [MainThread] [systray_widget/systray.py:498]: Updating current state
2025-11-28 04:39:23,270 [DEBUG] [MainThread] [systray_widget/systray.py:476]: Re-sorting widgets
2025-11-28 04:39:23,271 [DEBUG] [MainThread] [systray_widget/systray.py:498]: Updating current state
2025-11-28 04:39:26,253 [DEBUG] [MainThread] [systray_widget/systray.py:476]: Re-sorting widgets
2025-11-28 04:39:26,253 [DEBUG] [MainThread] [systray_widget/systray.py:498]: Updating current state
2025-11-28 04:40:30,519 [DEBUG] [MainThread] [systray_widget/systray.py:476]: Re-sorting widgets
2025-11-28 04:40:30,519 [DEBUG] [MainThread] [systray_widget/systray.py:498]: Updating current state
2025-11-28 04:40:33,515 [DEBUG] [MainThread] [systray_widget/systray.py:476]: Re-sorting widgets
2025-11-28 04:40:33,515 [DEBUG] [MainThread] [systray_widget/systray.py:498]: Updating current state
2025-11-28 04:41:37,808 [DEBUG] [MainThread] [systray_widget/systray.py:476]: Re-sorting widgets
2025-11-28 04:41:37,808 [DEBUG] [MainThread] [systray_widget/systray.py:498]: Updating current state
2025-11-28 04:41:40,787 [DEBUG] [MainThread] [systray_widget/systray.py:476]: Re-sorting widgets
2025-11-28 04:41:40,788 [DEBUG] [MainThread] [systray_widget/systray.py:498]: Updating current state
2025-11-28 04:42:45,013 [DEBUG] [MainThread] [systray_widget/systray.py:476]: Re-sorting widgets
2025-11-28 04:42:45,014 [DEBUG] [MainThread] [systray_widget/systray.py:498]: Updating current state
2025-11-28 04:42:48,040 [DEBUG] [MainThread] [systray_widget/systray.py:476]: Re-sorting widgets
2025-11-28 04:42:48,040 [DEBUG] [MainThread] [systray_widget/systray.py:498]: Updating current state
2025-11-28 04:43:52,260 [DEBUG] [MainThread] [systray_widget/systray.py:476]: Re-sorting widgets
2025-11-28 04:43:52,260 [DEBUG] [MainThread] [systray_widget/systray.py:498]: Updating current state
2025-11-28 04:43:55,262 [DEBUG] [MainThread] [systray_widget/systray.py:476]: Re-sorting widgets
2025-11-28 04:43:55,262 [DEBUG] [MainThread] [systray_widget/systray.py:498]: Updating current state
2025-11-28 04:44:59,521 [DEBUG] [MainThread] [systray_widget/systray.py:476]: Re-sorting widgets
2025-11-28 04:44:59,522 [DEBUG] [MainThread] [systray_widget/systray.py:498]: Updating current state
2025-11-28 04:45:02,507 [DEBUG] [MainThread] [systray_widget/systray.py:476]: Re-sorting widgets
2025-11-28 04:45:02,507 [DEBUG] [MainThread] [systray_widget/systray.py:498]: Updating current state
2025-11-28 04:46:06,782 [DEBUG] [MainThread] [systray_widget/systray.py:476]: Re-sorting widgets
2025-11-28 04:46:06,782 [DEBUG] [MainThread] [systray_widget/systray.py:498]: Updating current state
2025-11-28 04:46:09,800 [DEBUG] [MainThread] [systray_widget/systray.py:476]: Re-sorting widgets
2025-11-28 04:46:09,800 [DEBUG] [MainThread] [systray_widget/systray.py:498]: Updating current state
2025-11-28 04:47:14,038 [DEBUG] [MainThread] [systray_widget/systray.py:476]: Re-sorting widgets
2025-11-28 04:47:14,038 [DEBUG] [MainThread] [systray_widget/systray.py:498]: Updating current state
2025-11-28 04:47:17,080 [DEBUG] [MainThread] [systray_widget/systray.py:476]: Re-sorting widgets
2025-11-28 04:47:17,080 [DEBUG] [MainThread] [systray_widget/systray.py:498]: Updating current state
2025-11-28 04:48:21,362 [DEBUG] [MainThread] [systray_widget/systray.py:476]: Re-sorting widgets
2025-11-28 04:48:21,362 [DEBUG] [MainThread] [systray_widget/systray.py:498]: Updating current state
2025-11-28 04:48:24,397 [DEBUG] [MainThread] [systray_widget/systray.py:476]: Re-sorting widgets
2025-11-28 04:48:24,397 [DEBUG] [MainThread] [systray_widget/systray.py:498]: Updating current state
2025-11-28 04:49:28,719 [DEBUG] [MainThread] [systray_widget/systray.py:476]: Re-sorting widgets
2025-11-28 04:49:28,720 [DEBUG] [MainThread] [systray_widget/systray.py:498]: Updating current state
2025-11-28 04:49:31,623 [DEBUG] [MainThread] [systray_widget/systray.py:476]: Re-sorting widgets
2025-11-28 04:49:31,623 [DEBUG] [MainThread] [systray_widget/systray.py:498]: Updating current state
2025-11-28 04:50:35,868 [DEBUG] [MainThread] [systray_widget/systray.py:476]: Re-sorting widgets
2025-11-28 04:50:35,868 [DEBUG] [MainThread] [systray_widget/systray.py:498]: Updating current state
2025-11-28 04:50:38,861 [DEBUG] [MainThread] [systray_widget/systray.py:476]: Re-sorting widgets
2025-11-28 04:50:38,861 [DEBUG] [MainThread] [systray_widget/systray.py:498]: Updating current state
2025-11-28 04:51:43,108 [DEBUG] [MainThread] [systray_widget/systray.py:476]: Re-sorting widgets
2025-11-28 04:51:43,108 [DEBUG] [MainThread] [systray_widget/systray.py:498]: Updating current state
2025-11-28 04:51:46,099 [DEBUG] [MainThread] [systray_widget/systray.py:476]: Re-sorting widgets
2025-11-28 04:51:46,099 [DEBUG] [MainThread] [systray_widget/systray.py:498]: Updating current state
2025-11-28 04:52:50,365 [DEBUG] [MainThread] [systray_widget/systray.py:476]: Re-sorting widgets
2025-11-28 04:52:50,365 [DEBUG] [MainThread] [systray_widget/systray.py:498]: Updating current state
2025-11-28 04:52:53,353 [DEBUG] [MainThread] [systray_widget/systray.py:476]: Re-sorting widgets
2025-11-28 04:52:53,353 [DEBUG] [MainThread] [systray_widget/systray.py:498]: Updating current state
2025-11-28 04:53:57,593 [DEBUG] [MainThread] [systray_widget/systray.py:476]: Re-sorting widgets
2025-11-28 04:53:57,594 [DEBUG] [MainThread] [systray_widget/systray.py:498]: Updating current state
2025-11-28 04:54:00,612 [DEBUG] [MainThread] [systray_widget/systray.py:476]: Re-sorting widgets
2025-11-28 04:54:00,612 [DEBUG] [MainThread] [systray_widget/systray.py:498]: Updating current state
2025-11-28 04:55:04,856 [DEBUG] [MainThread] [systray_widget/systray.py:476]: Re-sorting widgets
2025-11-28 04:55:04,856 [DEBUG] [MainThread] [systray_widget/systray.py:498]: Updating current state
2025-11-28 04:55:07,907 [DEBUG] [MainThread] [systray_widget/systray.py:476]: Re-sorting widgets
2025-11-28 04:55:07,907 [DEBUG] [MainThread] [systray_widget/systray.py:498]: Updating current state
2025-11-28 04:56:12,156 [DEBUG] [MainThread] [systray_widget/systray.py:476]: Re-sorting widgets
2025-11-28 04:56:12,156 [DEBUG] [MainThread] [systray_widget/systray.py:498]: Updating current state
2025-11-28 04:56:15,167 [DEBUG] [MainThread] [systray_widget/systray.py:476]: Re-sorting widgets
2025-11-28 04:56:15,168 [DEBUG] [MainThread] [systray_widget/systray.py:498]: Updating current state
2025-11-28 04:57:19,434 [DEBUG] [MainThread] [systray_widget/systray.py:476]: Re-sorting widgets
2025-11-28 04:57:19,434 [DEBUG] [MainThread] [systray_widget/systray.py:498]: Updating current state
2025-11-28 04:57:22,424 [DEBUG] [MainThread] [systray_widget/systray.py:476]: Re-sorting widgets
2025-11-28 04:57:22,424 [DEBUG] [MainThread] [systray_widget/systray.py:498]: Updating current state
2025-11-28 04:58:26,741 [DEBUG] [MainThread] [systray_widget/systray.py:476]: Re-sorting widgets
2025-11-28 04:58:26,741 [DEBUG] [MainThread] [systray_widget/systray.py:498]: Updating current state
2025-11-28 04:58:29,687 [DEBUG] [MainThread] [systray_widget/systray.py:476]: Re-sorting widgets
2025-11-28 04:58:29,687 [DEBUG] [MainThread] [systray_widget/systray.py:498]: Updating current state
2025-11-28 04:59:33,936 [DEBUG] [MainThread] [systray_widget/systray.py:476]: Re-sorting widgets
2025-11-28 04:59:33,936 [DEBUG] [MainThread] [systray_widget/systray.py:498]: Updating current state
2025-11-28 04:59:36,981 [DEBUG] [MainThread] [systray_widget/systray.py:476]: Re-sorting widgets
2025-11-28 04:59:36,982 [DEBUG] [MainThread] [systray_widget/systray.py:498]: Updating current state
2025-11-28 05:00:41,207 [DEBUG] [MainThread] [systray_widget/systray.py:476]: Re-sorting widgets
2025-11-28 05:00:41,207 [DEBUG] [MainThread] [systray_widget/systray.py:498]: Updating current state
2025-11-28 05:00:44,197 [DEBUG] [MainThread] [systray_widget/systray.py:476]: Re-sorting widgets
2025-11-28 05:00:44,197 [DEBUG] [MainThread] [systray_widget/systray.py:498]: Updating current state
2025-11-28 05:01:48,446 [DEBUG] [MainThread] [systray_widget/systray.py:476]: Re-sorting widgets
2025-11-28 05:01:48,447 [DEBUG] [MainThread] [systray_widget/systray.py:498]: Updating current state
2025-11-28 05:01:51,422 [DEBUG] [MainThread] [systray_widget/systray.py:476]: Re-sorting widgets
2025-11-28 05:01:51,422 [DEBUG] [MainThread] [systray_widget/systray.py:498]: Updating current state
2025-11-28 05:02:55,704 [DEBUG] [MainThread] [systray_widget/systray.py:476]: Re-sorting widgets
2025-11-28 05:02:55,706 [DEBUG] [MainThread] [systray_widget/systray.py:498]: Updating current state
2025-11-28 05:02:58,686 [DEBUG] [MainThread] [systray_widget/systray.py:476]: Re-sorting widgets
2025-11-28 05:02:58,686 [DEBUG] [MainThread] [systray_widget/systray.py:498]: Updating current state
2025-11-28 05:04:02,932 [DEBUG] [MainThread] [systray_widget/systray.py:476]: Re-sorting widgets
2025-11-28 05:04:02,933 [DEBUG] [MainThread] [systray_widget/systray.py:498]: Updating current state
2025-11-28 05:04:05,992 [DEBUG] [MainThread] [systray_widget/systray.py:476]: Re-sorting widgets
2025-11-28 05:04:05,992 [DEBUG] [MainThread] [systray_widget/systray.py:498]: Updating current state
2025-11-28 05:05:10,252 [DEBUG] [MainThread] [systray_widget/systray.py:476]: Re-sorting widgets
2025-11-28 05:05:10,253 [DEBUG] [MainThread] [systray_widget/systray.py:498]: Updating current state
2025-11-28 05:05:13,346 [DEBUG] [MainThread] [systray_widget/systray.py:476]: Re-sorting widgets
2025-11-28 05:05:13,346 [DEBUG] [MainThread] [systray_widget/systray.py:498]: Updating current state
2025-11-28 05:06:17,594 [DEBUG] [MainThread] [systray_widget/systray.py:476]: Re-sorting widgets
2025-11-28 05:06:17,594 [DEBUG] [MainThread] [systray_widget/systray.py:498]: Updating current state
2025-11-28 05:06:20,626 [DEBUG] [MainThread] [systray_widget/systray.py:476]: Re-sorting widgets
2025-11-28 05:06:20,626 [DEBUG] [MainThread] [systray_widget/systray.py:498]: Updating current state
2025-11-28 05:07:24,832 [DEBUG] [MainThread] [systray_widget/systray.py:476]: Re-sorting widgets
2025-11-28 05:07:24,832 [DEBUG] [MainThread] [systray_widget/systray.py:498]: Updating current state
2025-11-28 05:07:27,826 [DEBUG] [MainThread] [systray_widget/systray.py:476]: Re-sorting widgets
2025-11-28 05:07:27,826 [DEBUG] [MainThread] [systray_widget/systray.py:498]: Updating current state
2025-11-28 05:08:32,122 [DEBUG] [MainThread] [systray_widget/systray.py:476]: Re-sorting widgets
2025-11-28 05:08:32,123 [DEBUG] [MainThread] [systray_widget/systray.py:498]: Updating current state
2025-11-28 05:08:35,153 [DEBUG] [MainThread] [systray_widget/systray.py:476]: Re-sorting widgets
2025-11-28 05:08:35,153 [DEBUG] [MainThread] [systray_widget/systray.py:498]: Updating current state
2025-11-28 05:09:39,360 [DEBUG] [MainThread] [systray_widget/systray.py:476]: Re-sorting widgets
2025-11-28 05:09:39,361 [DEBUG] [MainThread] [systray_widget/systray.py:498]: Updating current state
2025-11-28 05:09:42,353 [DEBUG] [MainThread] [systray_widget/systray.py:476]: Re-sorting widgets
2025-11-28 05:09:42,353 [DEBUG] [MainThread] [systray_widget/systray.py:498]: Updating current state
2025-11-28 05:10:46,595 [DEBUG] [MainThread] [systray_widget/systray.py:476]: Re-sorting widgets
2025-11-28 05:10:46,596 [DEBUG] [MainThread] [systray_widget/systray.py:498]: Updating current state
2025-11-28 05:10:49,595 [DEBUG] [MainThread] [systray_widget/systray.py:476]: Re-sorting widgets
2025-11-28 05:10:49,600 [DEBUG] [MainThread] [systray_widget/systray.py:498]: Updating current state
2025-11-28 05:11:53,814 [DEBUG] [MainThread] [systray_widget/systray.py:476]: Re-sorting widgets
2025-11-28 05:11:53,814 [DEBUG] [MainThread] [systray_widget/systray.py:498]: Updating current state
2025-11-28 05:11:56,814 [DEBUG] [MainThread] [systray_widget/systray.py:476]: Re-sorting widgets
2025-11-28 05:11:56,816 [DEBUG] [MainThread] [systray_widget/systray.py:498]: Updating current state
2025-11-28 05:13:01,000 [DEBUG] [MainThread] [systray_widget/systray.py:476]: Re-sorting widgets
2025-11-28 05:13:01,000 [DEBUG] [MainThread] [systray_widget/systray.py:498]: Updating current state
2025-11-28 05:13:04,078 [DEBUG] [MainThread] [systray_widget/systray.py:476]: Re-sorting widgets
2025-11-28 05:13:04,078 [DEBUG] [MainThread] [systray_widget/systray.py:498]: Updating current state
2025-11-28 05:14:08,303 [DEBUG] [MainThread] [systray_widget/systray.py:476]: Re-sorting widgets
2025-11-28 05:14:08,303 [DEBUG] [MainThread] [systray_widget/systray.py:498]: Updating current state
2025-11-28 05:14:11,333 [DEBUG] [MainThread] [systray_widget/systray.py:476]: Re-sorting widgets
2025-11-28 05:14:11,333 [DEBUG] [MainThread] [systray_widget/systray.py:498]: Updating current state
2025-11-28 05:15:15,572 [DEBUG] [MainThread] [systray_widget/systray.py:476]: Re-sorting widgets
2025-11-28 05:15:15,574 [DEBUG] [MainThread] [systray_widget/systray.py:498]: Updating current state
2025-11-28 05:15:18,566 [DEBUG] [MainThread] [systray_widget/systray.py:476]: Re-sorting widgets
2025-11-28 05:15:18,566 [DEBUG] [MainThread] [systray_widget/systray.py:498]: Updating current state
2025-11-28 05:16:22,783 [DEBUG] [MainThread] [systray_widget/systray.py:476]: Re-sorting widgets
2025-11-28 05:16:22,784 [DEBUG] [MainThread] [systray_widget/systray.py:498]: Updating current state
2025-11-28 05:16:25,800 [DEBUG] [MainThread] [systray_widget/systray.py:476]: Re-sorting widgets
2025-11-28 05:16:25,800 [DEBUG] [MainThread] [systray_widget/systray.py:498]: Updating current state
2025-11-28 05:17:30,033 [DEBUG] [MainThread] [systray_widget/systray.py:476]: Re-sorting widgets
2025-11-28 05:17:30,034 [DEBUG] [MainThread] [systray_widget/systray.py:498]: Updating current state
2025-11-28 05:17:33,035 [DEBUG] [MainThread] [systray_widget/systray.py:476]: Re-sorting widgets
2025-11-28 05:17:33,036 [DEBUG] [MainThread] [systray_widget/systray.py:498]: Updating current state
2025-11-28 05:18:37,311 [DEBUG] [MainThread] [systray_widget/systray.py:476]: Re-sorting widgets
2025-11-28 05:18:37,312 [DEBUG] [MainThread] [systray_widget/systray.py:498]: Updating current state
2025-11-28 05:18:40,318 [DEBUG] [MainThread] [systray_widget/systray.py:476]: Re-sorting widgets
2025-11-28 05:18:40,319 [DEBUG] [MainThread] [systray_widget/systray.py:498]: Updating current state
2025-11-28 05:19:44,561 [DEBUG] [MainThread] [systray_widget/systray.py:476]: Re-sorting widgets
2025-11-28 05:19:44,561 [DEBUG] [MainThread] [systray_widget/systray.py:498]: Updating current state
2025-11-28 05:19:47,568 [DEBUG] [MainThread] [systray_widget/systray.py:476]: Re-sorting widgets
2025-11-28 05:19:47,570 [DEBUG] [MainThread] [systray_widget/systray.py:498]: Updating current state
2025-11-28 05:20:51,797 [DEBUG] [MainThread] [systray_widget/systray.py:476]: Re-sorting widgets
2025-11-28 05:20:51,799 [DEBUG] [MainThread] [systray_widget/systray.py:498]: Updating current state
2025-11-28 05:20:54,779 [DEBUG] [MainThread] [systray_widget/systray.py:476]: Re-sorting widgets
2025-11-28 05:20:54,779 [DEBUG] [MainThread] [systray_widget/systray.py:498]: Updating current state
2025-11-28 05:21:59,053 [DEBUG] [MainThread] [systray_widget/systray.py:476]: Re-sorting widgets
2025-11-28 05:21:59,053 [DEBUG] [MainThread] [systray_widget/systray.py:498]: Updating current state
2025-11-28 05:22:02,046 [DEBUG] [MainThread] [systray_widget/systray.py:476]: Re-sorting widgets
2025-11-28 05:22:02,046 [DEBUG] [MainThread] [systray_widget/systray.py:498]: Updating current state
2025-11-28 05:23:06,282 [DEBUG] [MainThread] [systray_widget/systray.py:476]: Re-sorting widgets
2025-11-28 05:23:06,283 [DEBUG] [MainThread] [systray_widget/systray.py:498]: Updating current state
2025-11-28 05:23:09,303 [DEBUG] [MainThread] [systray_widget/systray.py:476]: Re-sorting widgets
2025-11-28 05:23:09,304 [DEBUG] [MainThread] [systray_widget/systray.py:498]: Updating current state
2025-11-28 05:24:13,675 [DEBUG] [MainThread] [systray_widget/systray.py:476]: Re-sorting widgets
2025-11-28 05:24:13,675 [DEBUG] [MainThread] [systray_widget/systray.py:498]: Updating current state
2025-11-28 05:24:16,641 [DEBUG] [MainThread] [systray_widget/systray.py:476]: Re-sorting widgets
2025-11-28 05:24:16,641 [DEBUG] [MainThread] [systray_widget/systray.py:498]: Updating current state
2025-11-28 05:25:22,550 [DEBUG] [MainThread] [systray_widget/systray.py:476]: Re-sorting widgets
2025-11-28 05:25:22,551 [DEBUG] [MainThread] [systray_widget/systray.py:498]: Updating current state
2025-11-28 05:25:25,557 [DEBUG] [MainThread] [systray_widget/systray.py:476]: Re-sorting widgets
2025-11-28 05:25:25,557 [DEBUG] [MainThread] [systray_widget/systray.py:498]: Updating current state
2025-11-28 05:26:29,811 [DEBUG] [MainThread] [systray_widget/systray.py:476]: Re-sorting widgets
2025-11-28 05:26:29,811 [DEBUG] [MainThread] [systray_widget/systray.py:498]: Updating current state
2025-11-28 05:26:32,804 [DEBUG] [MainThread] [systray_widget/systray.py:476]: Re-sorting widgets
2025-11-28 05:26:32,804 [DEBUG] [MainThread] [systray_widget/systray.py:498]: Updating current state
2025-11-28 05:27:37,067 [DEBUG] [MainThread] [systray_widget/systray.py:476]: Re-sorting widgets
2025-11-28 05:27:37,067 [DEBUG] [MainThread] [systray_widget/systray.py:498]: Updating current state
2025-11-28 05:27:40,063 [DEBUG] [MainThread] [systray_widget/systray.py:476]: Re-sorting widgets
2025-11-28 05:27:40,063 [DEBUG] [MainThread] [systray_widget/systray.py:498]: Updating current state
2025-11-28 05:28:44,338 [DEBUG] [MainThread] [systray_widget/systray.py:476]: Re-sorting widgets
2025-11-28 05:28:44,338 [DEBUG] [MainThread] [systray_widget/systray.py:498]: Updating current state
2025-11-28 05:28:47,329 [DEBUG] [MainThread] [systray_widget/systray.py:476]: Re-sorting widgets
2025-11-28 05:28:47,329 [DEBUG] [MainThread] [systray_widget/systray.py:498]: Updating current state
2025-11-28 05:29:51,579 [DEBUG] [MainThread] [systray_widget/systray.py:476]: Re-sorting widgets
2025-11-28 05:29:51,579 [DEBUG] [MainThread] [systray_widget/systray.py:498]: Updating current state
2025-11-28 05:29:54,573 [DEBUG] [MainThread] [systray_widget/systray.py:476]: Re-sorting widgets
2025-11-28 05:29:54,574 [DEBUG] [MainThread] [systray_widget/systray.py:498]: Updating current state
2025-11-28 05:30:58,839 [DEBUG] [MainThread] [systray_widget/systray.py:476]: Re-sorting widgets
2025-11-28 05:30:58,840 [DEBUG] [MainThread] [systray_widget/systray.py:498]: Updating current state
2025-11-28 05:31:01,847 [DEBUG] [MainThread] [systray_widget/systray.py:476]: Re-sorting widgets
2025-11-28 05:31:01,847 [DEBUG] [MainThread] [systray_widget/systray.py:498]: Updating current state
2025-11-28 05:32:06,093 [DEBUG] [MainThread] [systray_widget/systray.py:476]: Re-sorting widgets
2025-11-28 05:32:06,093 [DEBUG] [MainThread] [systray_widget/systray.py:498]: Updating current state
2025-11-28 05:32:09,110 [DEBUG] [MainThread] [systray_widget/systray.py:476]: Re-sorting widgets
2025-11-28 05:32:09,112 [DEBUG] [MainThread] [systray_widget/systray.py:498]: Updating current state
2025-11-28 05:33:13,375 [DEBUG] [MainThread] [systray_widget/systray.py:476]: Re-sorting widgets
2025-11-28 05:33:13,378 [DEBUG] [MainThread] [systray_widget/systray.py:498]: Updating current state
2025-11-28 05:33:16,380 [DEBUG] [MainThread] [systray_widget/systray.py:476]: Re-sorting widgets
2025-11-28 05:33:16,380 [DEBUG] [MainThread] [systray_widget/systray.py:498]: Updating current state
2025-11-28 05:34:20,639 [DEBUG] [MainThread] [systray_widget/systray.py:476]: Re-sorting widgets
2025-11-28 05:34:20,640 [DEBUG] [MainThread] [systray_widget/systray.py:498]: Updating current state
2025-11-28 05:34:23,622 [DEBUG] [MainThread] [systray_widget/systray.py:476]: Re-sorting widgets
2025-11-28 05:34:23,625 [DEBUG] [MainThread] [systray_widget/systray.py:498]: Updating current state
2025-11-28 05:35:27,825 [DEBUG] [MainThread] [systray_widget/systray.py:476]: Re-sorting widgets
2025-11-28 05:35:27,826 [DEBUG] [MainThread] [systray_widget/systray.py:498]: Updating current state
2025-11-28 05:35:30,874 [DEBUG] [MainThread] [systray_widget/systray.py:476]: Re-sorting widgets
2025-11-28 05:35:30,874 [DEBUG] [MainThread] [systray_widget/systray.py:498]: Updating current state
2025-11-28 05:36:35,079 [DEBUG] [MainThread] [systray_widget/systray.py:476]: Re-sorting widgets
2025-11-28 05:36:35,079 [DEBUG] [MainThread] [systray_widget/systray.py:498]: Updating current state
2025-11-28 05:36:38,124 [DEBUG] [MainThread] [systray_widget/systray.py:476]: Re-sorting widgets
2025-11-28 05:36:38,124 [DEBUG] [MainThread] [systray_widget/systray.py:498]: Updating current state
2025-11-28 05:37:42,403 [DEBUG] [MainThread] [systray_widget/systray.py:476]: Re-sorting widgets
2025-11-28 05:37:42,403 [DEBUG] [MainThread] [systray_widget/systray.py:498]: Updating current state
2025-11-28 05:37:45,379 [DEBUG] [MainThread] [systray_widget/systray.py:476]: Re-sorting widgets
2025-11-28 05:37:45,380 [DEBUG] [MainThread] [systray_widget/systray.py:498]: Updating current state
2025-11-28 05:38:49,703 [DEBUG] [MainThread] [systray_widget/systray.py:476]: Re-sorting widgets
2025-11-28 05:38:49,703 [DEBUG] [MainThread] [systray_widget/systray.py:498]: Updating current state
2025-11-28 05:38:52,626 [DEBUG] [MainThread] [systray_widget/systray.py:476]: Re-sorting widgets
2025-11-28 05:38:52,627 [DEBUG] [MainThread] [systray_widget/systray.py:498]: Updating current state
2025-11-28 05:39:56,847 [DEBUG] [MainThread] [systray_widget/systray.py:476]: Re-sorting widgets
2025-11-28 05:39:56,847 [DEBUG] [MainThread] [systray_widget/systray.py:498]: Updating current state
2025-11-28 05:39:59,842 [DEBUG] [MainThread] [systray_widget/systray.py:476]: Re-sorting widgets
2025-11-28 05:39:59,843 [DEBUG] [MainThread] [systray_widget/systray.py:498]: Updating current state
2025-11-28 05:41:04,103 [DEBUG] [MainThread] [systray_widget/systray.py:476]: Re-sorting widgets
2025-11-28 05:41:04,103 [DEBUG] [MainThread] [systray_widget/systray.py:498]: Updating current state
2025-11-28 05:41:07,077 [DEBUG] [MainThread] [systray_widget/systray.py:476]: Re-sorting widgets
2025-11-28 05:41:07,077 [DEBUG] [MainThread] [systray_widget/systray.py:498]: Updating current state
2025-11-28 05:42:11,336 [DEBUG] [MainThread] [systray_widget/systray.py:476]: Re-sorting widgets
2025-11-28 05:42:11,336 [DEBUG] [MainThread] [systray_widget/systray.py:498]: Updating current state
2025-11-28 05:42:14,328 [DEBUG] [MainThread] [systray_widget/systray.py:476]: Re-sorting widgets
2025-11-28 05:42:14,328 [DEBUG] [MainThread] [systray_widget/systray.py:498]: Updating current state
2025-11-28 05:43:18,600 [DEBUG] [MainThread] [systray_widget/systray.py:476]: Re-sorting widgets
2025-11-28 05:43:18,600 [DEBUG] [MainThread] [systray_widget/systray.py:498]: Updating current state
2025-11-28 05:43:21,639 [DEBUG] [MainThread] [systray_widget/systray.py:476]: Re-sorting widgets
2025-11-28 05:43:21,639 [DEBUG] [MainThread] [systray_widget/systray.py:498]: Updating current state
2025-11-28 05:44:25,907 [DEBUG] [MainThread] [systray_widget/systray.py:476]: Re-sorting widgets
2025-11-28 05:44:25,907 [DEBUG] [MainThread] [systray_widget/systray.py:498]: Updating current state
2025-11-28 05:44:28,859 [DEBUG] [MainThread] [systray_widget/systray.py:476]: Re-sorting widgets
2025-11-28 05:44:28,859 [DEBUG] [MainThread] [systray_widget/systray.py:498]: Updating current state
2025-11-28 05:45:33,124 [DEBUG] [MainThread] [systray_widget/systray.py:476]: Re-sorting widgets
2025-11-28 05:45:33,125 [DEBUG] [MainThread] [systray_widget/systray.py:498]: Updating current state
2025-11-28 05:45:36,107 [DEBUG] [MainThread] [systray_widget/systray.py:476]: Re-sorting widgets
2025-11-28 05:45:36,107 [DEBUG] [MainThread] [systray_widget/systray.py:498]: Updating current state
2025-11-28 05:46:40,373 [DEBUG] [MainThread] [systray_widget/systray.py:476]: Re-sorting widgets
2025-11-28 05:46:40,374 [DEBUG] [MainThread] [systray_widget/systray.py:498]: Updating current state
2025-11-28 05:46:43,389 [DEBUG] [MainThread] [systray_widget/systray.py:476]: Re-sorting widgets
2025-11-28 05:46:43,390 [DEBUG] [MainThread] [systray_widget/systray.py:498]: Updating current state
2025-11-28 05:47:47,625 [DEBUG] [MainThread] [systray_widget/systray.py:476]: Re-sorting widgets
2025-11-28 05:47:47,625 [DEBUG] [MainThread] [systray_widget/systray.py:498]: Updating current state
2025-11-28 05:47:50,623 [DEBUG] [MainThread] [systray_widget/systray.py:476]: Re-sorting widgets
2025-11-28 05:47:50,623 [DEBUG] [MainThread] [systray_widget/systray.py:498]: Updating current state
2025-11-28 05:48:54,879 [DEBUG] [MainThread] [systray_widget/systray.py:476]: Re-sorting widgets
2025-11-28 05:48:54,881 [DEBUG] [MainThread] [systray_widget/systray.py:498]: Updating current state
2025-11-28 05:48:57,858 [DEBUG] [MainThread] [systray_widget/systray.py:476]: Re-sorting widgets
2025-11-28 05:48:57,864 [DEBUG] [MainThread] [systray_widget/systray.py:498]: Updating current state
2025-11-28 05:50:02,114 [DEBUG] [MainThread] [systray_widget/systray.py:476]: Re-sorting widgets
2025-11-28 05:50:02,114 [DEBUG] [MainThread] [systray_widget/systray.py:498]: Updating current state
2025-11-28 05:50:05,171 [DEBUG] [MainThread] [systray_widget/systray.py:476]: Re-sorting widgets
2025-11-28 05:50:05,172 [DEBUG] [MainThread] [systray_widget/systray.py:498]: Updating current state
2025-11-28 05:51:09,410 [DEBUG] [MainThread] [systray_widget/systray.py:476]: Re-sorting widgets
2025-11-28 05:51:09,411 [DEBUG] [MainThread] [systray_widget/systray.py:498]: Updating current state
2025-11-28 05:51:12,409 [DEBUG] [MainThread] [systray_widget/systray.py:476]: Re-sorting widgets
2025-11-28 05:51:12,409 [DEBUG] [MainThread] [systray_widget/systray.py:498]: Updating current state
2025-11-28 05:52:16,695 [DEBUG] [MainThread] [systray_widget/systray.py:476]: Re-sorting widgets
2025-11-28 05:52:16,696 [DEBUG] [MainThread] [systray_widget/systray.py:498]: Updating current state
2025-11-28 05:52:19,675 [DEBUG] [MainThread] [systray_widget/systray.py:476]: Re-sorting widgets
2025-11-28 05:52:19,675 [DEBUG] [MainThread] [systray_widget/systray.py:498]: Updating current state
2025-11-28 05:53:23,973 [DEBUG] [MainThread] [systray_widget/systray.py:476]: Re-sorting widgets
2025-11-28 05:53:23,974 [DEBUG] [MainThread] [systray_widget/systray.py:498]: Updating current state
2025-11-28 05:53:26,962 [DEBUG] [MainThread] [systray_widget/systray.py:476]: Re-sorting widgets
2025-11-28 05:53:26,963 [DEBUG] [MainThread] [systray_widget/systray.py:498]: Updating current state
2025-11-28 05:54:31,173 [DEBUG] [MainThread] [systray_widget/systray.py:476]: Re-sorting widgets
2025-11-28 05:54:31,173 [DEBUG] [MainThread] [systray_widget/systray.py:498]: Updating current state
2025-11-28 05:54:34,174 [DEBUG] [MainThread] [systray_widget/systray.py:476]: Re-sorting widgets
2025-11-28 05:54:34,174 [DEBUG] [MainThread] [systray_widget/systray.py:498]: Updating current state
2025-11-28 05:55:38,423 [DEBUG] [MainThread] [systray_widget/systray.py:476]: Re-sorting widgets
2025-11-28 05:55:38,424 [DEBUG] [MainThread] [systray_widget/systray.py:498]: Updating current state
2025-11-28 05:55:41,428 [DEBUG] [MainThread] [systray_widget/systray.py:476]: Re-sorting widgets
2025-11-28 05:55:41,429 [DEBUG] [MainThread] [systray_widget/systray.py:498]: Updating current state
2025-11-28 05:56:45,674 [DEBUG] [MainThread] [systray_widget/systray.py:476]: Re-sorting widgets
2025-11-28 05:56:45,675 [DEBUG] [MainThread] [systray_widget/systray.py:498]: Updating current state
2025-11-28 05:56:48,703 [DEBUG] [MainThread] [systray_widget/systray.py:476]: Re-sorting widgets
2025-11-28 05:56:48,706 [DEBUG] [MainThread] [systray_widget/systray.py:498]: Updating current state
2025-11-28 05:57:52,943 [DEBUG] [MainThread] [systray_widget/systray.py:476]: Re-sorting widgets
2025-11-28 05:57:52,945 [DEBUG] [MainThread] [systray_widget/systray.py:498]: Updating current state
2025-11-28 05:57:55,944 [DEBUG] [MainThread] [systray_widget/systray.py:476]: Re-sorting widgets
2025-11-28 05:57:55,944 [DEBUG] [MainThread] [systray_widget/systray.py:498]: Updating current state
2025-11-28 05:59:00,203 [DEBUG] [MainThread] [systray_widget/systray.py:476]: Re-sorting widgets
2025-11-28 05:59:00,204 [DEBUG] [MainThread] [systray_widget/systray.py:498]: Updating current state
2025-11-28 05:59:03,233 [DEBUG] [MainThread] [systray_widget/systray.py:476]: Re-sorting widgets
2025-11-28 05:59:03,235 [DEBUG] [MainThread] [systray_widget/systray.py:498]: Updating current state
2025-11-28 06:00:07,453 [DEBUG] [MainThread] [systray_widget/systray.py:476]: Re-sorting widgets
2025-11-28 06:00:07,454 [DEBUG] [MainThread] [systray_widget/systray.py:498]: Updating current state
2025-11-28 06:00:10,459 [DEBUG] [MainThread] [systray_widget/systray.py:476]: Re-sorting widgets
2025-11-28 06:00:10,459 [DEBUG] [MainThread] [systray_widget/systray.py:498]: Updating current state
2025-11-28 06:01:14,740 [DEBUG] [MainThread] [systray_widget/systray.py:476]: Re-sorting widgets
2025-11-28 06:01:14,740 [DEBUG] [MainThread] [systray_widget/systray.py:498]: Updating current state
2025-11-28 06:01:17,720 [DEBUG] [MainThread] [systray_widget/systray.py:476]: Re-sorting widgets
2025-11-28 06:01:17,722 [DEBUG] [MainThread] [systray_widget/systray.py:498]: Updating current state
2025-11-28 06:02:21,984 [DEBUG] [MainThread] [systray_widget/systray.py:476]: Re-sorting widgets
2025-11-28 06:02:21,984 [DEBUG] [MainThread] [systray_widget/systray.py:498]: Updating current state
2025-11-28 06:02:25,049 [DEBUG] [MainThread] [systray_widget/systray.py:476]: Re-sorting widgets
2025-11-28 06:02:25,049 [DEBUG] [MainThread] [systray_widget/systray.py:498]: Updating current state
2025-11-28 06:03:29,247 [DEBUG] [MainThread] [systray_widget/systray.py:476]: Re-sorting widgets
2025-11-28 06:03:29,247 [DEBUG] [MainThread] [systray_widget/systray.py:498]: Updating current state
2025-11-28 06:03:32,265 [DEBUG] [MainThread] [systray_widget/systray.py:476]: Re-sorting widgets
2025-11-28 06:03:32,265 [DEBUG] [MainThread] [systray_widget/systray.py:498]: Updating current state
2025-11-28 06:04:36,483 [DEBUG] [MainThread] [systray_widget/systray.py:476]: Re-sorting widgets
2025-11-28 06:04:36,483 [DEBUG] [MainThread] [systray_widget/systray.py:498]: Updating current state
2025-11-28 06:04:39,498 [DEBUG] [MainThread] [systray_widget/systray.py:476]: Re-sorting widgets
2025-11-28 06:04:39,499 [DEBUG] [MainThread] [systray_widget/systray.py:498]: Updating current state
2025-11-28 06:05:43,756 [DEBUG] [MainThread] [systray_widget/systray.py:476]: Re-sorting widgets
2025-11-28 06:05:43,756 [DEBUG] [MainThread] [systray_widget/systray.py:498]: Updating current state
2025-11-28 06:05:46,753 [DEBUG] [MainThread] [systray_widget/systray.py:476]: Re-sorting widgets
2025-11-28 06:05:46,753 [DEBUG] [MainThread] [systray_widget/systray.py:498]: Updating current state
2025-11-28 06:06:51,029 [DEBUG] [MainThread] [systray_widget/systray.py:476]: Re-sorting widgets
2025-11-28 06:06:51,030 [DEBUG] [MainThread] [systray_widget/systray.py:498]: Updating current state
2025-11-28 06:06:54,010 [DEBUG] [MainThread] [systray_widget/systray.py:476]: Re-sorting widgets
2025-11-28 06:06:54,010 [DEBUG] [MainThread] [systray_widget/systray.py:498]: Updating current state
2025-11-28 06:07:58,296 [DEBUG] [MainThread] [systray_widget/systray.py:476]: Re-sorting widgets
2025-11-28 06:07:58,296 [DEBUG] [MainThread] [systray_widget/systray.py:498]: Updating current state
2025-11-28 06:08:01,339 [DEBUG] [MainThread] [systray_widget/systray.py:476]: Re-sorting widgets
2025-11-28 06:08:01,339 [DEBUG] [MainThread] [systray_widget/systray.py:498]: Updating current state
2025-11-28 06:09:05,528 [DEBUG] [MainThread] [systray_widget/systray.py:476]: Re-sorting widgets
2025-11-28 06:09:05,529 [DEBUG] [MainThread] [systray_widget/systray.py:498]: Updating current state
2025-11-28 06:09:08,534 [DEBUG] [MainThread] [systray_widget/systray.py:476]: Re-sorting widgets
2025-11-28 06:09:08,535 [DEBUG] [MainThread] [systray_widget/systray.py:498]: Updating current state
2025-11-28 06:10:12,858 [DEBUG] [MainThread] [systray_widget/systray.py:476]: Re-sorting widgets
2025-11-28 06:10:12,858 [DEBUG] [MainThread] [systray_widget/systray.py:498]: Updating current state
2025-11-28 06:10:15,801 [DEBUG] [MainThread] [systray_widget/systray.py:476]: Re-sorting widgets
2025-11-28 06:10:15,802 [DEBUG] [MainThread] [systray_widget/systray.py:498]: Updating current state
2025-11-28 06:11:20,029 [DEBUG] [MainThread] [systray_widget/systray.py:476]: Re-sorting widgets
2025-11-28 06:11:20,029 [DEBUG] [MainThread] [systray_widget/systray.py:498]: Updating current state
2025-11-28 06:11:23,040 [DEBUG] [MainThread] [systray_widget/systray.py:476]: Re-sorting widgets
2025-11-28 06:11:23,040 [DEBUG] [MainThread] [systray_widget/systray.py:498]: Updating current state
2025-11-28 06:12:27,338 [DEBUG] [MainThread] [systray_widget/systray.py:476]: Re-sorting widgets
2025-11-28 06:12:27,338 [DEBUG] [MainThread] [systray_widget/systray.py:498]: Updating current state
2025-11-28 06:12:30,286 [DEBUG] [MainThread] [systray_widget/systray.py:476]: Re-sorting widgets
2025-11-28 06:12:30,287 [DEBUG] [MainThread] [systray_widget/systray.py:498]: Updating current state
2025-11-28 06:13:34,533 [DEBUG] [MainThread] [systray_widget/systray.py:476]: Re-sorting widgets
2025-11-28 06:13:34,534 [DEBUG] [MainThread] [systray_widget/systray.py:498]: Updating current state
2025-11-28 06:13:37,528 [DEBUG] [MainThread] [systray_widget/systray.py:476]: Re-sorting widgets
2025-11-28 06:13:37,529 [DEBUG] [MainThread] [systray_widget/systray.py:498]: Updating current state
2025-11-28 06:14:41,787 [DEBUG] [MainThread] [systray_widget/systray.py:476]: Re-sorting widgets
2025-11-28 06:14:41,787 [DEBUG] [MainThread] [systray_widget/systray.py:498]: Updating current state
2025-11-28 06:14:44,772 [DEBUG] [MainThread] [systray_widget/systray.py:476]: Re-sorting widgets
2025-11-28 06:14:44,772 [DEBUG] [MainThread] [systray_widget/systray.py:498]: Updating current state
2025-11-28 06:15:49,031 [DEBUG] [MainThread] [systray_widget/systray.py:476]: Re-sorting widgets
2025-11-28 06:15:49,031 [DEBUG] [MainThread] [systray_widget/systray.py:498]: Updating current state
2025-11-28 06:15:52,082 [DEBUG] [MainThread] [systray_widget/systray.py:476]: Re-sorting widgets
2025-11-28 06:15:52,082 [DEBUG] [MainThread] [systray_widget/systray.py:498]: Updating current state
2025-11-28 06:16:56,278 [DEBUG] [MainThread] [systray_widget/systray.py:476]: Re-sorting widgets
2025-11-28 06:16:56,278 [DEBUG] [MainThread] [systray_widget/systray.py:498]: Updating current state
2025-11-28 06:16:59,265 [DEBUG] [MainThread] [systray_widget/systray.py:476]: Re-sorting widgets
2025-11-28 06:16:59,265 [DEBUG] [MainThread] [systray_widget/systray.py:498]: Updating current state
2025-11-28 06:18:03,549 [DEBUG] [MainThread] [systray_widget/systray.py:476]: Re-sorting widgets
2025-11-28 06:18:03,549 [DEBUG] [MainThread] [systray_widget/systray.py:498]: Updating current state
2025-11-28 06:18:06,513 [DEBUG] [MainThread] [systray_widget/systray.py:476]: Re-sorting widgets
2025-11-28 06:18:06,513 [DEBUG] [MainThread] [systray_widget/systray.py:498]: Updating current state
2025-11-28 06:19:10,763 [DEBUG] [MainThread] [systray_widget/systray.py:476]: Re-sorting widgets
2025-11-28 06:19:10,763 [DEBUG] [MainThread] [systray_widget/systray.py:498]: Updating current state
2025-11-28 06:19:13,805 [DEBUG] [MainThread] [systray_widget/systray.py:476]: Re-sorting widgets
2025-11-28 06:19:13,806 [DEBUG] [MainThread] [systray_widget/systray.py:498]: Updating current state
2025-11-28 06:20:18,038 [DEBUG] [MainThread] [systray_widget/systray.py:476]: Re-sorting widgets
2025-11-28 06:20:18,039 [DEBUG] [MainThread] [systray_widget/systray.py:498]: Updating current state
2025-11-28 06:20:21,002 [DEBUG] [MainThread] [systray_widget/systray.py:476]: Re-sorting widgets
2025-11-28 06:20:21,003 [DEBUG] [MainThread] [systray_widget/systray.py:498]: Updating current state
2025-11-28 06:21:25,279 [DEBUG] [MainThread] [systray_widget/systray.py:476]: Re-sorting widgets
2025-11-28 06:21:25,279 [DEBUG] [MainThread] [systray_widget/systray.py:498]: Updating current state
2025-11-28 06:21:28,276 [DEBUG] [MainThread] [systray_widget/systray.py:476]: Re-sorting widgets
2025-11-28 06:21:28,277 [DEBUG] [MainThread] [systray_widget/systray.py:498]: Updating current state
2025-11-28 06:22:32,533 [DEBUG] [MainThread] [systray_widget/systray.py:476]: Re-sorting widgets
2025-11-28 06:22:32,533 [DEBUG] [MainThread] [systray_widget/systray.py:498]: Updating current state
2025-11-28 06:22:35,545 [DEBUG] [MainThread] [systray_widget/systray.py:476]: Re-sorting widgets
2025-11-28 06:22:35,546 [DEBUG] [MainThread] [systray_widget/systray.py:498]: Updating current state
2025-11-28 06:23:39,788 [DEBUG] [MainThread] [systray_widget/systray.py:476]: Re-sorting widgets
2025-11-28 06:23:39,788 [DEBUG] [MainThread] [systray_widget/systray.py:498]: Updating current state
2025-11-28 06:23:42,780 [DEBUG] [MainThread] [systray_widget/systray.py:476]: Re-sorting widgets
2025-11-28 06:23:42,780 [DEBUG] [MainThread] [systray_widget/systray.py:498]: Updating current state
2025-11-28 06:24:47,065 [DEBUG] [MainThread] [systray_widget/systray.py:476]: Re-sorting widgets
2025-11-28 06:24:47,066 [DEBUG] [MainThread] [systray_widget/systray.py:498]: Updating current state
2025-11-28 06:24:50,082 [DEBUG] [MainThread] [systray_widget/systray.py:476]: Re-sorting widgets
2025-11-28 06:24:50,083 [DEBUG] [MainThread] [systray_widget/systray.py:498]: Updating current state
2025-11-28 06:25:54,314 [DEBUG] [MainThread] [systray_widget/systray.py:476]: Re-sorting widgets
2025-11-28 06:25:54,315 [DEBUG] [MainThread] [systray_widget/systray.py:498]: Updating current state
2025-11-28 06:25:57,326 [DEBUG] [MainThread] [systray_widget/systray.py:476]: Re-sorting widgets
2025-11-28 06:25:57,326 [DEBUG] [MainThread] [systray_widget/systray.py:498]: Updating current state
2025-11-28 06:27:01,560 [DEBUG] [MainThread] [systray_widget/systray.py:476]: Re-sorting widgets
2025-11-28 06:27:01,561 [DEBUG] [MainThread] [systray_widget/systray.py:498]: Updating current state
2025-11-28 06:27:04,530 [DEBUG] [MainThread] [systray_widget/systray.py:476]: Re-sorting widgets
2025-11-28 06:27:04,531 [DEBUG] [MainThread] [systray_widget/systray.py:498]: Updating current state
2025-11-28 06:28:08,782 [DEBUG] [MainThread] [systray_widget/systray.py:476]: Re-sorting widgets
2025-11-28 06:28:08,783 [DEBUG] [MainThread] [systray_widget/systray.py:498]: Updating current state
2025-11-28 06:28:11,833 [DEBUG] [MainThread] [systray_widget/systray.py:476]: Re-sorting widgets
2025-11-28 06:28:11,834 [DEBUG] [MainThread] [systray_widget/systray.py:498]: Updating current state
2025-11-28 06:29:16,044 [DEBUG] [MainThread] [systray_widget/systray.py:476]: Re-sorting widgets
2025-11-28 06:29:16,044 [DEBUG] [MainThread] [systray_widget/systray.py:498]: Updating current state
2025-11-28 06:29:19,077 [DEBUG] [MainThread] [systray_widget/systray.py:476]: Re-sorting widgets
2025-11-28 06:29:19,078 [DEBUG] [MainThread] [systray_widget/systray.py:498]: Updating current state
2025-11-28 06:30:23,343 [DEBUG] [MainThread] [systray_widget/systray.py:476]: Re-sorting widgets
2025-11-28 06:30:23,343 [DEBUG] [MainThread] [systray_widget/systray.py:498]: Updating current state
2025-11-28 06:30:26,334 [DEBUG] [MainThread] [systray_widget/systray.py:476]: Re-sorting widgets
2025-11-28 06:30:26,335 [DEBUG] [MainThread] [systray_widget/systray.py:498]: Updating current state
2025-11-28 06:31:30,565 [DEBUG] [MainThread] [systray_widget/systray.py:476]: Re-sorting widgets
2025-11-28 06:31:30,565 [DEBUG] [MainThread] [systray_widget/systray.py:498]: Updating current state
2025-11-28 06:31:33,582 [DEBUG] [MainThread] [systray_widget/systray.py:476]: Re-sorting widgets
2025-11-28 06:31:33,583 [DEBUG] [MainThread] [systray_widget/systray.py:498]: Updating current state
2025-11-28 06:32:37,826 [DEBUG] [MainThread] [systray_widget/systray.py:476]: Re-sorting widgets
2025-11-28 06:32:37,829 [DEBUG] [MainThread] [systray_widget/systray.py:498]: Updating current state
2025-11-28 06:32:40,812 [DEBUG] [MainThread] [systray_widget/systray.py:476]: Re-sorting widgets
2025-11-28 06:32:40,812 [DEBUG] [MainThread] [systray_widget/systray.py:498]: Updating current state
2025-11-28 06:33:45,077 [DEBUG] [MainThread] [systray_widget/systray.py:476]: Re-sorting widgets
2025-11-28 06:33:45,077 [DEBUG] [MainThread] [systray_widget/systray.py:498]: Updating current state
2025-11-28 06:33:48,067 [DEBUG] [MainThread] [systray_widget/systray.py:476]: Re-sorting widgets
2025-11-28 06:33:48,067 [DEBUG] [MainThread] [systray_widget/systray.py:498]: Updating current state
2025-11-28 06:34:52,327 [DEBUG] [MainThread] [systray_widget/systray.py:476]: Re-sorting widgets
2025-11-28 06:34:52,327 [DEBUG] [MainThread] [systray_widget/systray.py:498]: Updating current state
2025-11-28 06:34:55,334 [DEBUG] [MainThread] [systray_widget/systray.py:476]: Re-sorting widgets
2025-11-28 06:34:55,334 [DEBUG] [MainThread] [systray_widget/systray.py:498]: Updating current state
2025-11-28 06:35:59,577 [DEBUG] [MainThread] [systray_widget/systray.py:476]: Re-sorting widgets
2025-11-28 06:35:59,577 [DEBUG] [MainThread] [systray_widget/systray.py:498]: Updating current state
2025-11-28 06:36:02,632 [DEBUG] [MainThread] [systray_widget/systray.py:476]: Re-sorting widgets
2025-11-28 06:36:02,632 [DEBUG] [MainThread] [systray_widget/systray.py:498]: Updating current state
2025-11-28 06:37:06,861 [DEBUG] [MainThread] [systray_widget/systray.py:476]: Re-sorting widgets
2025-11-28 06:37:06,863 [DEBUG] [MainThread] [systray_widget/systray.py:498]: Updating current state
2025-11-28 06:37:09,843 [DEBUG] [MainThread] [systray_widget/systray.py:476]: Re-sorting widgets
2025-11-28 06:37:09,843 [DEBUG] [MainThread] [systray_widget/systray.py:498]: Updating current state
2025-11-28 06:38:14,094 [DEBUG] [MainThread] [systray_widget/systray.py:476]: Re-sorting widgets
2025-11-28 06:38:14,095 [DEBUG] [MainThread] [systray_widget/systray.py:498]: Updating current state
2025-11-28 06:38:17,083 [DEBUG] [MainThread] [systray_widget/systray.py:476]: Re-sorting widgets
2025-11-28 06:38:17,083 [DEBUG] [MainThread] [systray_widget/systray.py:498]: Updating current state
2025-11-28 06:39:21,326 [DEBUG] [MainThread] [systray_widget/systray.py:476]: Re-sorting widgets
2025-11-28 06:39:21,326 [DEBUG] [MainThread] [systray_widget/systray.py:498]: Updating current state
2025-11-28 06:39:24,372 [DEBUG] [MainThread] [systray_widget/systray.py:476]: Re-sorting widgets
2025-11-28 06:39:24,372 [DEBUG] [MainThread] [systray_widget/systray.py:498]: Updating current state
2025-11-28 06:40:28,652 [DEBUG] [MainThread] [systray_widget/systray.py:476]: Re-sorting widgets
2025-11-28 06:40:28,653 [DEBUG] [MainThread] [systray_widget/systray.py:498]: Updating current state
2025-11-28 06:40:31,648 [DEBUG] [MainThread] [systray_widget/systray.py:476]: Re-sorting widgets
2025-11-28 06:40:31,648 [DEBUG] [MainThread] [systray_widget/systray.py:498]: Updating current state
2025-11-28 06:41:35,957 [DEBUG] [MainThread] [systray_widget/systray.py:476]: Re-sorting widgets
2025-11-28 06:41:35,958 [DEBUG] [MainThread] [systray_widget/systray.py:498]: Updating current state
2025-11-28 06:41:38,883 [DEBUG] [MainThread] [systray_widget/systray.py:476]: Re-sorting widgets
2025-11-28 06:41:38,884 [DEBUG] [MainThread] [systray_widget/systray.py:498]: Updating current state
2025-11-28 06:42:43,129 [DEBUG] [MainThread] [systray_widget/systray.py:476]: Re-sorting widgets
2025-11-28 06:42:43,132 [DEBUG] [MainThread] [systray_widget/systray.py:498]: Updating current state
2025-11-28 06:42:46,143 [DEBUG] [MainThread] [systray_widget/systray.py:476]: Re-sorting widgets
2025-11-28 06:42:46,143 [DEBUG] [MainThread] [systray_widget/systray.py:498]: Updating current state
2025-11-28 06:43:50,416 [DEBUG] [MainThread] [systray_widget/systray.py:476]: Re-sorting widgets
2025-11-28 06:43:50,418 [DEBUG] [MainThread] [systray_widget/systray.py:498]: Updating current state
2025-11-28 06:43:53,425 [DEBUG] [MainThread] [systray_widget/systray.py:476]: Re-sorting widgets
2025-11-28 06:43:53,425 [DEBUG] [MainThread] [systray_widget/systray.py:498]: Updating current state
2025-11-28 06:44:57,640 [DEBUG] [MainThread] [systray_widget/systray.py:476]: Re-sorting widgets
2025-11-28 06:44:57,640 [DEBUG] [MainThread] [systray_widget/systray.py:498]: Updating current state
2025-11-28 06:45:00,655 [DEBUG] [MainThread] [systray_widget/systray.py:476]: Re-sorting widgets
2025-11-28 06:45:00,656 [DEBUG] [MainThread] [systray_widget/systray.py:498]: Updating current state
2025-11-28 06:46:04,877 [DEBUG] [MainThread] [systray_widget/systray.py:476]: Re-sorting widgets
2025-11-28 06:46:04,877 [DEBUG] [MainThread] [systray_widget/systray.py:498]: Updating current state
2025-11-28 06:46:07,876 [DEBUG] [MainThread] [systray_widget/systray.py:476]: Re-sorting widgets
2025-11-28 06:46:07,877 [DEBUG] [MainThread] [systray_widget/systray.py:498]: Updating current state
2025-11-28 06:47:12,137 [DEBUG] [MainThread] [systray_widget/systray.py:476]: Re-sorting widgets
2025-11-28 06:47:12,137 [DEBUG] [MainThread] [systray_widget/systray.py:498]: Updating current state
2025-11-28 06:47:15,153 [DEBUG] [MainThread] [systray_widget/systray.py:476]: Re-sorting widgets
2025-11-28 06:47:15,153 [DEBUG] [MainThread] [systray_widget/systray.py:498]: Updating current state
2025-11-28 06:48:19,429 [DEBUG] [MainThread] [systray_widget/systray.py:476]: Re-sorting widgets
2025-11-28 06:48:19,429 [DEBUG] [MainThread] [systray_widget/systray.py:498]: Updating current state
2025-11-28 06:48:22,349 [DEBUG] [MainThread] [systray_widget/systray.py:476]: Re-sorting widgets
2025-11-28 06:48:22,350 [DEBUG] [MainThread] [systray_widget/systray.py:498]: Updating current state
2025-11-28 06:49:26,643 [DEBUG] [MainThread] [systray_widget/systray.py:476]: Re-sorting widgets
2025-11-28 06:49:26,644 [DEBUG] [MainThread] [systray_widget/systray.py:498]: Updating current state
2025-11-28 06:49:29,629 [DEBUG] [MainThread] [systray_widget/systray.py:476]: Re-sorting widgets
2025-11-28 06:49:29,630 [DEBUG] [MainThread] [systray_widget/systray.py:498]: Updating current state
2025-11-28 06:50:33,890 [DEBUG] [MainThread] [systray_widget/systray.py:476]: Re-sorting widgets
2025-11-28 06:50:33,891 [DEBUG] [MainThread] [systray_widget/systray.py:498]: Updating current state
2025-11-28 06:50:36,887 [DEBUG] [MainThread] [systray_widget/systray.py:476]: Re-sorting widgets
2025-11-28 06:50:36,887 [DEBUG] [MainThread] [systray_widget/systray.py:498]: Updating current state
2025-11-28 06:51:41,127 [DEBUG] [MainThread] [systray_widget/systray.py:476]: Re-sorting widgets
2025-11-28 06:51:41,127 [DEBUG] [MainThread] [systray_widget/systray.py:498]: Updating current state
2025-11-28 06:51:44,141 [DEBUG] [MainThread] [systray_widget/systray.py:476]: Re-sorting widgets
2025-11-28 06:51:44,141 [DEBUG] [MainThread] [systray_widget/systray.py:498]: Updating current state
2025-11-28 06:52:48,747 [DEBUG] [MainThread] [systray_widget/systray.py:476]: Re-sorting widgets
2025-11-28 06:52:48,749 [DEBUG] [MainThread] [systray_widget/systray.py:498]: Updating current state
2025-11-28 06:52:51,754 [DEBUG] [MainThread] [systray_widget/systray.py:476]: Re-sorting widgets
2025-11-28 06:52:51,754 [DEBUG] [MainThread] [systray_widget/systray.py:498]: Updating current state
2025-11-28 06:53:56,033 [DEBUG] [MainThread] [systray_widget/systray.py:476]: Re-sorting widgets
2025-11-28 06:53:56,033 [DEBUG] [MainThread] [systray_widget/systray.py:498]: Updating current state
2025-11-28 06:53:59,012 [DEBUG] [MainThread] [systray_widget/systray.py:476]: Re-sorting widgets
2025-11-28 06:53:59,012 [DEBUG] [MainThread] [systray_widget/systray.py:498]: Updating current state
2025-11-28 06:55:03,277 [DEBUG] [MainThread] [systray_widget/systray.py:476]: Re-sorting widgets
2025-11-28 06:55:03,279 [DEBUG] [MainThread] [systray_widget/systray.py:498]: Updating current state
2025-11-28 06:55:06,263 [DEBUG] [MainThread] [systray_widget/systray.py:476]: Re-sorting widgets
2025-11-28 06:55:06,263 [DEBUG] [MainThread] [systray_widget/systray.py:498]: Updating current state
2025-11-28 06:56:10,531 [DEBUG] [MainThread] [systray_widget/systray.py:476]: Re-sorting widgets
2025-11-28 06:56:10,531 [DEBUG] [MainThread] [systray_widget/systray.py:498]: Updating current state
2025-11-28 06:56:13,534 [DEBUG] [MainThread] [systray_widget/systray.py:476]: Re-sorting widgets
2025-11-28 06:56:13,535 [DEBUG] [MainThread] [systray_widget/systray.py:498]: Updating current state
2025-11-28 06:57:17,791 [DEBUG] [MainThread] [systray_widget/systray.py:476]: Re-sorting widgets
2025-11-28 06:57:17,791 [DEBUG] [MainThread] [systray_widget/systray.py:498]: Updating current state
2025-11-28 06:57:20,785 [DEBUG] [MainThread] [systray_widget/systray.py:476]: Re-sorting widgets
2025-11-28 06:57:20,785 [DEBUG] [MainThread] [systray_widget/systray.py:498]: Updating current state
2025-11-28 06:58:25,033 [DEBUG] [MainThread] [systray_widget/systray.py:476]: Re-sorting widgets
2025-11-28 06:58:25,035 [DEBUG] [MainThread] [systray_widget/systray.py:498]: Updating current state
2025-11-28 06:58:28,046 [DEBUG] [MainThread] [systray_widget/systray.py:476]: Re-sorting widgets
2025-11-28 06:58:28,046 [DEBUG] [MainThread] [systray_widget/systray.py:498]: Updating current state
2025-11-28 06:59:32,326 [DEBUG] [MainThread] [systray_widget/systray.py:476]: Re-sorting widgets
2025-11-28 06:59:32,326 [DEBUG] [MainThread] [systray_widget/systray.py:498]: Updating current state
2025-11-28 06:59:35,319 [DEBUG] [MainThread] [systray_widget/systray.py:476]: Re-sorting widgets
2025-11-28 06:59:35,319 [DEBUG] [MainThread] [systray_widget/systray.py:498]: Updating current state
2025-11-28 07:00:39,535 [DEBUG] [MainThread] [systray_widget/systray.py:476]: Re-sorting widgets
2025-11-28 07:00:39,535 [DEBUG] [MainThread] [systray_widget/systray.py:498]: Updating current state
2025-11-28 07:00:42,529 [DEBUG] [MainThread] [systray_widget/systray.py:476]: Re-sorting widgets
2025-11-28 07:00:42,530 [DEBUG] [MainThread] [systray_widget/systray.py:498]: Updating current state
2025-11-28 07:01:46,782 [DEBUG] [MainThread] [systray_widget/systray.py:476]: Re-sorting widgets
2025-11-28 07:01:46,783 [DEBUG] [MainThread] [systray_widget/systray.py:498]: Updating current state
2025-11-28 07:01:49,776 [DEBUG] [MainThread] [systray_widget/systray.py:476]: Re-sorting widgets
2025-11-28 07:01:49,778 [DEBUG] [MainThread] [systray_widget/systray.py:498]: Updating current state
2025-11-28 07:02:54,023 [DEBUG] [MainThread] [systray_widget/systray.py:476]: Re-sorting widgets
2025-11-28 07:02:54,023 [DEBUG] [MainThread] [systray_widget/systray.py:498]: Updating current state
2025-11-28 07:02:57,015 [DEBUG] [MainThread] [systray_widget/systray.py:476]: Re-sorting widgets
2025-11-28 07:02:57,017 [DEBUG] [MainThread] [systray_widget/systray.py:498]: Updating current state
2025-11-28 07:04:01,299 [DEBUG] [MainThread] [systray_widget/systray.py:476]: Re-sorting widgets
2025-11-28 07:04:01,300 [DEBUG] [MainThread] [systray_widget/systray.py:498]: Updating current state
2025-11-28 07:04:04,294 [DEBUG] [MainThread] [systray_widget/systray.py:476]: Re-sorting widgets
2025-11-28 07:04:04,295 [DEBUG] [MainThread] [systray_widget/systray.py:498]: Updating current state
2025-11-28 07:05:08,571 [DEBUG] [MainThread] [systray_widget/systray.py:476]: Re-sorting widgets
2025-11-28 07:05:08,571 [DEBUG] [MainThread] [systray_widget/systray.py:498]: Updating current state
2025-11-28 07:05:11,639 [DEBUG] [MainThread] [systray_widget/systray.py:476]: Re-sorting widgets
2025-11-28 07:05:11,639 [DEBUG] [MainThread] [systray_widget/systray.py:498]: Updating current state
2025-11-28 07:06:15,857 [DEBUG] [MainThread] [systray_widget/systray.py:476]: Re-sorting widgets
2025-11-28 07:06:15,860 [DEBUG] [MainThread] [systray_widget/systray.py:498]: Updating current state
2025-11-28 07:06:18,857 [DEBUG] [MainThread] [systray_widget/systray.py:476]: Re-sorting widgets
2025-11-28 07:06:18,858 [DEBUG] [MainThread] [systray_widget/systray.py:498]: Updating current state
2025-11-28 07:07:23,156 [DEBUG] [MainThread] [systray_widget/systray.py:476]: Re-sorting widgets
2025-11-28 07:07:23,156 [DEBUG] [MainThread] [systray_widget/systray.py:498]: Updating current state
2025-11-28 07:07:26,097 [DEBUG] [MainThread] [systray_widget/systray.py:476]: Re-sorting widgets
2025-11-28 07:07:26,097 [DEBUG] [MainThread] [systray_widget/systray.py:498]: Updating current state
2025-11-28 07:08:30,356 [DEBUG] [MainThread] [systray_widget/systray.py:476]: Re-sorting widgets
2025-11-28 07:08:30,357 [DEBUG] [MainThread] [systray_widget/systray.py:498]: Updating current state
2025-11-28 07:08:33,356 [DEBUG] [MainThread] [systray_widget/systray.py:476]: Re-sorting widgets
2025-11-28 07:08:33,356 [DEBUG] [MainThread] [systray_widget/systray.py:498]: Updating current state
2025-11-28 07:09:37,629 [DEBUG] [MainThread] [systray_widget/systray.py:476]: Re-sorting widgets
2025-11-28 07:09:37,630 [DEBUG] [MainThread] [systray_widget/systray.py:498]: Updating current state
2025-11-28 07:09:40,658 [DEBUG] [MainThread] [systray_widget/systray.py:476]: Re-sorting widgets
2025-11-28 07:09:40,658 [DEBUG] [MainThread] [systray_widget/systray.py:498]: Updating current state
2025-11-28 07:10:44,862 [DEBUG] [MainThread] [systray_widget/systray.py:476]: Re-sorting widgets
2025-11-28 07:10:44,862 [DEBUG] [MainThread] [systray_widget/systray.py:498]: Updating current state
2025-11-28 07:10:47,857 [DEBUG] [MainThread] [systray_widget/systray.py:476]: Re-sorting widgets
2025-11-28 07:10:47,857 [DEBUG] [MainThread] [systray_widget/systray.py:498]: Updating current state
2025-11-28 07:11:52,108 [DEBUG] [MainThread] [systray_widget/systray.py:476]: Re-sorting widgets
2025-11-28 07:11:52,110 [DEBUG] [MainThread] [systray_widget/systray.py:498]: Updating current state
2025-11-28 07:11:55,105 [DEBUG] [MainThread] [systray_widget/systray.py:476]: Re-sorting widgets
2025-11-28 07:11:55,105 [DEBUG] [MainThread] [systray_widget/systray.py:498]: Updating current state
2025-11-28 07:12:59,357 [DEBUG] [MainThread] [systray_widget/systray.py:476]: Re-sorting widgets
2025-11-28 07:12:59,357 [DEBUG] [MainThread] [systray_widget/systray.py:498]: Updating current state
2025-11-28 07:13:02,382 [DEBUG] [MainThread] [systray_widget/systray.py:476]: Re-sorting widgets
2025-11-28 07:13:02,383 [DEBUG] [MainThread] [systray_widget/systray.py:498]: Updating current state
2025-11-28 07:14:06,673 [DEBUG] [MainThread] [systray_widget/systray.py:476]: Re-sorting widgets
2025-11-28 07:14:06,675 [DEBUG] [MainThread] [systray_widget/systray.py:498]: Updating current state
2025-11-28 07:14:09,722 [DEBUG] [MainThread] [systray_widget/systray.py:476]: Re-sorting widgets
2025-11-28 07:14:09,722 [DEBUG] [MainThread] [systray_widget/systray.py:498]: Updating current state
2025-11-28 07:15:13,953 [DEBUG] [MainThread] [systray_widget/systray.py:476]: Re-sorting widgets
2025-11-28 07:15:13,953 [DEBUG] [MainThread] [systray_widget/systray.py:498]: Updating current state
2025-11-28 07:15:16,982 [DEBUG] [MainThread] [systray_widget/systray.py:476]: Re-sorting widgets
2025-11-28 07:15:16,983 [DEBUG] [MainThread] [systray_widget/systray.py:498]: Updating current state
2025-11-28 07:16:21,229 [DEBUG] [MainThread] [systray_widget/systray.py:476]: Re-sorting widgets
2025-11-28 07:16:21,229 [DEBUG] [MainThread] [systray_widget/systray.py:498]: Updating current state
2025-11-28 07:16:24,197 [DEBUG] [MainThread] [systray_widget/systray.py:476]: Re-sorting widgets
2025-11-28 07:16:24,197 [DEBUG] [MainThread] [systray_widget/systray.py:498]: Updating current state
2025-11-28 07:17:28,515 [DEBUG] [MainThread] [systray_widget/systray.py:476]: Re-sorting widgets
2025-11-28 07:17:28,518 [DEBUG] [MainThread] [systray_widget/systray.py:498]: Updating current state
2025-11-28 07:17:31,443 [DEBUG] [MainThread] [systray_widget/systray.py:476]: Re-sorting widgets
2025-11-28 07:17:31,444 [DEBUG] [MainThread] [systray_widget/systray.py:498]: Updating current state
2025-11-28 07:18:35,705 [DEBUG] [MainThread] [systray_widget/systray.py:476]: Re-sorting widgets
2025-11-28 07:18:35,705 [DEBUG] [MainThread] [systray_widget/systray.py:498]: Updating current state
2025-11-28 07:18:38,712 [DEBUG] [MainThread] [systray_widget/systray.py:476]: Re-sorting widgets
2025-11-28 07:18:38,712 [DEBUG] [MainThread] [systray_widget/systray.py:498]: Updating current state
2025-11-28 07:19:42,931 [DEBUG] [MainThread] [systray_widget/systray.py:476]: Re-sorting widgets
2025-11-28 07:19:42,932 [DEBUG] [MainThread] [systray_widget/systray.py:498]: Updating current state
2025-11-28 07:19:45,935 [DEBUG] [MainThread] [systray_widget/systray.py:476]: Re-sorting widgets
2025-11-28 07:19:45,935 [DEBUG] [MainThread] [systray_widget/systray.py:498]: Updating current state
2025-11-28 07:20:50,203 [DEBUG] [MainThread] [systray_widget/systray.py:476]: Re-sorting widgets
2025-11-28 07:20:50,204 [DEBUG] [MainThread] [systray_widget/systray.py:498]: Updating current state
2025-11-28 07:20:53,185 [DEBUG] [MainThread] [systray_widget/systray.py:476]: Re-sorting widgets
2025-11-28 07:20:53,185 [DEBUG] [MainThread] [systray_widget/systray.py:498]: Updating current state
2025-11-28 07:21:57,438 [DEBUG] [MainThread] [systray_widget/systray.py:476]: Re-sorting widgets
2025-11-28 07:21:57,438 [DEBUG] [MainThread] [systray_widget/systray.py:498]: Updating current state
2025-11-28 07:22:00,457 [DEBUG] [MainThread] [systray_widget/systray.py:476]: Re-sorting widgets
2025-11-28 07:22:00,458 [DEBUG] [MainThread] [systray_widget/systray.py:498]: Updating current state
2025-11-28 07:23:04,720 [DEBUG] [MainThread] [systray_widget/systray.py:476]: Re-sorting widgets
2025-11-28 07:23:04,720 [DEBUG] [MainThread] [systray_widget/systray.py:498]: Updating current state
2025-11-28 07:23:07,753 [DEBUG] [MainThread] [systray_widget/systray.py:476]: Re-sorting widgets
2025-11-28 07:23:07,753 [DEBUG] [MainThread] [systray_widget/systray.py:498]: Updating current state
2025-11-28 07:24:11,954 [DEBUG] [MainThread] [systray_widget/systray.py:476]: Re-sorting widgets
2025-11-28 07:24:11,956 [DEBUG] [MainThread] [systray_widget/systray.py:498]: Updating current state
2025-11-28 07:24:14,952 [DEBUG] [MainThread] [systray_widget/systray.py:476]: Re-sorting widgets
2025-11-28 07:24:14,953 [DEBUG] [MainThread] [systray_widget/systray.py:498]: Updating current state
2025-11-28 07:25:19,359 [DEBUG] [MainThread] [systray_widget/systray.py:476]: Re-sorting widgets
2025-11-28 07:25:19,361 [DEBUG] [MainThread] [systray_widget/systray.py:498]: Updating current state
2025-11-28 07:25:22,287 [DEBUG] [MainThread] [systray_widget/systray.py:476]: Re-sorting widgets
2025-11-28 07:25:22,287 [DEBUG] [MainThread] [systray_widget/systray.py:498]: Updating current state
2025-11-28 07:26:26,486 [DEBUG] [MainThread] [systray_widget/systray.py:476]: Re-sorting widgets
2025-11-28 07:26:26,486 [DEBUG] [MainThread] [systray_widget/systray.py:498]: Updating current state
2025-11-28 07:26:29,484 [DEBUG] [MainThread] [systray_widget/systray.py:476]: Re-sorting widgets
2025-11-28 07:26:29,484 [DEBUG] [MainThread] [systray_widget/systray.py:498]: Updating current state
2025-11-28 07:27:33,739 [DEBUG] [MainThread] [systray_widget/systray.py:476]: Re-sorting widgets
2025-11-28 07:27:33,740 [DEBUG] [MainThread] [systray_widget/systray.py:498]: Updating current state
2025-11-28 07:27:36,771 [DEBUG] [MainThread] [systray_widget/systray.py:476]: Re-sorting widgets
2025-11-28 07:27:36,771 [DEBUG] [MainThread] [systray_widget/systray.py:498]: Updating current state
2025-11-28 07:28:40,986 [DEBUG] [MainThread] [systray_widget/systray.py:476]: Re-sorting widgets
2025-11-28 07:28:40,987 [DEBUG] [MainThread] [systray_widget/systray.py:498]: Updating current state
2025-11-28 07:28:44,000 [DEBUG] [MainThread] [systray_widget/systray.py:476]: Re-sorting widgets
2025-11-28 07:28:44,001 [DEBUG] [MainThread] [systray_widget/systray.py:498]: Updating current state
2025-11-28 07:29:48,204 [DEBUG] [MainThread] [systray_widget/systray.py:476]: Re-sorting widgets
2025-11-28 07:29:48,205 [DEBUG] [MainThread] [systray_widget/systray.py:498]: Updating current state
2025-11-28 07:29:51,216 [DEBUG] [MainThread] [systray_widget/systray.py:476]: Re-sorting widgets
2025-11-28 07:29:51,216 [DEBUG] [MainThread] [systray_widget/systray.py:498]: Updating current state
2025-11-28 07:30:55,472 [DEBUG] [MainThread] [systray_widget/systray.py:476]: Re-sorting widgets
2025-11-28 07:30:55,473 [DEBUG] [MainThread] [systray_widget/systray.py:498]: Updating current state
2025-11-28 07:30:58,502 [DEBUG] [MainThread] [systray_widget/systray.py:476]: Re-sorting widgets
2025-11-28 07:30:58,503 [DEBUG] [MainThread] [systray_widget/systray.py:498]: Updating current state
2025-11-28 07:32:02,802 [DEBUG] [MainThread] [systray_widget/systray.py:476]: Re-sorting widgets
2025-11-28 07:32:02,803 [DEBUG] [MainThread] [systray_widget/systray.py:498]: Updating current state
2025-11-28 07:32:05,773 [DEBUG] [MainThread] [systray_widget/systray.py:476]: Re-sorting widgets
2025-11-28 07:32:05,773 [DEBUG] [MainThread] [systray_widget/systray.py:498]: Updating current state
2025-11-28 07:33:10,004 [DEBUG] [MainThread] [systray_widget/systray.py:476]: Re-sorting widgets
2025-11-28 07:33:10,005 [DEBUG] [MainThread] [systray_widget/systray.py:498]: Updating current state
2025-11-28 07:33:13,020 [DEBUG] [MainThread] [systray_widget/systray.py:476]: Re-sorting widgets
2025-11-28 07:33:13,022 [DEBUG] [MainThread] [systray_widget/systray.py:498]: Updating current state
2025-11-28 07:34:17,253 [DEBUG] [MainThread] [systray_widget/systray.py:476]: Re-sorting widgets
2025-11-28 07:34:17,254 [DEBUG] [MainThread] [systray_widget/systray.py:498]: Updating current state
2025-11-28 07:34:20,242 [DEBUG] [MainThread] [systray_widget/systray.py:476]: Re-sorting widgets
2025-11-28 07:34:20,243 [DEBUG] [MainThread] [systray_widget/systray.py:498]: Updating current state
2025-11-28 07:35:24,527 [DEBUG] [MainThread] [systray_widget/systray.py:476]: Re-sorting widgets
2025-11-28 07:35:24,527 [DEBUG] [MainThread] [systray_widget/systray.py:498]: Updating current state
2025-11-28 07:35:27,498 [DEBUG] [MainThread] [systray_widget/systray.py:476]: Re-sorting widgets
2025-11-28 07:35:27,498 [DEBUG] [MainThread] [systray_widget/systray.py:498]: Updating current state
2025-11-28 07:36:31,767 [DEBUG] [MainThread] [systray_widget/systray.py:476]: Re-sorting widgets
2025-11-28 07:36:31,768 [DEBUG] [MainThread] [systray_widget/systray.py:498]: Updating current state
2025-11-28 07:36:34,739 [DEBUG] [MainThread] [systray_widget/systray.py:476]: Re-sorting widgets
2025-11-28 07:36:34,740 [DEBUG] [MainThread] [systray_widget/systray.py:498]: Updating current state
2025-11-28 07:37:39,007 [DEBUG] [MainThread] [systray_widget/systray.py:476]: Re-sorting widgets
2025-11-28 07:37:39,007 [DEBUG] [MainThread] [systray_widget/systray.py:498]: Updating current state
2025-11-28 07:37:42,070 [DEBUG] [MainThread] [systray_widget/systray.py:476]: Re-sorting widgets
2025-11-28 07:37:42,070 [DEBUG] [MainThread] [systray_widget/systray.py:498]: Updating current state
2025-11-28 07:38:46,265 [DEBUG] [MainThread] [systray_widget/systray.py:476]: Re-sorting widgets
2025-11-28 07:38:46,265 [DEBUG] [MainThread] [systray_widget/systray.py:498]: Updating current state
2025-11-28 07:38:49,265 [DEBUG] [MainThread] [systray_widget/systray.py:476]: Re-sorting widgets
2025-11-28 07:38:49,265 [DEBUG] [MainThread] [systray_widget/systray.py:498]: Updating current state
2025-11-28 07:39:53,486 [DEBUG] [MainThread] [systray_widget/systray.py:476]: Re-sorting widgets
2025-11-28 07:39:53,487 [DEBUG] [MainThread] [systray_widget/systray.py:498]: Updating current state
2025-11-28 07:39:56,495 [DEBUG] [MainThread] [systray_widget/systray.py:476]: Re-sorting widgets
2025-11-28 07:39:56,496 [DEBUG] [MainThread] [systray_widget/systray.py:498]: Updating current state
2025-11-28 07:41:00,761 [DEBUG] [MainThread] [systray_widget/systray.py:476]: Re-sorting widgets
2025-11-28 07:41:00,761 [DEBUG] [MainThread] [systray_widget/systray.py:498]: Updating current state
2025-11-28 07:41:03,759 [DEBUG] [MainThread] [systray_widget/systray.py:476]: Re-sorting widgets
2025-11-28 07:41:03,759 [DEBUG] [MainThread] [systray_widget/systray.py:498]: Updating current state
2025-11-28 07:42:07,998 [DEBUG] [MainThread] [systray_widget/systray.py:476]: Re-sorting widgets
2025-11-28 07:42:07,999 [DEBUG] [MainThread] [systray_widget/systray.py:498]: Updating current state
2025-11-28 07:42:11,005 [DEBUG] [MainThread] [systray_widget/systray.py:476]: Re-sorting widgets
2025-11-28 07:42:11,005 [DEBUG] [MainThread] [systray_widget/systray.py:498]: Updating current state
2025-11-28 07:43:15,248 [DEBUG] [MainThread] [systray_widget/systray.py:476]: Re-sorting widgets
2025-11-28 07:43:15,251 [DEBUG] [MainThread] [systray_widget/systray.py:498]: Updating current state
2025-11-28 07:43:18,257 [DEBUG] [MainThread] [systray_widget/systray.py:476]: Re-sorting widgets
2025-11-28 07:43:18,257 [DEBUG] [MainThread] [systray_widget/systray.py:498]: Updating current state
2025-11-28 07:44:22,515 [DEBUG] [MainThread] [systray_widget/systray.py:476]: Re-sorting widgets
2025-11-28 07:44:22,516 [DEBUG] [MainThread] [systray_widget/systray.py:498]: Updating current state
2025-11-28 07:44:25,587 [DEBUG] [MainThread] [systray_widget/systray.py:476]: Re-sorting widgets
2025-11-28 07:44:25,587 [DEBUG] [MainThread] [systray_widget/systray.py:498]: Updating current state
2025-11-28 07:45:29,809 [DEBUG] [MainThread] [systray_widget/systray.py:476]: Re-sorting widgets
2025-11-28 07:45:29,809 [DEBUG] [MainThread] [systray_widget/systray.py:498]: Updating current state
2025-11-28 07:45:32,794 [DEBUG] [MainThread] [systray_widget/systray.py:476]: Re-sorting widgets
2025-11-28 07:45:32,794 [DEBUG] [MainThread] [systray_widget/systray.py:498]: Updating current state
2025-11-28 07:46:37,022 [DEBUG] [MainThread] [systray_widget/systray.py:476]: Re-sorting widgets
2025-11-28 07:46:37,022 [DEBUG] [MainThread] [systray_widget/systray.py:498]: Updating current state
2025-11-28 07:46:40,029 [DEBUG] [MainThread] [systray_widget/systray.py:476]: Re-sorting widgets
2025-11-28 07:46:40,031 [DEBUG] [MainThread] [systray_widget/systray.py:498]: Updating current state
2025-11-28 07:47:44,285 [DEBUG] [MainThread] [systray_widget/systray.py:476]: Re-sorting widgets
2025-11-28 07:47:44,285 [DEBUG] [MainThread] [systray_widget/systray.py:498]: Updating current state
2025-11-28 07:47:47,287 [DEBUG] [MainThread] [systray_widget/systray.py:476]: Re-sorting widgets
2025-11-28 07:47:47,287 [DEBUG] [MainThread] [systray_widget/systray.py:498]: Updating current state
2025-11-28 07:48:51,569 [DEBUG] [MainThread] [systray_widget/systray.py:476]: Re-sorting widgets
2025-11-28 07:48:51,569 [DEBUG] [MainThread] [systray_widget/systray.py:498]: Updating current state
2025-11-28 07:48:54,547 [DEBUG] [MainThread] [systray_widget/systray.py:476]: Re-sorting widgets
2025-11-28 07:48:54,547 [DEBUG] [MainThread] [systray_widget/systray.py:498]: Updating current state
2025-11-28 07:49:58,818 [DEBUG] [MainThread] [systray_widget/systray.py:476]: Re-sorting widgets
2025-11-28 07:49:58,818 [DEBUG] [MainThread] [systray_widget/systray.py:498]: Updating current state
2025-11-28 07:50:01,815 [DEBUG] [MainThread] [systray_widget/systray.py:476]: Re-sorting widgets
2025-11-28 07:50:01,815 [DEBUG] [MainThread] [systray_widget/systray.py:498]: Updating current state
2025-11-28 07:51:06,046 [DEBUG] [MainThread] [systray_widget/systray.py:476]: Re-sorting widgets
2025-11-28 07:51:06,048 [DEBUG] [MainThread] [systray_widget/systray.py:498]: Updating current state
2025-11-28 07:51:09,122 [DEBUG] [MainThread] [systray_widget/systray.py:476]: Re-sorting widgets
2025-11-28 07:51:09,122 [DEBUG] [MainThread] [systray_widget/systray.py:498]: Updating current state
2025-11-28 07:52:13,342 [DEBUG] [MainThread] [systray_widget/systray.py:476]: Re-sorting widgets
2025-11-28 07:52:13,343 [DEBUG] [MainThread] [systray_widget/systray.py:498]: Updating current state
2025-11-28 07:52:16,420 [DEBUG] [MainThread] [systray_widget/systray.py:476]: Re-sorting widgets
2025-11-28 07:52:16,421 [DEBUG] [MainThread] [systray_widget/systray.py:498]: Updating current state
2025-11-28 07:53:20,676 [DEBUG] [MainThread] [systray_widget/systray.py:476]: Re-sorting widgets
2025-11-28 07:53:20,676 [DEBUG] [MainThread] [systray_widget/systray.py:498]: Updating current state
2025-11-28 07:53:23,779 [DEBUG] [MainThread] [systray_widget/systray.py:476]: Re-sorting widgets
2025-11-28 07:53:23,782 [DEBUG] [MainThread] [systray_widget/systray.py:498]: Updating current state
2025-11-28 07:54:27,966 [DEBUG] [MainThread] [systray_widget/systray.py:476]: Re-sorting widgets
2025-11-28 07:54:27,968 [DEBUG] [MainThread] [systray_widget/systray.py:498]: Updating current state
2025-11-28 07:54:30,967 [DEBUG] [MainThread] [systray_widget/systray.py:476]: Re-sorting widgets
2025-11-28 07:54:30,969 [DEBUG] [MainThread] [systray_widget/systray.py:498]: Updating current state
2025-11-28 07:55:35,189 [DEBUG] [MainThread] [systray_widget/systray.py:476]: Re-sorting widgets
2025-11-28 07:55:35,189 [DEBUG] [MainThread] [systray_widget/systray.py:498]: Updating current state
2025-11-28 07:55:38,220 [DEBUG] [MainThread] [systray_widget/systray.py:476]: Re-sorting widgets
2025-11-28 07:55:38,221 [DEBUG] [MainThread] [systray_widget/systray.py:498]: Updating current state
2025-11-28 07:56:42,444 [DEBUG] [MainThread] [systray_widget/systray.py:476]: Re-sorting widgets
2025-11-28 07:56:42,444 [DEBUG] [MainThread] [systray_widget/systray.py:498]: Updating current state
2025-11-28 07:56:45,470 [DEBUG] [MainThread] [systray_widget/systray.py:476]: Re-sorting widgets
2025-11-28 07:56:45,470 [DEBUG] [MainThread] [systray_widget/systray.py:498]: Updating current state
2025-11-28 07:57:49,704 [DEBUG] [MainThread] [systray_widget/systray.py:476]: Re-sorting widgets
2025-11-28 07:57:49,704 [DEBUG] [MainThread] [systray_widget/systray.py:498]: Updating current state
2025-11-28 07:57:52,717 [DEBUG] [MainThread] [systray_widget/systray.py:476]: Re-sorting widgets
2025-11-28 07:57:52,717 [DEBUG] [MainThread] [systray_widget/systray.py:498]: Updating current state
2025-11-28 07:58:56,954 [DEBUG] [MainThread] [systray_widget/systray.py:476]: Re-sorting widgets
2025-11-28 07:58:56,954 [DEBUG] [MainThread] [systray_widget/systray.py:498]: Updating current state
2025-11-28 07:58:59,952 [DEBUG] [MainThread] [systray_widget/systray.py:476]: Re-sorting widgets
2025-11-28 07:58:59,953 [DEBUG] [MainThread] [systray_widget/systray.py:498]: Updating current state
2025-11-28 08:00:04,233 [DEBUG] [MainThread] [systray_widget/systray.py:476]: Re-sorting widgets
2025-11-28 08:00:04,233 [DEBUG] [MainThread] [systray_widget/systray.py:498]: Updating current state
2025-11-28 08:00:07,236 [DEBUG] [MainThread] [systray_widget/systray.py:476]: Re-sorting widgets
2025-11-28 08:00:07,236 [DEBUG] [MainThread] [systray_widget/systray.py:498]: Updating current state
2025-11-28 08:01:11,419 [DEBUG] [MainThread] [systray_widget/systray.py:476]: Re-sorting widgets
2025-11-28 08:01:11,422 [DEBUG] [MainThread] [systray_widget/systray.py:498]: Updating current state
2025-11-28 08:01:14,438 [DEBUG] [MainThread] [systray_widget/systray.py:476]: Re-sorting widgets
2025-11-28 08:01:14,440 [DEBUG] [MainThread] [systray_widget/systray.py:498]: Updating current state
2025-11-28 08:02:18,865 [DEBUG] [MainThread] [systray_widget/systray.py:476]: Re-sorting widgets
2025-11-28 08:02:18,867 [DEBUG] [MainThread] [systray_widget/systray.py:498]: Updating current state
2025-11-28 08:02:21,669 [DEBUG] [MainThread] [systray_widget/systray.py:476]: Re-sorting widgets
2025-11-28 08:02:21,669 [DEBUG] [MainThread] [systray_widget/systray.py:498]: Updating current state
2025-11-28 08:03:25,928 [DEBUG] [MainThread] [systray_widget/systray.py:476]: Re-sorting widgets
2025-11-28 08:03:25,928 [DEBUG] [MainThread] [systray_widget/systray.py:498]: Updating current state
2025-11-28 08:03:28,949 [DEBUG] [MainThread] [systray_widget/systray.py:476]: Re-sorting widgets
2025-11-28 08:03:28,949 [DEBUG] [MainThread] [systray_widget/systray.py:498]: Updating current state
2025-11-28 08:04:33,203 [DEBUG] [MainThread] [systray_widget/systray.py:476]: Re-sorting widgets
2025-11-28 08:04:33,203 [DEBUG] [MainThread] [systray_widget/systray.py:498]: Updating current state
2025-11-28 08:04:36,217 [DEBUG] [MainThread] [systray_widget/systray.py:476]: Re-sorting widgets
2025-11-28 08:04:36,217 [DEBUG] [MainThread] [systray_widget/systray.py:498]: Updating current state
2025-11-28 08:05:40,438 [DEBUG] [MainThread] [systray_widget/systray.py:476]: Re-sorting widgets
2025-11-28 08:05:40,438 [DEBUG] [MainThread] [systray_widget/systray.py:498]: Updating current state
2025-11-28 08:05:43,439 [DEBUG] [MainThread] [systray_widget/systray.py:476]: Re-sorting widgets
2025-11-28 08:05:43,439 [DEBUG] [MainThread] [systray_widget/systray.py:498]: Updating current state
2025-11-28 08:06:47,718 [DEBUG] [MainThread] [systray_widget/systray.py:476]: Re-sorting widgets
2025-11-28 08:06:47,720 [DEBUG] [MainThread] [systray_widget/systray.py:498]: Updating current state
2025-11-28 08:06:50,777 [DEBUG] [MainThread] [systray_widget/systray.py:476]: Re-sorting widgets
2025-11-28 08:06:50,779 [DEBUG] [MainThread] [systray_widget/systray.py:498]: Updating current state
2025-11-28 08:07:55,022 [DEBUG] [MainThread] [systray_widget/systray.py:476]: Re-sorting widgets
2025-11-28 08:07:55,022 [DEBUG] [MainThread] [systray_widget/systray.py:498]: Updating current state
2025-11-28 08:07:58,050 [DEBUG] [MainThread] [systray_widget/systray.py:476]: Re-sorting widgets
2025-11-28 08:07:58,051 [DEBUG] [MainThread] [systray_widget/systray.py:498]: Updating current state
2025-11-28 08:09:02,250 [DEBUG] [MainThread] [systray_widget/systray.py:476]: Re-sorting widgets
2025-11-28 08:09:02,250 [DEBUG] [MainThread] [systray_widget/systray.py:498]: Updating current state
2025-11-28 08:09:05,217 [DEBUG] [MainThread] [systray_widget/systray.py:476]: Re-sorting widgets
2025-11-28 08:09:05,217 [DEBUG] [MainThread] [systray_widget/systray.py:498]: Updating current state
2025-11-28 08:10:09,493 [DEBUG] [MainThread] [systray_widget/systray.py:476]: Re-sorting widgets
2025-11-28 08:10:09,494 [DEBUG] [MainThread] [systray_widget/systray.py:498]: Updating current state
2025-11-28 08:10:12,482 [DEBUG] [MainThread] [systray_widget/systray.py:476]: Re-sorting widgets
2025-11-28 08:10:12,483 [DEBUG] [MainThread] [systray_widget/systray.py:498]: Updating current state
2025-11-28 08:11:18,130 [DEBUG] [MainThread] [systray_widget/systray.py:476]: Re-sorting widgets
2025-11-28 08:11:18,130 [DEBUG] [MainThread] [systray_widget/systray.py:498]: Updating current state
2025-11-28 08:11:21,128 [DEBUG] [MainThread] [systray_widget/systray.py:476]: Re-sorting widgets
2025-11-28 08:11:21,128 [DEBUG] [MainThread] [systray_widget/systray.py:498]: Updating current state
2025-11-28 08:12:25,378 [DEBUG] [MainThread] [systray_widget/systray.py:476]: Re-sorting widgets
2025-11-28 08:12:25,378 [DEBUG] [MainThread] [systray_widget/systray.py:498]: Updating current state
2025-11-28 08:12:28,379 [DEBUG] [MainThread] [systray_widget/systray.py:476]: Re-sorting widgets
2025-11-28 08:12:28,379 [DEBUG] [MainThread] [systray_widget/systray.py:498]: Updating current state
2025-11-28 08:13:32,622 [DEBUG] [MainThread] [systray_widget/systray.py:476]: Re-sorting widgets
2025-11-28 08:13:32,622 [DEBUG] [MainThread] [systray_widget/systray.py:498]: Updating current state
2025-11-28 08:13:35,620 [DEBUG] [MainThread] [systray_widget/systray.py:476]: Re-sorting widgets
2025-11-28 08:13:35,620 [DEBUG] [MainThread] [systray_widget/systray.py:498]: Updating current state
2025-11-28 08:14:39,863 [DEBUG] [MainThread] [systray_widget/systray.py:476]: Re-sorting widgets
2025-11-28 08:14:39,863 [DEBUG] [MainThread] [systray_widget/systray.py:498]: Updating current state
2025-11-28 08:14:42,871 [DEBUG] [MainThread] [systray_widget/systray.py:476]: Re-sorting widgets
2025-11-28 08:14:42,872 [DEBUG] [MainThread] [systray_widget/systray.py:498]: Updating current state
2025-11-28 08:15:47,112 [DEBUG] [MainThread] [systray_widget/systray.py:476]: Re-sorting widgets
2025-11-28 08:15:47,112 [DEBUG] [MainThread] [systray_widget/systray.py:498]: Updating current state
2025-11-28 08:15:50,086 [DEBUG] [MainThread] [systray_widget/systray.py:476]: Re-sorting widgets
2025-11-28 08:15:50,086 [DEBUG] [MainThread] [systray_widget/systray.py:498]: Updating current state
2025-11-28 08:16:54,346 [DEBUG] [MainThread] [systray_widget/systray.py:476]: Re-sorting widgets
2025-11-28 08:16:54,346 [DEBUG] [MainThread] [systray_widget/systray.py:498]: Updating current state
2025-11-28 08:16:57,356 [DEBUG] [MainThread] [systray_widget/systray.py:476]: Re-sorting widgets
2025-11-28 08:16:57,356 [DEBUG] [MainThread] [systray_widget/systray.py:498]: Updating current state
2025-11-28 08:18:01,607 [DEBUG] [MainThread] [systray_widget/systray.py:476]: Re-sorting widgets
2025-11-28 08:18:01,607 [DEBUG] [MainThread] [systray_widget/systray.py:498]: Updating current state
2025-11-28 08:18:04,613 [DEBUG] [MainThread] [systray_widget/systray.py:476]: Re-sorting widgets
2025-11-28 08:18:04,613 [DEBUG] [MainThread] [systray_widget/systray.py:498]: Updating current state
2025-11-28 08:19:08,969 [DEBUG] [MainThread] [systray_widget/systray.py:476]: Re-sorting widgets
2025-11-28 08:19:08,969 [DEBUG] [MainThread] [systray_widget/systray.py:498]: Updating current state
2025-11-28 08:19:11,934 [DEBUG] [MainThread] [systray_widget/systray.py:476]: Re-sorting widgets
2025-11-28 08:19:11,934 [DEBUG] [MainThread] [systray_widget/systray.py:498]: Updating current state
2025-11-28 08:20:16,171 [DEBUG] [MainThread] [systray_widget/systray.py:476]: Re-sorting widgets
2025-11-28 08:20:16,171 [DEBUG] [MainThread] [systray_widget/systray.py:498]: Updating current state
2025-11-28 08:20:19,169 [DEBUG] [MainThread] [systray_widget/systray.py:476]: Re-sorting widgets
2025-11-28 08:20:19,169 [DEBUG] [MainThread] [systray_widget/systray.py:498]: Updating current state
2025-11-28 08:21:23,414 [DEBUG] [MainThread] [systray_widget/systray.py:476]: Re-sorting widgets
2025-11-28 08:21:23,414 [DEBUG] [MainThread] [systray_widget/systray.py:498]: Updating current state
2025-11-28 08:21:26,400 [DEBUG] [MainThread] [systray_widget/systray.py:476]: Re-sorting widgets
2025-11-28 08:21:26,400 [DEBUG] [MainThread] [systray_widget/systray.py:498]: Updating current state
2025-11-28 08:22:30,678 [DEBUG] [MainThread] [systray_widget/systray.py:476]: Re-sorting widgets
2025-11-28 08:22:30,678 [DEBUG] [MainThread] [systray_widget/systray.py:498]: Updating current state
2025-11-28 08:22:33,669 [DEBUG] [MainThread] [systray_widget/systray.py:476]: Re-sorting widgets
2025-11-28 08:22:33,669 [DEBUG] [MainThread] [systray_widget/systray.py:498]: Updating current state
2025-11-28 08:23:37,925 [DEBUG] [MainThread] [systray_widget/systray.py:476]: Re-sorting widgets
2025-11-28 08:23:37,925 [DEBUG] [MainThread] [systray_widget/systray.py:498]: Updating current state
2025-11-28 08:23:40,905 [DEBUG] [MainThread] [systray_widget/systray.py:476]: Re-sorting widgets
2025-11-28 08:23:40,906 [DEBUG] [MainThread] [systray_widget/systray.py:498]: Updating current state
2025-11-28 08:24:45,162 [DEBUG] [MainThread] [systray_widget/systray.py:476]: Re-sorting widgets
2025-11-28 08:24:45,162 [DEBUG] [MainThread] [systray_widget/systray.py:498]: Updating current state
2025-11-28 08:24:48,185 [DEBUG] [MainThread] [systray_widget/systray.py:476]: Re-sorting widgets
2025-11-28 08:24:48,185 [DEBUG] [MainThread] [systray_widget/systray.py:498]: Updating current state
2025-11-28 08:25:52,388 [DEBUG] [MainThread] [systray_widget/systray.py:476]: Re-sorting widgets
2025-11-28 08:25:52,388 [DEBUG] [MainThread] [systray_widget/systray.py:498]: Updating current state
2025-11-28 08:25:55,376 [DEBUG] [MainThread] [systray_widget/systray.py:476]: Re-sorting widgets
2025-11-28 08:25:55,377 [DEBUG] [MainThread] [systray_widget/systray.py:498]: Updating current state
2025-11-28 08:26:59,685 [DEBUG] [MainThread] [systray_widget/systray.py:476]: Re-sorting widgets
2025-11-28 08:26:59,686 [DEBUG] [MainThread] [systray_widget/systray.py:498]: Updating current state
2025-11-28 08:27:02,694 [DEBUG] [MainThread] [systray_widget/systray.py:476]: Re-sorting widgets
2025-11-28 08:27:02,694 [DEBUG] [MainThread] [systray_widget/systray.py:498]: Updating current state
2025-11-28 08:28:06,928 [DEBUG] [MainThread] [systray_widget/systray.py:476]: Re-sorting widgets
2025-11-28 08:28:06,928 [DEBUG] [MainThread] [systray_widget/systray.py:498]: Updating current state
2025-11-28 08:28:09,929 [DEBUG] [MainThread] [systray_widget/systray.py:476]: Re-sorting widgets
2025-11-28 08:28:09,929 [DEBUG] [MainThread] [systray_widget/systray.py:498]: Updating current state
2025-11-28 08:29:14,198 [DEBUG] [MainThread] [systray_widget/systray.py:476]: Re-sorting widgets
2025-11-28 08:29:14,198 [DEBUG] [MainThread] [systray_widget/systray.py:498]: Updating current state
2025-11-28 08:29:17,187 [DEBUG] [MainThread] [systray_widget/systray.py:476]: Re-sorting widgets
2025-11-28 08:29:17,187 [DEBUG] [MainThread] [systray_widget/systray.py:498]: Updating current state
2025-11-28 08:30:21,412 [DEBUG] [MainThread] [systray_widget/systray.py:476]: Re-sorting widgets
2025-11-28 08:30:21,412 [DEBUG] [MainThread] [systray_widget/systray.py:498]: Updating current state
2025-11-28 08:30:24,426 [DEBUG] [MainThread] [systray_widget/systray.py:476]: Re-sorting widgets
2025-11-28 08:30:24,426 [DEBUG] [MainThread] [systray_widget/systray.py:498]: Updating current state
2025-11-28 08:31:28,669 [DEBUG] [MainThread] [systray_widget/systray.py:476]: Re-sorting widgets
2025-11-28 08:31:28,669 [DEBUG] [MainThread] [systray_widget/systray.py:498]: Updating current state
2025-11-28 08:31:31,664 [DEBUG] [MainThread] [systray_widget/systray.py:476]: Re-sorting widgets
2025-11-28 08:31:31,664 [DEBUG] [MainThread] [systray_widget/systray.py:498]: Updating current state
2025-11-28 08:32:35,920 [DEBUG] [MainThread] [systray_widget/systray.py:476]: Re-sorting widgets
2025-11-28 08:32:35,920 [DEBUG] [MainThread] [systray_widget/systray.py:498]: Updating current state
2025-11-28 08:32:38,904 [DEBUG] [MainThread] [systray_widget/systray.py:476]: Re-sorting widgets
2025-11-28 08:32:38,904 [DEBUG] [MainThread] [systray_widget/systray.py:498]: Updating current state
2025-11-28 08:33:43,171 [DEBUG] [MainThread] [systray_widget/systray.py:476]: Re-sorting widgets
2025-11-28 08:33:43,171 [DEBUG] [MainThread] [systray_widget/systray.py:498]: Updating current state
2025-11-28 08:33:46,163 [DEBUG] [MainThread] [systray_widget/systray.py:476]: Re-sorting widgets
2025-11-28 08:33:46,163 [DEBUG] [MainThread] [systray_widget/systray.py:498]: Updating current state
2025-11-28 08:34:50,413 [DEBUG] [MainThread] [systray_widget/systray.py:476]: Re-sorting widgets
2025-11-28 08:34:50,413 [DEBUG] [MainThread] [systray_widget/systray.py:498]: Updating current state
2025-11-28 08:34:53,394 [DEBUG] [MainThread] [systray_widget/systray.py:476]: Re-sorting widgets
2025-11-28 08:34:53,394 [DEBUG] [MainThread] [systray_widget/systray.py:498]: Updating current state
2025-11-28 08:35:57,708 [DEBUG] [MainThread] [systray_widget/systray.py:476]: Re-sorting widgets
2025-11-28 08:35:57,709 [DEBUG] [MainThread] [systray_widget/systray.py:498]: Updating current state
2025-11-28 08:36:00,689 [DEBUG] [MainThread] [systray_widget/systray.py:476]: Re-sorting widgets
2025-11-28 08:36:00,690 [DEBUG] [MainThread] [systray_widget/systray.py:498]: Updating current state
2025-11-28 08:37:04,950 [DEBUG] [MainThread] [systray_widget/systray.py:476]: Re-sorting widgets
2025-11-28 08:37:04,950 [DEBUG] [MainThread] [systray_widget/systray.py:498]: Updating current state
2025-11-28 08:37:07,920 [DEBUG] [MainThread] [systray_widget/systray.py:476]: Re-sorting widgets
2025-11-28 08:37:07,920 [DEBUG] [MainThread] [systray_widget/systray.py:498]: Updating current state
2025-11-28 08:38:12,199 [DEBUG] [MainThread] [systray_widget/systray.py:476]: Re-sorting widgets
2025-11-28 08:38:12,200 [DEBUG] [MainThread] [systray_widget/systray.py:498]: Updating current state
2025-11-28 08:38:15,217 [DEBUG] [MainThread] [systray_widget/systray.py:476]: Re-sorting widgets
2025-11-28 08:38:15,217 [DEBUG] [MainThread] [systray_widget/systray.py:498]: Updating current state
2025-11-28 08:39:19,443 [DEBUG] [MainThread] [systray_widget/systray.py:476]: Re-sorting widgets
2025-11-28 08:39:19,443 [DEBUG] [MainThread] [systray_widget/systray.py:498]: Updating current state
2025-11-28 08:39:22,440 [DEBUG] [MainThread] [systray_widget/systray.py:476]: Re-sorting widgets
2025-11-28 08:39:22,440 [DEBUG] [MainThread] [systray_widget/systray.py:498]: Updating current state
2025-11-28 08:40:26,683 [DEBUG] [MainThread] [systray_widget/systray.py:476]: Re-sorting widgets
2025-11-28 08:40:26,683 [DEBUG] [MainThread] [systray_widget/systray.py:498]: Updating current state
2025-11-28 08:40:29,669 [DEBUG] [MainThread] [systray_widget/systray.py:476]: Re-sorting widgets
2025-11-28 08:40:29,670 [DEBUG] [MainThread] [systray_widget/systray.py:498]: Updating current state
2025-11-28 08:41:33,924 [DEBUG] [MainThread] [systray_widget/systray.py:476]: Re-sorting widgets
2025-11-28 08:41:33,924 [DEBUG] [MainThread] [systray_widget/systray.py:498]: Updating current state
2025-11-28 08:41:36,921 [DEBUG] [MainThread] [systray_widget/systray.py:476]: Re-sorting widgets
2025-11-28 08:41:36,921 [DEBUG] [MainThread] [systray_widget/systray.py:498]: Updating current state
2025-11-28 08:42:41,155 [DEBUG] [MainThread] [systray_widget/systray.py:476]: Re-sorting widgets
2025-11-28 08:42:41,155 [DEBUG] [MainThread] [systray_widget/systray.py:498]: Updating current state
2025-11-28 08:42:44,163 [DEBUG] [MainThread] [systray_widget/systray.py:476]: Re-sorting widgets
2025-11-28 08:42:44,163 [DEBUG] [MainThread] [systray_widget/systray.py:498]: Updating current state
2025-11-28 08:43:48,415 [DEBUG] [MainThread] [systray_widget/systray.py:476]: Re-sorting widgets
2025-11-28 08:43:48,416 [DEBUG] [MainThread] [systray_widget/systray.py:498]: Updating current state
2025-11-28 08:43:51,419 [DEBUG] [MainThread] [systray_widget/systray.py:476]: Re-sorting widgets
2025-11-28 08:43:51,421 [DEBUG] [MainThread] [systray_widget/systray.py:498]: Updating current state
2025-11-28 08:44:55,711 [DEBUG] [MainThread] [systray_widget/systray.py:476]: Re-sorting widgets
2025-11-28 08:44:55,711 [DEBUG] [MainThread] [systray_widget/systray.py:498]: Updating current state
2025-11-28 08:44:58,688 [DEBUG] [MainThread] [systray_widget/systray.py:476]: Re-sorting widgets
2025-11-28 08:44:58,688 [DEBUG] [MainThread] [systray_widget/systray.py:498]: Updating current state
2025-11-28 08:46:03,015 [DEBUG] [MainThread] [systray_widget/systray.py:476]: Re-sorting widgets
2025-11-28 08:46:03,016 [DEBUG] [MainThread] [systray_widget/systray.py:498]: Updating current state
2025-11-28 08:46:05,991 [DEBUG] [MainThread] [systray_widget/systray.py:476]: Re-sorting widgets
2025-11-28 08:46:05,991 [DEBUG] [MainThread] [systray_widget/systray.py:498]: Updating current state
2025-11-28 08:47:10,222 [DEBUG] [MainThread] [systray_widget/systray.py:476]: Re-sorting widgets
2025-11-28 08:47:10,222 [DEBUG] [MainThread] [systray_widget/systray.py:498]: Updating current state
2025-11-28 08:47:13,221 [DEBUG] [MainThread] [systray_widget/systray.py:476]: Re-sorting widgets
2025-11-28 08:47:13,221 [DEBUG] [MainThread] [systray_widget/systray.py:498]: Updating current state
2025-11-28 08:48:17,438 [DEBUG] [MainThread] [systray_widget/systray.py:476]: Re-sorting widgets
2025-11-28 08:48:17,438 [DEBUG] [MainThread] [systray_widget/systray.py:498]: Updating current state
2025-11-28 08:48:20,442 [DEBUG] [MainThread] [systray_widget/systray.py:476]: Re-sorting widgets
2025-11-28 08:48:20,442 [DEBUG] [MainThread] [systray_widget/systray.py:498]: Updating current state
2025-11-28 08:49:24,715 [DEBUG] [MainThread] [systray_widget/systray.py:476]: Re-sorting widgets
2025-11-28 08:49:24,715 [DEBUG] [MainThread] [systray_widget/systray.py:498]: Updating current state
2025-11-28 08:49:27,701 [DEBUG] [MainThread] [systray_widget/systray.py:476]: Re-sorting widgets
2025-11-28 08:49:27,703 [DEBUG] [MainThread] [systray_widget/systray.py:498]: Updating current state
2025-11-28 08:50:31,940 [DEBUG] [MainThread] [systray_widget/systray.py:476]: Re-sorting widgets
2025-11-28 08:50:31,940 [DEBUG] [MainThread] [systray_widget/systray.py:498]: Updating current state
2025-11-28 08:50:34,942 [DEBUG] [MainThread] [systray_widget/systray.py:476]: Re-sorting widgets
2025-11-28 08:50:34,942 [DEBUG] [MainThread] [systray_widget/systray.py:498]: Updating current state
2025-11-28 08:51:39,205 [DEBUG] [MainThread] [systray_widget/systray.py:476]: Re-sorting widgets
2025-11-28 08:51:39,205 [DEBUG] [MainThread] [systray_widget/systray.py:498]: Updating current state
2025-11-28 08:51:42,225 [DEBUG] [MainThread] [systray_widget/systray.py:476]: Re-sorting widgets
2025-11-28 08:51:42,225 [DEBUG] [MainThread] [systray_widget/systray.py:498]: Updating current state
2025-11-28 08:52:46,483 [DEBUG] [MainThread] [systray_widget/systray.py:476]: Re-sorting widgets
2025-11-28 08:52:46,483 [DEBUG] [MainThread] [systray_widget/systray.py:498]: Updating current state
2025-11-28 08:52:49,472 [DEBUG] [MainThread] [systray_widget/systray.py:476]: Re-sorting widgets
2025-11-28 08:52:49,472 [DEBUG] [MainThread] [systray_widget/systray.py:498]: Updating current state
2025-11-28 08:53:53,821 [DEBUG] [MainThread] [systray_widget/systray.py:476]: Re-sorting widgets
2025-11-28 08:53:53,821 [DEBUG] [MainThread] [systray_widget/systray.py:498]: Updating current state
2025-11-28 08:53:56,754 [DEBUG] [MainThread] [systray_widget/systray.py:476]: Re-sorting widgets
2025-11-28 08:53:56,754 [DEBUG] [MainThread] [systray_widget/systray.py:498]: Updating current state
2025-11-28 08:55:00,998 [DEBUG] [MainThread] [systray_widget/systray.py:476]: Re-sorting widgets
2025-11-28 08:55:00,999 [DEBUG] [MainThread] [systray_widget/systray.py:498]: Updating current state
2025-11-28 08:55:04,005 [DEBUG] [MainThread] [systray_widget/systray.py:476]: Re-sorting widgets
2025-11-28 08:55:04,005 [DEBUG] [MainThread] [systray_widget/systray.py:498]: Updating current state
2025-11-28 08:56:08,266 [DEBUG] [MainThread] [systray_widget/systray.py:476]: Re-sorting widgets
2025-11-28 08:56:08,266 [DEBUG] [MainThread] [systray_widget/systray.py:498]: Updating current state
2025-11-28 08:56:11,238 [DEBUG] [MainThread] [systray_widget/systray.py:476]: Re-sorting widgets
2025-11-28 08:56:11,239 [DEBUG] [MainThread] [systray_widget/systray.py:498]: Updating current state
2025-11-28 08:57:15,496 [DEBUG] [MainThread] [systray_widget/systray.py:476]: Re-sorting widgets
2025-11-28 08:57:15,496 [DEBUG] [MainThread] [systray_widget/systray.py:498]: Updating current state
2025-11-28 08:57:18,494 [DEBUG] [MainThread] [systray_widget/systray.py:476]: Re-sorting widgets
2025-11-28 08:57:18,494 [DEBUG] [MainThread] [systray_widget/systray.py:498]: Updating current state
2025-11-28 08:58:22,751 [DEBUG] [MainThread] [systray_widget/systray.py:476]: Re-sorting widgets
2025-11-28 08:58:22,751 [DEBUG] [MainThread] [systray_widget/systray.py:498]: Updating current state
2025-11-28 08:58:25,756 [DEBUG] [MainThread] [systray_widget/systray.py:476]: Re-sorting widgets
2025-11-28 08:58:25,757 [DEBUG] [MainThread] [systray_widget/systray.py:498]: Updating current state
2025-11-28 08:59:30,010 [DEBUG] [MainThread] [systray_widget/systray.py:476]: Re-sorting widgets
2025-11-28 08:59:30,010 [DEBUG] [MainThread] [systray_widget/systray.py:498]: Updating current state
2025-11-28 08:59:33,057 [DEBUG] [MainThread] [systray_widget/systray.py:476]: Re-sorting widgets
2025-11-28 08:59:33,058 [DEBUG] [MainThread] [systray_widget/systray.py:498]: Updating current state
2025-11-28 09:00:37,267 [DEBUG] [MainThread] [systray_widget/systray.py:476]: Re-sorting widgets
2025-11-28 09:00:37,267 [DEBUG] [MainThread] [systray_widget/systray.py:498]: Updating current state
2025-11-28 09:00:40,272 [DEBUG] [MainThread] [systray_widget/systray.py:476]: Re-sorting widgets
2025-11-28 09:00:40,272 [DEBUG] [MainThread] [systray_widget/systray.py:498]: Updating current state
2025-11-28 09:01:44,513 [DEBUG] [MainThread] [systray_widget/systray.py:476]: Re-sorting widgets
2025-11-28 09:01:44,513 [DEBUG] [MainThread] [systray_widget/systray.py:498]: Updating current state
2025-11-28 09:01:47,513 [DEBUG] [MainThread] [systray_widget/systray.py:476]: Re-sorting widgets
2025-11-28 09:01:47,513 [DEBUG] [MainThread] [systray_widget/systray.py:498]: Updating current state
2025-11-28 09:02:51,748 [DEBUG] [MainThread] [systray_widget/systray.py:476]: Re-sorting widgets
2025-11-28 09:02:51,748 [DEBUG] [MainThread] [systray_widget/systray.py:498]: Updating current state
2025-11-28 09:02:54,770 [DEBUG] [MainThread] [systray_widget/systray.py:476]: Re-sorting widgets
2025-11-28 09:02:54,772 [DEBUG] [MainThread] [systray_widget/systray.py:498]: Updating current state
2025-11-28 09:03:59,010 [DEBUG] [MainThread] [systray_widget/systray.py:476]: Re-sorting widgets
2025-11-28 09:03:59,010 [DEBUG] [MainThread] [systray_widget/systray.py:498]: Updating current state
2025-11-28 09:04:01,996 [DEBUG] [MainThread] [systray_widget/systray.py:476]: Re-sorting widgets
2025-11-28 09:04:01,997 [DEBUG] [MainThread] [systray_widget/systray.py:498]: Updating current state
2025-11-28 09:05:06,248 [DEBUG] [MainThread] [systray_widget/systray.py:476]: Re-sorting widgets
2025-11-28 09:05:06,248 [DEBUG] [MainThread] [systray_widget/systray.py:498]: Updating current state
2025-11-28 09:05:09,267 [DEBUG] [MainThread] [systray_widget/systray.py:476]: Re-sorting widgets
2025-11-28 09:05:09,267 [DEBUG] [MainThread] [systray_widget/systray.py:498]: Updating current state
2025-11-28 09:06:13,497 [DEBUG] [MainThread] [systray_widget/systray.py:476]: Re-sorting widgets
2025-11-28 09:06:13,497 [DEBUG] [MainThread] [systray_widget/systray.py:498]: Updating current state
2025-11-28 09:06:16,543 [DEBUG] [MainThread] [systray_widget/systray.py:476]: Re-sorting widgets
2025-11-28 09:06:16,543 [DEBUG] [MainThread] [systray_widget/systray.py:498]: Updating current state
2025-11-28 09:07:20,769 [DEBUG] [MainThread] [systray_widget/systray.py:476]: Re-sorting widgets
2025-11-28 09:07:20,769 [DEBUG] [MainThread] [systray_widget/systray.py:498]: Updating current state
2025-11-28 09:07:23,757 [DEBUG] [MainThread] [systray_widget/systray.py:476]: Re-sorting widgets
2025-11-28 09:07:23,757 [DEBUG] [MainThread] [systray_widget/systray.py:498]: Updating current state
2025-11-28 09:08:28,094 [DEBUG] [MainThread] [systray_widget/systray.py:476]: Re-sorting widgets
2025-11-28 09:08:28,094 [DEBUG] [MainThread] [systray_widget/systray.py:498]: Updating current state
2025-11-28 09:08:31,026 [DEBUG] [MainThread] [systray_widget/systray.py:476]: Re-sorting widgets
2025-11-28 09:08:31,026 [DEBUG] [MainThread] [systray_widget/systray.py:498]: Updating current state
2025-11-28 09:09:35,279 [DEBUG] [MainThread] [systray_widget/systray.py:476]: Re-sorting widgets
2025-11-28 09:09:35,279 [DEBUG] [MainThread] [systray_widget/systray.py:498]: Updating current state
2025-11-28 09:09:38,278 [DEBUG] [MainThread] [systray_widget/systray.py:476]: Re-sorting widgets
2025-11-28 09:09:38,278 [DEBUG] [MainThread] [systray_widget/systray.py:498]: Updating current state
2025-11-28 09:10:42,540 [DEBUG] [MainThread] [systray_widget/systray.py:476]: Re-sorting widgets
2025-11-28 09:10:42,541 [DEBUG] [MainThread] [systray_widget/systray.py:498]: Updating current state
2025-11-28 09:10:45,538 [DEBUG] [MainThread] [systray_widget/systray.py:476]: Re-sorting widgets
2025-11-28 09:10:45,538 [DEBUG] [MainThread] [systray_widget/systray.py:498]: Updating current state
2025-11-28 09:11:49,764 [DEBUG] [MainThread] [systray_widget/systray.py:476]: Re-sorting widgets
2025-11-28 09:11:49,764 [DEBUG] [MainThread] [systray_widget/systray.py:498]: Updating current state
2025-11-28 09:11:52,765 [DEBUG] [MainThread] [systray_widget/systray.py:476]: Re-sorting widgets
2025-11-28 09:11:52,765 [DEBUG] [MainThread] [systray_widget/systray.py:498]: Updating current state
2025-11-28 09:12:57,017 [DEBUG] [MainThread] [systray_widget/systray.py:476]: Re-sorting widgets
2025-11-28 09:12:57,017 [DEBUG] [MainThread] [systray_widget/systray.py:498]: Updating current state
2025-11-28 09:13:00,080 [DEBUG] [MainThread] [systray_widget/systray.py:476]: Re-sorting widgets
2025-11-28 09:13:00,080 [DEBUG] [MainThread] [systray_widget/systray.py:498]: Updating current state
2025-11-28 09:14:04,328 [DEBUG] [MainThread] [systray_widget/systray.py:476]: Re-sorting widgets
2025-11-28 09:14:04,328 [DEBUG] [MainThread] [systray_widget/systray.py:498]: Updating current state
2025-11-28 09:14:07,329 [DEBUG] [MainThread] [systray_widget/systray.py:476]: Re-sorting widgets
2025-11-28 09:14:07,329 [DEBUG] [MainThread] [systray_widget/systray.py:498]: Updating current state
2025-11-28 09:15:11,667 [DEBUG] [MainThread] [systray_widget/systray.py:476]: Re-sorting widgets
2025-11-28 09:15:11,667 [DEBUG] [MainThread] [systray_widget/systray.py:498]: Updating current state
2025-11-28 09:15:14,596 [DEBUG] [MainThread] [systray_widget/systray.py:476]: Re-sorting widgets
2025-11-28 09:15:14,597 [DEBUG] [MainThread] [systray_widget/systray.py:498]: Updating current state
2025-11-28 09:16:18,854 [DEBUG] [MainThread] [systray_widget/systray.py:476]: Re-sorting widgets
2025-11-28 09:16:18,855 [DEBUG] [MainThread] [systray_widget/systray.py:498]: Updating current state
2025-11-28 09:16:21,841 [DEBUG] [MainThread] [systray_widget/systray.py:476]: Re-sorting widgets
2025-11-28 09:16:21,842 [DEBUG] [MainThread] [systray_widget/systray.py:498]: Updating current state
2025-11-28 09:17:26,079 [DEBUG] [MainThread] [systray_widget/systray.py:476]: Re-sorting widgets
2025-11-28 09:17:26,079 [DEBUG] [MainThread] [systray_widget/systray.py:498]: Updating current state
2025-11-28 09:17:29,087 [DEBUG] [MainThread] [systray_widget/systray.py:476]: Re-sorting widgets
2025-11-28 09:17:29,088 [DEBUG] [MainThread] [systray_widget/systray.py:498]: Updating current state
2025-11-28 09:18:33,317 [DEBUG] [MainThread] [systray_widget/systray.py:476]: Re-sorting widgets
2025-11-28 09:18:33,318 [DEBUG] [MainThread] [systray_widget/systray.py:498]: Updating current state
2025-11-28 09:18:36,335 [DEBUG] [MainThread] [systray_widget/systray.py:476]: Re-sorting widgets
2025-11-28 09:18:36,335 [DEBUG] [MainThread] [systray_widget/systray.py:498]: Updating current state
2025-11-28 09:19:40,568 [DEBUG] [MainThread] [systray_widget/systray.py:476]: Re-sorting widgets
2025-11-28 09:19:40,568 [DEBUG] [MainThread] [systray_widget/systray.py:498]: Updating current state
2025-11-28 09:19:43,568 [DEBUG] [MainThread] [systray_widget/systray.py:476]: Re-sorting widgets
2025-11-28 09:19:43,568 [DEBUG] [MainThread] [systray_widget/systray.py:498]: Updating current state
2025-11-28 09:20:47,797 [DEBUG] [MainThread] [systray_widget/systray.py:476]: Re-sorting widgets
2025-11-28 09:20:47,797 [DEBUG] [MainThread] [systray_widget/systray.py:498]: Updating current state
2025-11-28 09:20:50,798 [DEBUG] [MainThread] [systray_widget/systray.py:476]: Re-sorting widgets
2025-11-28 09:20:50,798 [DEBUG] [MainThread] [systray_widget/systray.py:498]: Updating current state
2025-11-28 09:21:55,055 [DEBUG] [MainThread] [systray_widget/systray.py:476]: Re-sorting widgets
2025-11-28 09:21:55,055 [DEBUG] [MainThread] [systray_widget/systray.py:498]: Updating current state
2025-11-28 09:21:58,056 [DEBUG] [MainThread] [systray_widget/systray.py:476]: Re-sorting widgets
2025-11-28 09:21:58,056 [DEBUG] [MainThread] [systray_widget/systray.py:498]: Updating current state
2025-11-28 09:23:02,328 [DEBUG] [MainThread] [systray_widget/systray.py:476]: Re-sorting widgets
2025-11-28 09:23:02,328 [DEBUG] [MainThread] [systray_widget/systray.py:498]: Updating current state
2025-11-28 09:23:05,307 [DEBUG] [MainThread] [systray_widget/systray.py:476]: Re-sorting widgets
2025-11-28 09:23:05,308 [DEBUG] [MainThread] [systray_widget/systray.py:498]: Updating current state
2025-11-28 09:24:09,562 [DEBUG] [MainThread] [systray_widget/systray.py:476]: Re-sorting widgets
2025-11-28 09:24:09,562 [DEBUG] [MainThread] [systray_widget/systray.py:498]: Updating current state
2025-11-28 09:24:12,553 [DEBUG] [MainThread] [systray_widget/systray.py:476]: Re-sorting widgets
2025-11-28 09:24:12,554 [DEBUG] [MainThread] [systray_widget/systray.py:498]: Updating current state
2025-11-28 09:25:16,798 [DEBUG] [MainThread] [systray_widget/systray.py:476]: Re-sorting widgets
2025-11-28 09:25:16,798 [DEBUG] [MainThread] [systray_widget/systray.py:498]: Updating current state
2025-11-28 09:25:19,802 [DEBUG] [MainThread] [systray_widget/systray.py:476]: Re-sorting widgets
2025-11-28 09:25:19,803 [DEBUG] [MainThread] [systray_widget/systray.py:498]: Updating current state
2025-11-28 09:26:24,075 [DEBUG] [MainThread] [systray_widget/systray.py:476]: Re-sorting widgets
2025-11-28 09:26:24,075 [DEBUG] [MainThread] [systray_widget/systray.py:498]: Updating current state
2025-11-28 09:26:27,065 [DEBUG] [MainThread] [systray_widget/systray.py:476]: Re-sorting widgets
2025-11-28 09:26:27,065 [DEBUG] [MainThread] [systray_widget/systray.py:498]: Updating current state
2025-11-28 09:27:31,325 [DEBUG] [MainThread] [systray_widget/systray.py:476]: Re-sorting widgets
2025-11-28 09:27:31,325 [DEBUG] [MainThread] [systray_widget/systray.py:498]: Updating current state
2025-11-28 09:27:34,349 [DEBUG] [MainThread] [systray_widget/systray.py:476]: Re-sorting widgets
2025-11-28 09:27:34,349 [DEBUG] [MainThread] [systray_widget/systray.py:498]: Updating current state
2025-11-28 09:28:38,593 [DEBUG] [MainThread] [systray_widget/systray.py:476]: Re-sorting widgets
2025-11-28 09:28:38,593 [DEBUG] [MainThread] [systray_widget/systray.py:498]: Updating current state
2025-11-28 09:28:41,633 [DEBUG] [MainThread] [systray_widget/systray.py:476]: Re-sorting widgets
2025-11-28 09:28:41,633 [DEBUG] [MainThread] [systray_widget/systray.py:498]: Updating current state
2025-11-28 09:29:45,847 [DEBUG] [MainThread] [systray_widget/systray.py:476]: Re-sorting widgets
2025-11-28 09:29:45,847 [DEBUG] [MainThread] [systray_widget/systray.py:498]: Updating current state
2025-11-28 09:29:48,922 [DEBUG] [MainThread] [systray_widget/systray.py:476]: Re-sorting widgets
2025-11-28 09:29:48,922 [DEBUG] [MainThread] [systray_widget/systray.py:498]: Updating current state
2025-11-28 09:30:53,174 [DEBUG] [MainThread] [systray_widget/systray.py:476]: Re-sorting widgets
2025-11-28 09:30:53,174 [DEBUG] [MainThread] [systray_widget/systray.py:498]: Updating current state
2025-11-28 09:30:56,098 [DEBUG] [MainThread] [systray_widget/systray.py:476]: Re-sorting widgets
2025-11-28 09:30:56,098 [DEBUG] [MainThread] [systray_widget/systray.py:498]: Updating current state
2025-11-28 09:32:00,357 [DEBUG] [MainThread] [systray_widget/systray.py:476]: Re-sorting widgets
2025-11-28 09:32:00,357 [DEBUG] [MainThread] [systray_widget/systray.py:498]: Updating current state
2025-11-28 09:32:03,344 [DEBUG] [MainThread] [systray_widget/systray.py:476]: Re-sorting widgets
2025-11-28 09:32:03,344 [DEBUG] [MainThread] [systray_widget/systray.py:498]: Updating current state
2025-11-28 09:33:07,592 [DEBUG] [MainThread] [systray_widget/systray.py:476]: Re-sorting widgets
2025-11-28 09:33:07,592 [DEBUG] [MainThread] [systray_widget/systray.py:498]: Updating current state
2025-11-28 09:33:10,613 [DEBUG] [MainThread] [systray_widget/systray.py:476]: Re-sorting widgets
2025-11-28 09:33:10,613 [DEBUG] [MainThread] [systray_widget/systray.py:498]: Updating current state
2025-11-28 09:34:14,842 [DEBUG] [MainThread] [systray_widget/systray.py:476]: Re-sorting widgets
2025-11-28 09:34:14,843 [DEBUG] [MainThread] [systray_widget/systray.py:498]: Updating current state
2025-11-28 09:34:17,863 [DEBUG] [MainThread] [systray_widget/systray.py:476]: Re-sorting widgets
2025-11-28 09:34:17,864 [DEBUG] [MainThread] [systray_widget/systray.py:498]: Updating current state
2025-11-28 09:35:22,101 [DEBUG] [MainThread] [systray_widget/systray.py:476]: Re-sorting widgets
2025-11-28 09:35:22,101 [DEBUG] [MainThread] [systray_widget/systray.py:498]: Updating current state
2025-11-28 09:35:25,094 [DEBUG] [MainThread] [systray_widget/systray.py:476]: Re-sorting widgets
2025-11-28 09:35:25,094 [DEBUG] [MainThread] [systray_widget/systray.py:498]: Updating current state
2025-11-28 09:36:29,359 [DEBUG] [MainThread] [systray_widget/systray.py:476]: Re-sorting widgets
2025-11-28 09:36:29,359 [DEBUG] [MainThread] [systray_widget/systray.py:498]: Updating current state
2025-11-28 09:36:32,328 [DEBUG] [MainThread] [systray_widget/systray.py:476]: Re-sorting widgets
2025-11-28 09:36:32,328 [DEBUG] [MainThread] [systray_widget/systray.py:498]: Updating current state
2025-11-28 09:37:36,590 [DEBUG] [MainThread] [systray_widget/systray.py:476]: Re-sorting widgets
2025-11-28 09:37:36,590 [DEBUG] [MainThread] [systray_widget/systray.py:498]: Updating current state
2025-11-28 09:37:39,591 [DEBUG] [MainThread] [systray_widget/systray.py:476]: Re-sorting widgets
2025-11-28 09:37:39,593 [DEBUG] [MainThread] [systray_widget/systray.py:498]: Updating current state
2025-11-28 09:38:43,906 [DEBUG] [MainThread] [systray_widget/systray.py:476]: Re-sorting widgets
2025-11-28 09:38:43,906 [DEBUG] [MainThread] [systray_widget/systray.py:498]: Updating current state
2025-11-28 09:38:46,844 [DEBUG] [MainThread] [systray_widget/systray.py:476]: Re-sorting widgets
2025-11-28 09:38:46,844 [DEBUG] [MainThread] [systray_widget/systray.py:498]: Updating current state
2025-11-28 09:39:51,089 [DEBUG] [MainThread] [systray_widget/systray.py:476]: Re-sorting widgets
2025-11-28 09:39:51,089 [DEBUG] [MainThread] [systray_widget/systray.py:498]: Updating current state
2025-11-28 09:39:54,089 [DEBUG] [MainThread] [systray_widget/systray.py:476]: Re-sorting widgets
2025-11-28 09:39:54,089 [DEBUG] [MainThread] [systray_widget/systray.py:498]: Updating current state
2025-11-28 09:40:58,350 [DEBUG] [MainThread] [systray_widget/systray.py:476]: Re-sorting widgets
2025-11-28 09:40:58,350 [DEBUG] [MainThread] [systray_widget/systray.py:498]: Updating current state
2025-11-28 09:41:01,353 [DEBUG] [MainThread] [systray_widget/systray.py:476]: Re-sorting widgets
2025-11-28 09:41:01,353 [DEBUG] [MainThread] [systray_widget/systray.py:498]: Updating current state
2025-11-28 09:42:05,607 [DEBUG] [MainThread] [systray_widget/systray.py:476]: Re-sorting widgets
2025-11-28 09:42:05,607 [DEBUG] [MainThread] [systray_widget/systray.py:498]: Updating current state
2025-11-28 09:42:08,597 [DEBUG] [MainThread] [systray_widget/systray.py:476]: Re-sorting widgets
2025-11-28 09:42:08,597 [DEBUG] [MainThread] [systray_widget/systray.py:498]: Updating current state
2025-11-28 09:43:12,830 [DEBUG] [MainThread] [systray_widget/systray.py:476]: Re-sorting widgets
2025-11-28 09:43:12,831 [DEBUG] [MainThread] [systray_widget/systray.py:498]: Updating current state
2025-11-28 09:43:15,862 [DEBUG] [MainThread] [systray_widget/systray.py:476]: Re-sorting widgets
2025-11-28 09:43:15,862 [DEBUG] [MainThread] [systray_widget/systray.py:498]: Updating current state
2025-11-28 09:44:20,090 [DEBUG] [MainThread] [systray_widget/systray.py:476]: Re-sorting widgets
2025-11-28 09:44:20,090 [DEBUG] [MainThread] [systray_widget/systray.py:498]: Updating current state
2025-11-28 09:44:23,084 [DEBUG] [MainThread] [systray_widget/systray.py:476]: Re-sorting widgets
2025-11-28 09:44:23,084 [DEBUG] [MainThread] [systray_widget/systray.py:498]: Updating current state
2025-11-28 09:45:27,399 [DEBUG] [MainThread] [systray_widget/systray.py:476]: Re-sorting widgets
2025-11-28 09:45:27,399 [DEBUG] [MainThread] [systray_widget/systray.py:498]: Updating current state
2025-11-28 09:45:30,353 [DEBUG] [MainThread] [systray_widget/systray.py:476]: Re-sorting widgets
2025-11-28 09:45:30,354 [DEBUG] [MainThread] [systray_widget/systray.py:498]: Updating current state
2025-11-28 09:46:34,615 [DEBUG] [MainThread] [systray_widget/systray.py:476]: Re-sorting widgets
2025-11-28 09:46:34,615 [DEBUG] [MainThread] [systray_widget/systray.py:498]: Updating current state
2025-11-28 09:46:37,621 [DEBUG] [MainThread] [systray_widget/systray.py:476]: Re-sorting widgets
2025-11-28 09:46:37,621 [DEBUG] [MainThread] [systray_widget/systray.py:498]: Updating current state
2025-11-28 09:47:41,859 [DEBUG] [MainThread] [systray_widget/systray.py:476]: Re-sorting widgets
2025-11-28 09:47:41,859 [DEBUG] [MainThread] [systray_widget/systray.py:498]: Updating current state
2025-11-28 09:47:44,857 [DEBUG] [MainThread] [systray_widget/systray.py:476]: Re-sorting widgets
2025-11-28 09:47:44,857 [DEBUG] [MainThread] [systray_widget/systray.py:498]: Updating current state
2025-11-28 09:48:49,117 [DEBUG] [MainThread] [systray_widget/systray.py:476]: Re-sorting widgets
2025-11-28 09:48:49,117 [DEBUG] [MainThread] [systray_widget/systray.py:498]: Updating current state
2025-11-28 09:48:52,107 [DEBUG] [MainThread] [systray_widget/systray.py:476]: Re-sorting widgets
2025-11-28 09:48:52,107 [DEBUG] [MainThread] [systray_widget/systray.py:498]: Updating current state
2025-11-28 09:49:56,348 [DEBUG] [MainThread] [systray_widget/systray.py:476]: Re-sorting widgets
2025-11-28 09:49:56,350 [DEBUG] [MainThread] [systray_widget/systray.py:498]: Updating current state
2025-11-28 09:49:59,325 [DEBUG] [MainThread] [systray_widget/systray.py:476]: Re-sorting widgets
2025-11-28 09:49:59,325 [DEBUG] [MainThread] [systray_widget/systray.py:498]: Updating current state
2025-11-28 09:51:03,608 [DEBUG] [MainThread] [systray_widget/systray.py:476]: Re-sorting widgets
2025-11-28 09:51:03,608 [DEBUG] [MainThread] [systray_widget/systray.py:498]: Updating current state
2025-11-28 09:51:06,602 [DEBUG] [MainThread] [systray_widget/systray.py:476]: Re-sorting widgets
2025-11-28 09:51:06,602 [DEBUG] [MainThread] [systray_widget/systray.py:498]: Updating current state
2025-11-28 09:52:10,845 [DEBUG] [MainThread] [systray_widget/systray.py:476]: Re-sorting widgets
2025-11-28 09:52:10,845 [DEBUG] [MainThread] [systray_widget/systray.py:498]: Updating current state
2025-11-28 09:52:13,840 [DEBUG] [MainThread] [systray_widget/systray.py:476]: Re-sorting widgets
2025-11-28 09:52:13,840 [DEBUG] [MainThread] [systray_widget/systray.py:498]: Updating current state
2025-11-28 09:53:18,093 [DEBUG] [MainThread] [systray_widget/systray.py:476]: Re-sorting widgets
2025-11-28 09:53:18,094 [DEBUG] [MainThread] [systray_widget/systray.py:498]: Updating current state
2025-11-28 09:53:21,076 [DEBUG] [MainThread] [systray_widget/systray.py:476]: Re-sorting widgets
2025-11-28 09:53:21,076 [DEBUG] [MainThread] [systray_widget/systray.py:498]: Updating current state
2025-11-28 09:54:25,333 [DEBUG] [MainThread] [systray_widget/systray.py:476]: Re-sorting widgets
2025-11-28 09:54:25,333 [DEBUG] [MainThread] [systray_widget/systray.py:498]: Updating current state
2025-11-28 09:54:28,316 [DEBUG] [MainThread] [systray_widget/systray.py:476]: Re-sorting widgets
2025-11-28 09:54:28,316 [DEBUG] [MainThread] [systray_widget/systray.py:498]: Updating current state
2025-11-28 09:55:32,575 [DEBUG] [MainThread] [systray_widget/systray.py:476]: Re-sorting widgets
2025-11-28 09:55:32,576 [DEBUG] [MainThread] [systray_widget/systray.py:498]: Updating current state
2025-11-28 09:55:35,565 [DEBUG] [MainThread] [systray_widget/systray.py:476]: Re-sorting widgets
2025-11-28 09:55:35,565 [DEBUG] [MainThread] [systray_widget/systray.py:498]: Updating current state
2025-11-28 09:56:39,822 [DEBUG] [MainThread] [systray_widget/systray.py:476]: Re-sorting widgets
2025-11-28 09:56:39,822 [DEBUG] [MainThread] [systray_widget/systray.py:498]: Updating current state
2025-11-28 09:56:42,805 [DEBUG] [MainThread] [systray_widget/systray.py:476]: Re-sorting widgets
2025-11-28 09:56:42,805 [DEBUG] [MainThread] [systray_widget/systray.py:498]: Updating current state
2025-11-28 09:57:47,087 [DEBUG] [MainThread] [systray_widget/systray.py:476]: Re-sorting widgets
2025-11-28 09:57:47,087 [DEBUG] [MainThread] [systray_widget/systray.py:498]: Updating current state
2025-11-28 09:57:50,135 [DEBUG] [MainThread] [systray_widget/systray.py:476]: Re-sorting widgets
2025-11-28 09:57:50,135 [DEBUG] [MainThread] [systray_widget/systray.py:498]: Updating current state
2025-11-28 09:58:54,380 [DEBUG] [MainThread] [systray_widget/systray.py:476]: Re-sorting widgets
2025-11-28 09:58:54,380 [DEBUG] [MainThread] [systray_widget/systray.py:498]: Updating current state
2025-11-28 09:58:57,388 [DEBUG] [MainThread] [systray_widget/systray.py:476]: Re-sorting widgets
2025-11-28 09:58:57,388 [DEBUG] [MainThread] [systray_widget/systray.py:498]: Updating current state
2025-11-28 10:00:01,665 [DEBUG] [MainThread] [systray_widget/systray.py:476]: Re-sorting widgets
2025-11-28 10:00:01,665 [DEBUG] [MainThread] [systray_widget/systray.py:498]: Updating current state
2025-11-28 10:00:04,626 [DEBUG] [MainThread] [systray_widget/systray.py:476]: Re-sorting widgets
2025-11-28 10:00:04,626 [DEBUG] [MainThread] [systray_widget/systray.py:498]: Updating current state
2025-11-28 10:01:08,872 [DEBUG] [MainThread] [systray_widget/systray.py:476]: Re-sorting widgets
2025-11-28 10:01:08,872 [DEBUG] [MainThread] [systray_widget/systray.py:498]: Updating current state
2025-11-28 10:01:11,922 [DEBUG] [MainThread] [systray_widget/systray.py:476]: Re-sorting widgets
2025-11-28 10:01:11,922 [DEBUG] [MainThread] [systray_widget/systray.py:498]: Updating current state
2025-11-28 10:02:16,172 [DEBUG] [MainThread] [systray_widget/systray.py:476]: Re-sorting widgets
2025-11-28 10:02:16,172 [DEBUG] [MainThread] [systray_widget/systray.py:498]: Updating current state
2025-11-28 10:02:19,188 [DEBUG] [MainThread] [systray_widget/systray.py:476]: Re-sorting widgets
2025-11-28 10:02:19,189 [DEBUG] [MainThread] [systray_widget/systray.py:498]: Updating current state
2025-11-28 10:03:23,435 [DEBUG] [MainThread] [systray_widget/systray.py:476]: Re-sorting widgets
2025-11-28 10:03:23,435 [DEBUG] [MainThread] [systray_widget/systray.py:498]: Updating current state
2025-11-28 10:03:26,440 [DEBUG] [MainThread] [systray_widget/systray.py:476]: Re-sorting widgets
2025-11-28 10:03:26,440 [DEBUG] [MainThread] [systray_widget/systray.py:498]: Updating current state
2025-11-28 10:04:30,689 [DEBUG] [MainThread] [systray_widget/systray.py:476]: Re-sorting widgets
2025-11-28 10:04:30,689 [DEBUG] [MainThread] [systray_widget/systray.py:498]: Updating current state
2025-11-28 10:04:33,684 [DEBUG] [MainThread] [systray_widget/systray.py:476]: Re-sorting widgets
2025-11-28 10:04:33,685 [DEBUG] [MainThread] [systray_widget/systray.py:498]: Updating current state
2025-11-28 10:05:37,929 [DEBUG] [MainThread] [systray_widget/systray.py:476]: Re-sorting widgets
2025-11-28 10:05:37,929 [DEBUG] [MainThread] [systray_widget/systray.py:498]: Updating current state
2025-11-28 10:05:40,923 [DEBUG] [MainThread] [systray_widget/systray.py:476]: Re-sorting widgets
2025-11-28 10:05:40,923 [DEBUG] [MainThread] [systray_widget/systray.py:498]: Updating current state
2025-11-28 10:06:45,196 [DEBUG] [MainThread] [systray_widget/systray.py:476]: Re-sorting widgets
2025-11-28 10:06:45,196 [DEBUG] [MainThread] [systray_widget/systray.py:498]: Updating current state
2025-11-28 10:06:48,233 [DEBUG] [MainThread] [systray_widget/systray.py:476]: Re-sorting widgets
2025-11-28 10:06:48,233 [DEBUG] [MainThread] [systray_widget/systray.py:498]: Updating current state
2025-11-28 10:07:52,443 [DEBUG] [MainThread] [systray_widget/systray.py:476]: Re-sorting widgets
2025-11-28 10:07:52,444 [DEBUG] [MainThread] [systray_widget/systray.py:498]: Updating current state
2025-11-28 10:07:55,440 [DEBUG] [MainThread] [systray_widget/systray.py:476]: Re-sorting widgets
2025-11-28 10:07:55,440 [DEBUG] [MainThread] [systray_widget/systray.py:498]: Updating current state
2025-11-28 10:08:59,695 [DEBUG] [MainThread] [systray_widget/systray.py:476]: Re-sorting widgets
2025-11-28 10:08:59,695 [DEBUG] [MainThread] [systray_widget/systray.py:498]: Updating current state
2025-11-28 10:09:02,694 [DEBUG] [MainThread] [systray_widget/systray.py:476]: Re-sorting widgets
2025-11-28 10:09:02,694 [DEBUG] [MainThread] [systray_widget/systray.py:498]: Updating current state
2025-11-28 10:10:06,962 [DEBUG] [MainThread] [systray_widget/systray.py:476]: Re-sorting widgets
2025-11-28 10:10:06,963 [DEBUG] [MainThread] [systray_widget/systray.py:498]: Updating current state
2025-11-28 10:10:09,945 [DEBUG] [MainThread] [systray_widget/systray.py:476]: Re-sorting widgets
2025-11-28 10:10:09,945 [DEBUG] [MainThread] [systray_widget/systray.py:498]: Updating current state
2025-11-28 10:11:14,186 [DEBUG] [MainThread] [systray_widget/systray.py:476]: Re-sorting widgets
2025-11-28 10:11:14,187 [DEBUG] [MainThread] [systray_widget/systray.py:498]: Updating current state
2025-11-28 10:11:17,189 [DEBUG] [MainThread] [systray_widget/systray.py:476]: Re-sorting widgets
2025-11-28 10:11:17,189 [DEBUG] [MainThread] [systray_widget/systray.py:498]: Updating current state
2025-11-28 10:12:21,430 [DEBUG] [MainThread] [systray_widget/systray.py:476]: Re-sorting widgets
2025-11-28 10:12:21,430 [DEBUG] [MainThread] [systray_widget/systray.py:498]: Updating current state
2025-11-28 10:12:24,434 [DEBUG] [MainThread] [systray_widget/systray.py:476]: Re-sorting widgets
2025-11-28 10:12:24,434 [DEBUG] [MainThread] [systray_widget/systray.py:498]: Updating current state
2025-11-28 10:13:28,672 [DEBUG] [MainThread] [systray_widget/systray.py:476]: Re-sorting widgets
2025-11-28 10:13:28,674 [DEBUG] [MainThread] [systray_widget/systray.py:498]: Updating current state
2025-11-28 10:13:31,672 [DEBUG] [MainThread] [systray_widget/systray.py:476]: Re-sorting widgets
2025-11-28 10:13:31,672 [DEBUG] [MainThread] [systray_widget/systray.py:498]: Updating current state
2025-11-28 10:14:35,930 [DEBUG] [MainThread] [systray_widget/systray.py:476]: Re-sorting widgets
2025-11-28 10:14:35,930 [DEBUG] [MainThread] [systray_widget/systray.py:498]: Updating current state
2025-11-28 10:14:39,006 [DEBUG] [MainThread] [systray_widget/systray.py:476]: Re-sorting widgets
2025-11-28 10:14:39,006 [DEBUG] [MainThread] [systray_widget/systray.py:498]: Updating current state
2025-11-28 10:15:43,264 [DEBUG] [MainThread] [systray_widget/systray.py:476]: Re-sorting widgets
2025-11-28 10:15:43,264 [DEBUG] [MainThread] [systray_widget/systray.py:498]: Updating current state
2025-11-28 10:15:46,279 [DEBUG] [MainThread] [systray_widget/systray.py:476]: Re-sorting widgets
2025-11-28 10:15:46,279 [DEBUG] [MainThread] [systray_widget/systray.py:498]: Updating current state
2025-11-28 10:16:50,642 [DEBUG] [MainThread] [systray_widget/systray.py:476]: Re-sorting widgets
2025-11-28 10:16:50,642 [DEBUG] [MainThread] [systray_widget/systray.py:498]: Updating current state
2025-11-28 10:16:53,556 [DEBUG] [MainThread] [systray_widget/systray.py:476]: Re-sorting widgets
2025-11-28 10:16:53,556 [DEBUG] [MainThread] [systray_widget/systray.py:498]: Updating current state
2025-11-28 10:17:57,810 [DEBUG] [MainThread] [systray_widget/systray.py:476]: Re-sorting widgets
2025-11-28 10:17:57,810 [DEBUG] [MainThread] [systray_widget/systray.py:498]: Updating current state
2025-11-28 10:18:00,812 [DEBUG] [MainThread] [systray_widget/systray.py:476]: Re-sorting widgets
2025-11-28 10:18:00,812 [DEBUG] [MainThread] [systray_widget/systray.py:498]: Updating current state
2025-11-28 10:19:05,062 [DEBUG] [MainThread] [systray_widget/systray.py:476]: Re-sorting widgets
2025-11-28 10:19:05,063 [DEBUG] [MainThread] [systray_widget/systray.py:498]: Updating current state
2025-11-28 10:19:08,072 [DEBUG] [MainThread] [systray_widget/systray.py:476]: Re-sorting widgets
2025-11-28 10:19:08,073 [DEBUG] [MainThread] [systray_widget/systray.py:498]: Updating current state
2025-11-28 10:20:12,335 [DEBUG] [MainThread] [systray_widget/systray.py:476]: Re-sorting widgets
2025-11-28 10:20:12,335 [DEBUG] [MainThread] [systray_widget/systray.py:498]: Updating current state
2025-11-28 10:20:15,348 [DEBUG] [MainThread] [systray_widget/systray.py:476]: Re-sorting widgets
2025-11-28 10:20:15,350 [DEBUG] [MainThread] [systray_widget/systray.py:498]: Updating current state
2025-11-28 10:21:19,567 [DEBUG] [MainThread] [systray_widget/systray.py:476]: Re-sorting widgets
2025-11-28 10:21:19,567 [DEBUG] [MainThread] [systray_widget/systray.py:498]: Updating current state
2025-11-28 10:21:22,583 [DEBUG] [MainThread] [systray_widget/systray.py:476]: Re-sorting widgets
2025-11-28 10:21:22,583 [DEBUG] [MainThread] [systray_widget/systray.py:498]: Updating current state
2025-11-28 10:22:26,919 [DEBUG] [MainThread] [systray_widget/systray.py:476]: Re-sorting widgets
2025-11-28 10:22:26,919 [DEBUG] [MainThread] [systray_widget/systray.py:498]: Updating current state
2025-11-28 10:22:29,880 [DEBUG] [MainThread] [systray_widget/systray.py:476]: Re-sorting widgets
2025-11-28 10:22:29,880 [DEBUG] [MainThread] [systray_widget/systray.py:498]: Updating current state
2025-11-28 10:23:34,110 [DEBUG] [MainThread] [systray_widget/systray.py:476]: Re-sorting widgets
2025-11-28 10:23:34,110 [DEBUG] [MainThread] [systray_widget/systray.py:498]: Updating current state
2025-11-28 10:23:37,111 [DEBUG] [MainThread] [systray_widget/systray.py:476]: Re-sorting widgets
2025-11-28 10:23:37,111 [DEBUG] [MainThread] [systray_widget/systray.py:498]: Updating current state
2025-11-28 10:24:41,490 [DEBUG] [MainThread] [systray_widget/systray.py:476]: Re-sorting widgets
2025-11-28 10:24:41,491 [DEBUG] [MainThread] [systray_widget/systray.py:498]: Updating current state
2025-11-28 10:24:44,439 [DEBUG] [MainThread] [systray_widget/systray.py:476]: Re-sorting widgets
2025-11-28 10:24:44,439 [DEBUG] [MainThread] [systray_widget/systray.py:498]: Updating current state
2025-11-28 10:25:48,630 [DEBUG] [MainThread] [systray_widget/systray.py:476]: Re-sorting widgets
2025-11-28 10:25:48,630 [DEBUG] [MainThread] [systray_widget/systray.py:498]: Updating current state
2025-11-28 10:25:51,609 [DEBUG] [MainThread] [systray_widget/systray.py:476]: Re-sorting widgets
2025-11-28 10:25:51,609 [DEBUG] [MainThread] [systray_widget/systray.py:498]: Updating current state
2025-11-28 10:26:55,868 [DEBUG] [MainThread] [systray_widget/systray.py:476]: Re-sorting widgets
2025-11-28 10:26:55,868 [DEBUG] [MainThread] [systray_widget/systray.py:498]: Updating current state
2025-11-28 10:26:58,869 [DEBUG] [MainThread] [systray_widget/systray.py:476]: Re-sorting widgets
2025-11-28 10:26:58,869 [DEBUG] [MainThread] [systray_widget/systray.py:498]: Updating current state
2025-11-28 10:28:03,126 [DEBUG] [MainThread] [systray_widget/systray.py:476]: Re-sorting widgets
2025-11-28 10:28:03,126 [DEBUG] [MainThread] [systray_widget/systray.py:498]: Updating current state
2025-11-28 10:28:06,115 [DEBUG] [MainThread] [systray_widget/systray.py:476]: Re-sorting widgets
2025-11-28 10:28:06,115 [DEBUG] [MainThread] [systray_widget/systray.py:498]: Updating current state
2025-11-28 10:29:10,383 [DEBUG] [MainThread] [systray_widget/systray.py:476]: Re-sorting widgets
2025-11-28 10:29:10,383 [DEBUG] [MainThread] [systray_widget/systray.py:498]: Updating current state
2025-11-28 10:29:13,358 [DEBUG] [MainThread] [systray_widget/systray.py:476]: Re-sorting widgets
2025-11-28 10:29:13,359 [DEBUG] [MainThread] [systray_widget/systray.py:498]: Updating current state
2025-11-28 10:30:17,674 [DEBUG] [MainThread] [systray_widget/systray.py:476]: Re-sorting widgets
2025-11-28 10:30:17,674 [DEBUG] [MainThread] [systray_widget/systray.py:498]: Updating current state
2025-11-28 10:30:20,622 [DEBUG] [MainThread] [systray_widget/systray.py:476]: Re-sorting widgets
2025-11-28 10:30:20,622 [DEBUG] [MainThread] [systray_widget/systray.py:498]: Updating current state
2025-11-28 10:31:24,870 [DEBUG] [MainThread] [systray_widget/systray.py:476]: Re-sorting widgets
2025-11-28 10:31:24,870 [DEBUG] [MainThread] [systray_widget/systray.py:498]: Updating current state
2025-11-28 10:31:27,841 [DEBUG] [MainThread] [systray_widget/systray.py:476]: Re-sorting widgets
2025-11-28 10:31:27,841 [DEBUG] [MainThread] [systray_widget/systray.py:498]: Updating current state
2025-11-28 10:32:32,150 [DEBUG] [MainThread] [systray_widget/systray.py:476]: Re-sorting widgets
2025-11-28 10:32:32,150 [DEBUG] [MainThread] [systray_widget/systray.py:498]: Updating current state
2025-11-28 10:32:35,095 [DEBUG] [MainThread] [systray_widget/systray.py:476]: Re-sorting widgets
2025-11-28 10:32:35,096 [DEBUG] [MainThread] [systray_widget/systray.py:498]: Updating current state
2025-11-28 10:33:39,343 [DEBUG] [MainThread] [systray_widget/systray.py:476]: Re-sorting widgets
2025-11-28 10:33:39,343 [DEBUG] [MainThread] [systray_widget/systray.py:498]: Updating current state
2025-11-28 10:33:42,361 [DEBUG] [MainThread] [systray_widget/systray.py:476]: Re-sorting widgets
2025-11-28 10:33:42,361 [DEBUG] [MainThread] [systray_widget/systray.py:498]: Updating current state
2025-11-28 10:34:46,615 [DEBUG] [MainThread] [systray_widget/systray.py:476]: Re-sorting widgets
2025-11-28 10:34:46,616 [DEBUG] [MainThread] [systray_widget/systray.py:498]: Updating current state
2025-11-28 10:34:49,593 [DEBUG] [MainThread] [systray_widget/systray.py:476]: Re-sorting widgets
2025-11-28 10:34:49,593 [DEBUG] [MainThread] [systray_widget/systray.py:498]: Updating current state
2025-11-28 10:35:53,841 [DEBUG] [MainThread] [systray_widget/systray.py:476]: Re-sorting widgets
2025-11-28 10:35:53,841 [DEBUG] [MainThread] [systray_widget/systray.py:498]: Updating current state
2025-11-28 10:35:56,851 [DEBUG] [MainThread] [systray_widget/systray.py:476]: Re-sorting widgets
2025-11-28 10:35:56,852 [DEBUG] [MainThread] [systray_widget/systray.py:498]: Updating current state
2025-11-28 10:37:01,121 [DEBUG] [MainThread] [systray_widget/systray.py:476]: Re-sorting widgets
2025-11-28 10:37:01,121 [DEBUG] [MainThread] [systray_widget/systray.py:498]: Updating current state
2025-11-28 10:37:04,107 [DEBUG] [MainThread] [systray_widget/systray.py:476]: Re-sorting widgets
2025-11-28 10:37:04,107 [DEBUG] [MainThread] [systray_widget/systray.py:498]: Updating current state
2025-11-28 10:38:08,342 [DEBUG] [MainThread] [systray_widget/systray.py:476]: Re-sorting widgets
2025-11-28 10:38:08,343 [DEBUG] [MainThread] [systray_widget/systray.py:498]: Updating current state
2025-11-28 10:38:11,411 [DEBUG] [MainThread] [systray_widget/systray.py:476]: Re-sorting widgets
2025-11-28 10:38:11,411 [DEBUG] [MainThread] [systray_widget/systray.py:498]: Updating current state
2025-11-28 10:39:15,662 [DEBUG] [MainThread] [systray_widget/systray.py:476]: Re-sorting widgets
2025-11-28 10:39:15,662 [DEBUG] [MainThread] [systray_widget/systray.py:498]: Updating current state
2025-11-28 10:39:18,588 [DEBUG] [MainThread] [systray_widget/systray.py:476]: Re-sorting widgets
2025-11-28 10:39:18,588 [DEBUG] [MainThread] [systray_widget/systray.py:498]: Updating current state
2025-11-28 10:40:22,850 [DEBUG] [MainThread] [systray_widget/systray.py:476]: Re-sorting widgets
2025-11-28 10:40:22,850 [DEBUG] [MainThread] [systray_widget/systray.py:498]: Updating current state
2025-11-28 10:40:25,817 [DEBUG] [MainThread] [systray_widget/systray.py:476]: Re-sorting widgets
2025-11-28 10:40:25,817 [DEBUG] [MainThread] [systray_widget/systray.py:498]: Updating current state
2025-11-28 10:41:30,062 [DEBUG] [MainThread] [systray_widget/systray.py:476]: Re-sorting widgets
2025-11-28 10:41:30,062 [DEBUG] [MainThread] [systray_widget/systray.py:498]: Updating current state
2025-11-28 10:41:33,060 [DEBUG] [MainThread] [systray_widget/systray.py:476]: Re-sorting widgets
2025-11-28 10:41:33,060 [DEBUG] [MainThread] [systray_widget/systray.py:498]: Updating current state
2025-11-28 10:42:37,341 [DEBUG] [MainThread] [systray_widget/systray.py:476]: Re-sorting widgets
2025-11-28 10:42:37,341 [DEBUG] [MainThread] [systray_widget/systray.py:498]: Updating current state
2025-11-28 10:42:40,301 [DEBUG] [MainThread] [systray_widget/systray.py:476]: Re-sorting widgets
2025-11-28 10:42:40,302 [DEBUG] [MainThread] [systray_widget/systray.py:498]: Updating current state
2025-11-28 10:43:44,569 [DEBUG] [MainThread] [systray_widget/systray.py:476]: Re-sorting widgets
2025-11-28 10:43:44,569 [DEBUG] [MainThread] [systray_widget/systray.py:498]: Updating current state
2025-11-28 10:43:47,574 [DEBUG] [MainThread] [systray_widget/systray.py:476]: Re-sorting widgets
2025-11-28 10:43:47,574 [DEBUG] [MainThread] [systray_widget/systray.py:498]: Updating current state
2025-11-28 10:44:51,806 [DEBUG] [MainThread] [systray_widget/systray.py:476]: Re-sorting widgets
2025-11-28 10:44:51,806 [DEBUG] [MainThread] [systray_widget/systray.py:498]: Updating current state
2025-11-28 10:44:54,859 [DEBUG] [MainThread] [systray_widget/systray.py:476]: Re-sorting widgets
2025-11-28 10:44:54,859 [DEBUG] [MainThread] [systray_widget/systray.py:498]: Updating current state
2025-11-28 10:45:59,079 [DEBUG] [MainThread] [systray_widget/systray.py:476]: Re-sorting widgets
2025-11-28 10:45:59,080 [DEBUG] [MainThread] [systray_widget/systray.py:498]: Updating current state
2025-11-28 10:46:02,084 [DEBUG] [MainThread] [systray_widget/systray.py:476]: Re-sorting widgets
2025-11-28 10:46:02,084 [DEBUG] [MainThread] [systray_widget/systray.py:498]: Updating current state
2025-11-28 10:47:06,349 [DEBUG] [MainThread] [systray_widget/systray.py:476]: Re-sorting widgets
2025-11-28 10:47:06,349 [DEBUG] [MainThread] [systray_widget/systray.py:498]: Updating current state
2025-11-28 10:47:09,345 [DEBUG] [MainThread] [systray_widget/systray.py:476]: Re-sorting widgets
2025-11-28 10:47:09,345 [DEBUG] [MainThread] [systray_widget/systray.py:498]: Updating current state
2025-11-28 10:48:13,585 [DEBUG] [MainThread] [systray_widget/systray.py:476]: Re-sorting widgets
2025-11-28 10:48:13,585 [DEBUG] [MainThread] [systray_widget/systray.py:498]: Updating current state
2025-11-28 10:48:16,550 [DEBUG] [MainThread] [systray_widget/systray.py:476]: Re-sorting widgets
2025-11-28 10:48:16,551 [DEBUG] [MainThread] [systray_widget/systray.py:498]: Updating current state
2025-11-28 10:49:20,810 [DEBUG] [MainThread] [systray_widget/systray.py:476]: Re-sorting widgets
2025-11-28 10:49:20,811 [DEBUG] [MainThread] [systray_widget/systray.py:498]: Updating current state
2025-11-28 10:49:23,829 [DEBUG] [MainThread] [systray_widget/systray.py:476]: Re-sorting widgets
2025-11-28 10:49:23,829 [DEBUG] [MainThread] [systray_widget/systray.py:498]: Updating current state
2025-11-28 10:50:28,087 [DEBUG] [MainThread] [systray_widget/systray.py:476]: Re-sorting widgets
2025-11-28 10:50:28,087 [DEBUG] [MainThread] [systray_widget/systray.py:498]: Updating current state
2025-11-28 10:50:31,086 [DEBUG] [MainThread] [systray_widget/systray.py:476]: Re-sorting widgets
2025-11-28 10:50:31,086 [DEBUG] [MainThread] [systray_widget/systray.py:498]: Updating current state
2025-11-28 10:51:35,349 [DEBUG] [MainThread] [systray_widget/systray.py:476]: Re-sorting widgets
2025-11-28 10:51:35,349 [DEBUG] [MainThread] [systray_widget/systray.py:498]: Updating current state
2025-11-28 10:51:38,331 [DEBUG] [MainThread] [systray_widget/systray.py:476]: Re-sorting widgets
2025-11-28 10:51:38,331 [DEBUG] [MainThread] [systray_widget/systray.py:498]: Updating current state
2025-11-28 10:52:42,593 [DEBUG] [MainThread] [systray_widget/systray.py:476]: Re-sorting widgets
2025-11-28 10:52:42,594 [DEBUG] [MainThread] [systray_widget/systray.py:498]: Updating current state
2025-11-28 10:52:45,590 [DEBUG] [MainThread] [systray_widget/systray.py:476]: Re-sorting widgets
2025-11-28 10:52:45,590 [DEBUG] [MainThread] [systray_widget/systray.py:498]: Updating current state
2025-11-28 10:53:49,926 [DEBUG] [MainThread] [systray_widget/systray.py:476]: Re-sorting widgets
2025-11-28 10:53:49,926 [DEBUG] [MainThread] [systray_widget/systray.py:498]: Updating current state
2025-11-28 10:53:52,873 [DEBUG] [MainThread] [systray_widget/systray.py:476]: Re-sorting widgets
2025-11-28 10:53:52,873 [DEBUG] [MainThread] [systray_widget/systray.py:498]: Updating current state
2025-11-28 10:54:57,123 [DEBUG] [MainThread] [systray_widget/systray.py:476]: Re-sorting widgets
2025-11-28 10:54:57,124 [DEBUG] [MainThread] [systray_widget/systray.py:498]: Updating current state
2025-11-28 10:55:00,150 [DEBUG] [MainThread] [systray_widget/systray.py:476]: Re-sorting widgets
2025-11-28 10:55:00,150 [DEBUG] [MainThread] [systray_widget/systray.py:498]: Updating current state
2025-11-28 10:56:04,399 [DEBUG] [MainThread] [systray_widget/systray.py:476]: Re-sorting widgets
2025-11-28 10:56:04,399 [DEBUG] [MainThread] [systray_widget/systray.py:498]: Updating current state
2025-11-28 10:56:07,388 [DEBUG] [MainThread] [systray_widget/systray.py:476]: Re-sorting widgets
2025-11-28 10:56:07,388 [DEBUG] [MainThread] [systray_widget/systray.py:498]: Updating current state
2025-11-28 10:57:11,643 [DEBUG] [MainThread] [systray_widget/systray.py:476]: Re-sorting widgets
2025-11-28 10:57:11,644 [DEBUG] [MainThread] [systray_widget/systray.py:498]: Updating current state
2025-11-28 10:57:14,629 [DEBUG] [MainThread] [systray_widget/systray.py:476]: Re-sorting widgets
2025-11-28 10:57:14,629 [DEBUG] [MainThread] [systray_widget/systray.py:498]: Updating current state
2025-11-28 10:58:18,897 [DEBUG] [MainThread] [systray_widget/systray.py:476]: Re-sorting widgets
2025-11-28 10:58:18,897 [DEBUG] [MainThread] [systray_widget/systray.py:498]: Updating current state
2025-11-28 10:58:21,897 [DEBUG] [MainThread] [systray_widget/systray.py:476]: Re-sorting widgets
2025-11-28 10:58:21,897 [DEBUG] [MainThread] [systray_widget/systray.py:498]: Updating current state
2025-11-28 10:59:26,128 [DEBUG] [MainThread] [systray_widget/systray.py:476]: Re-sorting widgets
2025-11-28 10:59:26,129 [DEBUG] [MainThread] [systray_widget/systray.py:498]: Updating current state
2025-11-28 10:59:29,160 [DEBUG] [MainThread] [systray_widget/systray.py:476]: Re-sorting widgets
2025-11-28 10:59:29,160 [DEBUG] [MainThread] [systray_widget/systray.py:498]: Updating current state
2025-11-28 11:00:33,603 [DEBUG] [MainThread] [systray_widget/systray.py:476]: Re-sorting widgets
2025-11-28 11:00:33,603 [DEBUG] [MainThread] [systray_widget/systray.py:498]: Updating current state
2025-11-28 11:00:36,628 [DEBUG] [MainThread] [systray_widget/systray.py:476]: Re-sorting widgets
2025-11-28 11:00:36,629 [DEBUG] [MainThread] [systray_widget/systray.py:498]: Updating current state
2025-11-28 11:01:40,841 [DEBUG] [MainThread] [systray_widget/systray.py:476]: Re-sorting widgets
2025-11-28 11:01:40,841 [DEBUG] [MainThread] [systray_widget/systray.py:498]: Updating current state
2025-11-28 11:01:43,843 [DEBUG] [MainThread] [systray_widget/systray.py:476]: Re-sorting widgets
2025-11-28 11:01:43,843 [DEBUG] [MainThread] [systray_widget/systray.py:498]: Updating current state
2025-11-28 11:02:48,807 [DEBUG] [MainThread] [systray_widget/systray.py:476]: Re-sorting widgets
2025-11-28 11:02:48,807 [DEBUG] [MainThread] [systray_widget/systray.py:498]: Updating current state
2025-11-28 11:02:51,798 [DEBUG] [MainThread] [systray_widget/systray.py:476]: Re-sorting widgets
2025-11-28 11:02:51,801 [DEBUG] [MainThread] [systray_widget/systray.py:498]: Updating current state
2025-11-28 11:03:56,047 [DEBUG] [MainThread] [systray_widget/systray.py:476]: Re-sorting widgets
2025-11-28 11:03:56,047 [DEBUG] [MainThread] [systray_widget/systray.py:498]: Updating current state
2025-11-28 11:03:59,084 [DEBUG] [MainThread] [systray_widget/systray.py:476]: Re-sorting widgets
2025-11-28 11:03:59,084 [DEBUG] [MainThread] [systray_widget/systray.py:498]: Updating current state
2025-11-28 11:05:03,309 [DEBUG] [MainThread] [systray_widget/systray.py:476]: Re-sorting widgets
2025-11-28 11:05:03,309 [DEBUG] [MainThread] [systray_widget/systray.py:498]: Updating current state
2025-11-28 11:05:06,325 [DEBUG] [MainThread] [systray_widget/systray.py:476]: Re-sorting widgets
2025-11-28 11:05:06,325 [DEBUG] [MainThread] [systray_widget/systray.py:498]: Updating current state
2025-11-28 11:06:10,564 [DEBUG] [MainThread] [systray_widget/systray.py:476]: Re-sorting widgets
2025-11-28 11:06:10,564 [DEBUG] [MainThread] [systray_widget/systray.py:498]: Updating current state
2025-11-28 11:06:13,631 [DEBUG] [MainThread] [systray_widget/systray.py:476]: Re-sorting widgets
2025-11-28 11:06:13,631 [DEBUG] [MainThread] [systray_widget/systray.py:498]: Updating current state
2025-11-28 11:07:17,914 [DEBUG] [MainThread] [systray_widget/systray.py:476]: Re-sorting widgets
2025-11-28 11:07:17,914 [DEBUG] [MainThread] [systray_widget/systray.py:498]: Updating current state
2025-11-28 11:07:20,969 [DEBUG] [MainThread] [systray_widget/systray.py:476]: Re-sorting widgets
2025-11-28 11:07:20,969 [DEBUG] [MainThread] [systray_widget/systray.py:498]: Updating current state
2025-11-28 11:08:25,265 [DEBUG] [MainThread] [systray_widget/systray.py:476]: Re-sorting widgets
2025-11-28 11:08:25,265 [DEBUG] [MainThread] [systray_widget/systray.py:498]: Updating current state
2025-11-28 11:08:28,263 [DEBUG] [MainThread] [systray_widget/systray.py:476]: Re-sorting widgets
2025-11-28 11:08:28,263 [DEBUG] [MainThread] [systray_widget/systray.py:498]: Updating current state
2025-11-28 11:09:32,472 [DEBUG] [MainThread] [systray_widget/systray.py:476]: Re-sorting widgets
2025-11-28 11:09:32,473 [DEBUG] [MainThread] [systray_widget/systray.py:498]: Updating current state
2025-11-28 11:09:35,475 [DEBUG] [MainThread] [systray_widget/systray.py:476]: Re-sorting widgets
2025-11-28 11:09:35,475 [DEBUG] [MainThread] [systray_widget/systray.py:498]: Updating current state
2025-11-28 11:10:39,799 [DEBUG] [MainThread] [systray_widget/systray.py:476]: Re-sorting widgets
2025-11-28 11:10:39,800 [DEBUG] [MainThread] [systray_widget/systray.py:498]: Updating current state
2025-11-28 11:10:42,758 [DEBUG] [MainThread] [systray_widget/systray.py:476]: Re-sorting widgets
2025-11-28 11:10:42,758 [DEBUG] [MainThread] [systray_widget/systray.py:498]: Updating current state
2025-11-28 11:44:04,532 [INFO] [MainThread] [root/bar.py:147]: Screen geometry changed. Updating position for bar (primary-bar_LG FHD_992e2cb5)
2025-11-28 11:44:14,547 [INFO] [MainThread] [root/bar.py:147]: Screen geometry changed. Updating position for bar (primary-bar_LG FHD_992e2cb5)
2025-11-28 11:44:30,519 [DEBUG] [MainThread] [systray_widget/systray.py:476]: Re-sorting widgets
2025-11-28 11:44:30,523 [DEBUG] [MainThread] [systray_widget/systray.py:498]: Updating current state
2025-11-28 11:44:59,072 [DEBUG] [MainThread] [systray_widget/systray.py:476]: Re-sorting widgets
2025-11-28 11:44:59,072 [DEBUG] [MainThread] [systray_widget/systray.py:498]: Updating current state
2025-11-28 14:00:52,927 [INFO] [MainThread] [root/bar.py:147]: Screen geometry changed. Updating position for bar (primary-bar_LG FHD_992e2cb5)
2025-11-28 14:01:22,593 [DEBUG] [MainThread] [systray_widget/systray.py:476]: Re-sorting widgets
2025-11-28 14:01:22,599 [DEBUG] [MainThread] [systray_widget/systray.py:498]: Updating current state
2025-11-28 14:01:29,339 [DEBUG] [MainThread] [systray_widget/systray.py:476]: Re-sorting widgets
2025-11-28 14:01:29,339 [DEBUG] [MainThread] [systray_widget/systray.py:498]: Updating current state
2025-11-28 14:01:33,408 [DEBUG] [MainThread] [systray_widget/systray.py:476]: Re-sorting widgets
2025-11-28 14:01:33,408 [DEBUG] [MainThread] [systray_widget/systray.py:498]: Updating current state
2025-11-28 14:34:33,432 [DEBUG] [MainThread] [systray_widget/systray.py:476]: Re-sorting widgets
2025-11-28 14:34:33,434 [DEBUG] [MainThread] [systray_widget/systray.py:498]: Updating current state
2025-11-28 14:34:56,549 [DEBUG] [MainThread] [systray_widget/systray.py:476]: Re-sorting widgets
2025-11-28 14:34:56,549 [DEBUG] [MainThread] [systray_widget/systray.py:498]: Updating current state
2025-11-28 14:39:46,460 [INFO] [MainThread] [root/bar_manager.py:80]: Screens updated. Re-initialising all bars.
2025-11-28 14:39:46,461 [INFO] [MainThread] [root/controller.py:15]: Reloading Application because of screen update.
2025-11-28 14:39:46,574 [INFO] [MainThread] [cli_server/cli_server.py:112]: Log pipe server stopped
2025-11-28 14:39:46,574 [DEBUG] [MainThread] [cli_server/cli_server.py:206]: CLI server stopped
2025-11-28 14:39:46,725 [INFO] [MainThread] [root/bar_manager.py:80]: Screens updated. Re-initialising all bars.
2025-11-28 14:39:46,725 [INFO] [MainThread] [root/controller.py:15]: Reloading Application because of screen update.
2025-11-28 14:39:46,830 [INFO] [MainThread] [cli_server/cli_server.py:112]: Log pipe server stopped
2025-11-28 14:39:46,831 [DEBUG] [MainThread] [cli_server/cli_server.py:206]: CLI server stopped
2025-11-28 14:39:47,056 [INFO] [MainThread] [root/bar_manager.py:92]: Stopping KomorebiEventListener...
2025-11-28 14:39:47,066 [INFO] [MainThread] [root/bar_manager.py:92]: Stopping SystemEventListener...
2025-11-28 14:39:47,071 [INFO] [MainThread] [root/bar_manager.py:92]: Stopping WindowsNotificationEventListener...
2025-11-28 14:39:47,136 [DEBUG] [MainThread] [systray_widget/systray.py:498]: Updating current state
2025-11-28 14:39:47,136 [DEBUG] [MainThread] [systray_widget/systray.py:516]: Saving state to disk
2025-11-28 14:39:47,157 [DEBUG] [MainThread] [systray_widget/systray.py:520]: Saving state to C:\Users\renat\AppData\Local\YASB\systray_state_LGELECTRONICSLGFHD283841.json
2025-11-28 14:39:47,306 [DEBUG] [MainThread] [qasync._windows._EventPoller/_windows.py:220]: Stopping worker thread...
2025-11-28 14:39:47,316 [DEBUG] [Dummy-9] [qasync._windows._EventWorker/_windows.py:204]: Exiting thread
2025-11-28 14:39:47,345 [DEBUG] [MainThread] [qasync._windows._IocpProactor/_windows.py:78]: Closing
2025-11-28 14:39:47,605 [DEBUG] [MainThread] [systray_widget/utils.py:96]: Destroying window 131152
2025-11-28 14:39:47,606 [DEBUG] [MainThread] [systray_widget/utils.py:96]: Destroying window 131324
2025-11-28 14:39:56,016 [INFO] [MainThread] [root/log.py:59]: YASB v1.8.3
2025-11-28 14:39:56,019 [INFO] [Thread-1 (_run_server)] [cli_server/cli_server.py:212]: CLI server started v1.1.2
2025-11-28 14:39:56,020 [INFO] [MainThread] [cli_server/cli_server.py:104]: Log pipe server started
2025-11-28 14:39:56,020 [INFO] [MainThread] [cli_server/cli_server.py:104]: Log pipe server started
2025-11-28 14:39:56,020 [INFO] [MainThread] [root/main.py:47]: Waiting for previous YASB instance to exit...
2025-11-28 14:39:58,026 [DEBUG] [MainThread] [comtypes/__init__.py:149]: CoInitializeEx(None, 2)
2025-11-28 14:40:00,464 [DEBUG] [MainThread] [tzlocal/win32.py:55]: Looking up time zone info from registry
2025-11-28 14:40:06,065 [ERROR] [MainThread] [root/main.py:70]: Timeout waiting for previous instance. Aborting start.
2025-11-28 14:40:11,384 [INFO] [MainThread] [root/bar_manager.py:85]: Starting KomorebiEventListener...
2025-11-28 14:40:11,385 [INFO] [MainThread] [root/bar_manager.py:85]: Starting SystemEventListener...
2025-11-28 14:40:11,385 [INFO] [MainThread] [root/bar_manager.py:85]: Starting WindowsNotificationEventListener...
2025-11-28 14:40:11,386 [INFO] [MainThread] [root/watcher.py:54]: Created file watcher for path C:\Users\renat\.config\yasb
2025-11-28 14:40:11,388 [INFO] [Dummy-5] [root/event_listener.py:51]: Created named pipe yasb-4a0f6ffb-cc81-11f0-b529-dc45465b95c7
2025-11-28 14:40:11,513 [DEBUG] [MainThread] [qasync._windows._EventPoller/_windows.py:215]: Starting (proactor: <_IocpProactor overlapped#=0 result#=0>)...
2025-11-28 14:40:11,514 [DEBUG] [Dummy-9] [qasync._windows._EventWorker/_windows.py:195]: Thread started
2025-11-28 14:40:11,516 [DEBUG] [MainThread] [systray_widget/systray.py:538]: Loading state from C:\Users\renat\AppData\Local\YASB\systray_state_SAMSUNGELECTRICCOMPANYCHIMEIINNOLUXCORPORATIONSAMSUNG16780800.json
2025-11-28 14:40:11,536 [DEBUG] [TrayMonitor] [systray_widget/systray.py:58]: Systray thread is starting...
2025-11-28 14:40:11,537 [DEBUG] [TaskbarService] [systray_widget/systray.py:72]: TaskbarService thread is starting...
2025-11-28 14:40:11,547 [DEBUG] [TaskbarService] [root/tasks_service.py:75]: Found yasb systray hwnd: 1118350
2025-11-28 14:40:11,547 [DEBUG] [TaskbarService] [systray_widget/tasks_service.py:81]: Adding TaskbandHWND prop to hwnd 1118350
2025-11-28 14:40:19,120 [DEBUG] [MainThread] [systray_widget/systray.py:285]: Systray thread started
2025-11-28 14:40:19,321 [DEBUG] [TaskbarService] [systray_widget/tasks_service.py:81]: Adding TaskbandHWND prop to hwnd 1118350
2025-11-28 14:40:19,322 [DEBUG] [TrayMonitor] [systray_widget/tray_monitor.py:228]: Finding real tray hwnd
2025-11-28 14:40:19,348 [DEBUG] [MainThread] [systray_widget/tray_monitor.py:154]: Sending TaskbarCreated message: 49296
2025-11-28 14:40:20,632 [DEBUG] [MainThread] [systray_widget/systray.py:476]: Re-sorting widgets
2025-11-28 14:40:20,633 [DEBUG] [MainThread] [systray_widget/systray.py:498]: Updating current state
2025-11-28 14:40:28,486 [DEBUG] [MainThread] [systray_widget/systray.py:476]: Re-sorting widgets
2025-11-28 14:40:28,486 [DEBUG] [MainThread] [systray_widget/systray.py:498]: Updating current state
2025-11-28 14:50:02,137 [DEBUG] [MainThread] [systray_widget/systray.py:476]: Re-sorting widgets
2025-11-28 14:50:02,137 [DEBUG] [MainThread] [systray_widget/systray.py:498]: Updating current state
2025-11-28 15:15:46,056 [INFO] [MainThread] [root/bar_manager.py:80]: Screens updated. Re-initialising all bars.
2025-11-28 15:15:46,056 [INFO] [MainThread] [root/controller.py:15]: Reloading Application because of screen update.
2025-11-28 15:15:46,160 [INFO] [MainThread] [cli_server/cli_server.py:112]: Log pipe server stopped
2025-11-28 15:15:46,161 [DEBUG] [MainThread] [cli_server/cli_server.py:206]: CLI server stopped
2025-11-28 15:15:46,343 [INFO] [MainThread] [root/bar_manager.py:80]: Screens updated. Re-initialising all bars.
2025-11-28 15:15:46,344 [INFO] [MainThread] [root/controller.py:15]: Reloading Application because of screen update.
2025-11-28 15:15:46,456 [INFO] [MainThread] [cli_server/cli_server.py:112]: Log pipe server stopped
2025-11-28 15:15:46,456 [DEBUG] [MainThread] [cli_server/cli_server.py:206]: CLI server stopped
2025-11-28 15:15:46,832 [INFO] [MainThread] [root/bar_manager.py:92]: Stopping KomorebiEventListener...
2025-11-28 15:15:46,836 [INFO] [MainThread] [root/bar_manager.py:92]: Stopping SystemEventListener...
2025-11-28 15:15:46,838 [INFO] [MainThread] [root/bar_manager.py:92]: Stopping WindowsNotificationEventListener...
2025-11-28 15:15:46,844 [DEBUG] [MainThread] [systray_widget/systray.py:498]: Updating current state
2025-11-28 15:15:46,850 [DEBUG] [MainThread] [systray_widget/systray.py:516]: Saving state to disk
2025-11-28 15:15:46,854 [DEBUG] [MainThread] [systray_widget/systray.py:520]: Saving state to C:\Users\renat\AppData\Local\YASB\systray_state_SAMSUNGELECTRICCOMPANYCHIMEIINNOLUXCORPORATIONSAMSUNG16780800.json
2025-11-28 15:15:46,925 [DEBUG] [MainThread] [qasync._windows._EventPoller/_windows.py:220]: Stopping worker thread...
2025-11-28 15:15:46,930 [DEBUG] [Dummy-9] [qasync._windows._EventWorker/_windows.py:204]: Exiting thread
2025-11-28 15:15:47,030 [DEBUG] [MainThread] [qasync._windows._IocpProactor/_windows.py:78]: Closing
2025-11-28 15:15:47,272 [DEBUG] [MainThread] [systray_widget/utils.py:96]: Destroying window 1772600
2025-11-28 15:15:47,273 [DEBUG] [MainThread] [systray_widget/utils.py:96]: Destroying window 1118350
2025-11-28 15:15:48,222 [INFO] [MainThread] [root/log.py:59]: YASB v1.8.3
2025-11-28 15:15:48,226 [INFO] [Thread-1 (_run_server)] [cli_server/cli_server.py:212]: CLI server started v1.1.2
2025-11-28 15:15:48,229 [INFO] [MainThread] [cli_server/cli_server.py:104]: Log pipe server started
2025-11-28 15:15:48,579 [INFO] [MainThread] [root/log.py:59]: YASB v1.8.3
2025-11-28 15:15:48,583 [INFO] [Thread-1 (_run_server)] [cli_server/cli_server.py:212]: CLI server started v1.1.2
2025-11-28 15:15:48,583 [INFO] [MainThread] [cli_server/cli_server.py:104]: Log pipe server started
2025-11-28 15:15:48,583 [INFO] [MainThread] [root/main.py:47]: Waiting for previous YASB instance to exit...
2025-11-28 15:15:49,042 [DEBUG] [MainThread] [comtypes/__init__.py:149]: CoInitializeEx(None, 2)
2025-11-28 15:15:49,515 [DEBUG] [MainThread] [tzlocal/win32.py:55]: Looking up time zone info from registry
2025-11-28 15:15:52,079 [INFO] [MainThread] [root/bar_manager.py:85]: Starting KomorebiEventListener...
2025-11-28 15:15:52,081 [INFO] [MainThread] [root/bar_manager.py:85]: Starting SystemEventListener...
2025-11-28 15:15:52,082 [INFO] [MainThread] [root/bar_manager.py:85]: Starting WindowsNotificationEventListener...
2025-11-28 15:15:52,085 [INFO] [Dummy-3] [root/event_listener.py:51]: Created named pipe yasb-4603bc59-cc86-11f0-a5b1-dc45465b95c7
2025-11-28 15:15:52,086 [INFO] [MainThread] [root/watcher.py:54]: Created file watcher for path C:\Users\renat\.config\yasb
2025-11-28 15:15:52,225 [DEBUG] [MainThread] [qasync._windows._EventPoller/_windows.py:215]: Starting (proactor: <_IocpProactor overlapped#=0 result#=0>)...
2025-11-28 15:15:52,230 [DEBUG] [Dummy-9] [qasync._windows._EventWorker/_windows.py:195]: Thread started
2025-11-28 15:15:52,233 [DEBUG] [MainThread] [systray_widget/systray.py:538]: Loading state from C:\Users\renat\AppData\Local\YASB\systray_state_CHIMEIINNOLUXCORPORATIONDISPLAY1.json
2025-11-28 15:15:52,282 [DEBUG] [TrayMonitor] [systray_widget/systray.py:58]: Systray thread is starting...
2025-11-28 15:15:52,291 [DEBUG] [TaskbarService] [systray_widget/systray.py:72]: TaskbarService thread is starting...
2025-11-28 15:15:52,304 [DEBUG] [TaskbarService] [root/tasks_service.py:75]: Found yasb systray hwnd: 2097348
2025-11-28 15:15:52,304 [DEBUG] [TaskbarService] [systray_widget/tasks_service.py:81]: Adding TaskbandHWND prop to hwnd 2097348
2025-11-28 15:15:53,045 [DEBUG] [MainThread] [systray_widget/systray.py:285]: Systray thread started
2025-11-28 15:15:53,248 [DEBUG] [TaskbarService] [systray_widget/tasks_service.py:81]: Adding TaskbandHWND prop to hwnd 2097348
2025-11-28 15:15:53,249 [DEBUG] [TrayMonitor] [systray_widget/tray_monitor.py:228]: Finding real tray hwnd
2025-11-28 15:15:53,309 [DEBUG] [MainThread] [systray_widget/tray_monitor.py:154]: Sending TaskbarCreated message: 49296
2025-11-28 15:15:54,656 [DEBUG] [MainThread] [systray_widget/systray.py:476]: Re-sorting widgets
2025-11-28 15:15:54,657 [DEBUG] [MainThread] [systray_widget/systray.py:498]: Updating current state
2025-11-28 15:15:58,684 [ERROR] [MainThread] [root/main.py:70]: Timeout waiting for previous instance. Aborting start.
2025-11-28 15:16:02,455 [DEBUG] [MainThread] [systray_widget/systray.py:476]: Re-sorting widgets
2025-11-28 15:16:02,457 [DEBUG] [MainThread] [systray_widget/systray.py:498]: Updating current state
2025-11-28 15:32:53,034 [DEBUG] [MainThread] [systray_widget/systray.py:476]: Re-sorting widgets
2025-11-28 15:32:53,034 [DEBUG] [MainThread] [systray_widget/systray.py:498]: Updating current state
2025-11-28 15:35:51,959 [INFO] [MainThread] [root/bar.py:147]: Screen geometry changed. Updating position for bar (primary-bar_DISPLAY1_a02fcb92)
2025-11-28 15:36:16,926 [DEBUG] [MainThread] [systray_widget/systray.py:476]: Re-sorting widgets
2025-11-28 15:36:16,926 [DEBUG] [MainThread] [systray_widget/systray.py:498]: Updating current state
2025-11-28 15:42:37,174 [DEBUG] [MainThread] [systray_widget/systray.py:476]: Re-sorting widgets
2025-11-28 15:42:37,174 [DEBUG] [MainThread] [systray_widget/systray.py:498]: Updating current state
2025-11-28 15:54:04,717 [DEBUG] [MainThread] [systray_widget/systray.py:476]: Re-sorting widgets
2025-11-28 15:54:04,717 [DEBUG] [MainThread] [systray_widget/systray.py:498]: Updating current state
2025-12-01 13:36:07,669 [DEBUG] [MainThread] [systray_widget/systray.py:476]: Re-sorting widgets
2025-12-01 13:36:07,685 [DEBUG] [MainThread] [systray_widget/systray.py:498]: Updating current state
2025-12-01 13:53:12,503 [INFO] [MainThread] [root/bar_manager.py:92]: Stopping KomorebiEventListener...
2025-12-01 13:53:12,511 [INFO] [MainThread] [root/bar_manager.py:92]: Stopping SystemEventListener...
2025-12-01 13:53:12,514 [INFO] [MainThread] [root/bar_manager.py:92]: Stopping WindowsNotificationEventListener...
2025-12-01 13:53:12,531 [DEBUG] [MainThread] [systray_widget/systray.py:498]: Updating current state
2025-12-01 13:53:12,535 [DEBUG] [MainThread] [systray_widget/systray.py:516]: Saving state to disk
2025-12-01 13:53:12,548 [DEBUG] [MainThread] [systray_widget/systray.py:520]: Saving state to C:\Users\renat\AppData\Local\YASB\systray_state_CHIMEIINNOLUXCORPORATIONDISPLAY1.json
2025-12-01 13:54:34,389 [INFO] [MainThread] [root/log.py:59]: YASB v1.8.3
2025-12-01 13:54:34,389 [INFO] [Thread-1 (_run_server)] [cli_server/cli_server.py:212]: CLI server started v1.1.2
2025-12-01 13:54:34,389 [INFO] [MainThread] [cli_server/cli_server.py:104]: Log pipe server started
2025-12-01 13:54:35,121 [DEBUG] [MainThread] [comtypes/__init__.py:149]: CoInitializeEx(None, 2)
2025-12-01 13:54:35,893 [DEBUG] [MainThread] [tzlocal/win32.py:55]: Looking up time zone info from registry
2025-12-01 13:54:38,647 [INFO] [MainThread] [root/bar_manager.py:85]: Starting SystemEventListener...
2025-12-01 13:54:38,647 [INFO] [MainThread] [root/bar_manager.py:85]: Starting WindowsNotificationEventListener...
2025-12-01 13:54:38,651 [INFO] [MainThread] [root/bar_manager.py:85]: Starting KomorebiEventListener...
2025-12-01 13:54:38,651 [INFO] [MainThread] [root/watcher.py:54]: Created file watcher for path C:\Users\renat\.config\yasb
2025-12-01 13:54:38,651 [INFO] [Dummy-5] [root/event_listener.py:51]: Created named pipe yasb-6c76849b-ced6-11f0-95bf-dc45465b95c7
2025-12-01 13:54:38,700 [DEBUG] [MainThread] [qasync._windows._EventPoller/_windows.py:215]: Starting (proactor: <_IocpProactor overlapped#=0 result#=0>)...
2025-12-01 13:54:38,706 [DEBUG] [Dummy-9] [qasync._windows._EventWorker/_windows.py:195]: Thread started
2025-12-01 13:54:38,706 [DEBUG] [MainThread] [systray_widget/systray.py:538]: Loading state from C:\Users\renat\AppData\Local\YASB\systray_state_LGELECTRONICSLGFHD283841.json
2025-12-01 13:54:38,722 [DEBUG] [TrayMonitor] [systray_widget/systray.py:58]: Systray thread is starting...
2025-12-01 13:54:38,722 [DEBUG] [TaskbarService] [systray_widget/systray.py:72]: TaskbarService thread is starting...
2025-12-01 13:54:38,738 [DEBUG] [TaskbarService] [root/tasks_service.py:75]: Found yasb systray hwnd: 66900
2025-12-01 13:54:38,738 [DEBUG] [TaskbarService] [systray_widget/tasks_service.py:81]: Adding TaskbandHWND prop to hwnd 66900
2025-12-01 13:54:39,402 [DEBUG] [TrayMonitor] [systray_widget/tray_monitor.py:228]: Finding real tray hwnd
2025-12-01 13:54:40,847 [DEBUG] [MainThread] [systray_widget/systray.py:285]: Systray thread started
2025-12-01 13:54:41,050 [DEBUG] [TaskbarService] [systray_widget/tasks_service.py:81]: Adding TaskbandHWND prop to hwnd 66900
2025-12-01 13:54:41,056 [DEBUG] [MainThread] [systray_widget/tray_monitor.py:154]: Sending TaskbarCreated message: 49271
2025-12-01 13:54:42,068 [DEBUG] [MainThread] [systray_widget/systray.py:476]: Re-sorting widgets
2025-12-01 13:54:42,071 [DEBUG] [MainThread] [systray_widget/systray.py:498]: Updating current state
2025-12-01 13:54:44,731 [DEBUG] [MainThread] [systray_widget/systray.py:476]: Re-sorting widgets
2025-12-01 13:54:44,731 [DEBUG] [MainThread] [systray_widget/systray.py:498]: Updating current state
2025-12-01 13:54:49,739 [ERROR] [TrayMonitor] [root/app_icons.py:170]: GetIconInfo failed: 0
2025-12-01 13:54:49,750 [ERROR] [TrayMonitor] [root/app_icons.py:170]: GetIconInfo failed: 0
2025-12-01 13:54:50,738 [DEBUG] [MainThread] [systray_widget/systray.py:476]: Re-sorting widgets
2025-12-01 13:54:50,738 [DEBUG] [MainThread] [systray_widget/systray.py:498]: Updating current state
2025-12-01 13:55:16,557 [DEBUG] [MainThread] [systray_widget/systray.py:476]: Re-sorting widgets
2025-12-01 13:55:16,557 [DEBUG] [MainThread] [systray_widget/systray.py:498]: Updating current state
2025-12-01 13:55:26,776 [DEBUG] [MainThread] [systray_widget/systray.py:476]: Re-sorting widgets
2025-12-01 13:55:26,776 [DEBUG] [MainThread] [systray_widget/systray.py:498]: Updating current state
2025-12-01 13:55:56,363 [ERROR] [TrayMonitor] [root/app_icons.py:170]: GetIconInfo failed: 0
2025-12-01 13:55:57,338 [DEBUG] [MainThread] [systray_widget/systray.py:476]: Re-sorting widgets
2025-12-01 13:55:57,338 [DEBUG] [MainThread] [systray_widget/systray.py:498]: Updating current state
2025-12-01 13:56:39,316 [INFO] [MainThread] [root/controller.py:35]: Exiting Application from tray...
2025-12-01 13:56:39,427 [INFO] [MainThread] [cli_server/cli_server.py:112]: Log pipe server stopped
2025-12-01 13:56:39,427 [DEBUG] [MainThread] [cli_server/cli_server.py:206]: CLI server stopped
2025-12-01 13:56:39,518 [INFO] [MainThread] [root/bar_manager.py:92]: Stopping SystemEventListener...
2025-12-01 13:56:39,519 [INFO] [MainThread] [root/bar_manager.py:92]: Stopping WindowsNotificationEventListener...
2025-12-01 13:56:39,519 [INFO] [MainThread] [root/bar_manager.py:92]: Stopping KomorebiEventListener...
2025-12-01 13:56:39,521 [DEBUG] [MainThread] [systray_widget/systray.py:498]: Updating current state
2025-12-01 13:56:39,521 [DEBUG] [MainThread] [systray_widget/systray.py:516]: Saving state to disk
2025-12-01 13:56:39,522 [DEBUG] [MainThread] [systray_widget/systray.py:520]: Saving state to C:\Users\renat\AppData\Local\YASB\systray_state_LGELECTRONICSLGFHD283841.json
2025-12-01 13:56:39,532 [DEBUG] [MainThread] [qasync._windows._EventPoller/_windows.py:220]: Stopping worker thread...
2025-12-01 13:56:39,546 [DEBUG] [Dummy-9] [qasync._windows._EventWorker/_windows.py:204]: Exiting thread
2025-12-01 13:56:39,549 [DEBUG] [MainThread] [qasync._windows._IocpProactor/_windows.py:78]: Closing
2025-12-01 13:56:39,589 [DEBUG] [MainThread] [systray_widget/utils.py:96]: Destroying window 66904
2025-12-01 13:56:39,589 [DEBUG] [MainThread] [systray_widget/utils.py:96]: Destroying window 66900
2025-12-01 13:58:38,216 [INFO] [MainThread] [root/log.py:69]: YASB v1.8.5
2025-12-01 13:58:38,219 [INFO] [Thread-1 (_run_server)] [cli_server/cli_server.py:212]: CLI server started v1.1.4
2025-12-01 13:58:38,220 [INFO] [MainThread] [cli_server/cli_server.py:104]: Log pipe server started
2025-12-01 13:58:39,618 [INFO] [MainThread] [root/service.py:48]: AudioOutputService starting...
2025-12-01 13:58:41,350 [INFO] [MainThread] [root/bar_manager.py:85]: Starting SystemEventListener...
2025-12-01 13:58:41,351 [INFO] [MainThread] [root/bar_manager.py:85]: Starting WindowsNotificationEventListener...
2025-12-01 13:58:41,354 [INFO] [MainThread] [root/bar_manager.py:85]: Starting KomorebiEventListener...
2025-12-01 13:58:41,356 [INFO] [MainThread] [root/watcher.py:54]: Created file watcher for path C:\Users\renat\.config\yasb
2025-12-01 13:58:41,357 [INFO] [Dummy-5] [root/event_listener.py:51]: Created named pipe yasb-fd201f59-ced6-11f0-a67f-dc45465b95c7
2025-12-01 13:58:41,594 [INFO] [MainThread] [root/update_service.py:404]: Background update checker started
2025-12-01 13:58:41,594 [DEBUG] [MainThread] [qasync._windows._EventPoller/_windows.py:215]: Starting (proactor: <_IocpProactor overlapped#=0 result#=0>)...
2025-12-01 13:58:41,597 [DEBUG] [Dummy-8] [qasync._windows._EventWorker/_windows.py:195]: Thread started
2025-12-01 13:58:41,600 [DEBUG] [MainThread] [systray_widget/systray.py:526]: Loading state from C:\Users\renat\AppData\Local\YASB\systray_state_ONLGFHD283841.json
2025-12-01 13:58:41,601 [DEBUG] [MainThread] [systray_widget/systray.py:536]: State file not found.
2025-12-01 13:58:41,607 [DEBUG] [SystrayMonitor] [systray_widget/systray.py:57]: Systray thread is starting...
2025-12-01 13:58:41,689 [DEBUG] [SystrayMonitor] [systray_widget/systray_monitor.py:242]: Finding real tray hwnd
2025-12-01 13:58:42,094 [DEBUG] [MainThread] [systray_widget/systray.py:277]: Systray thread started
2025-12-01 13:58:42,299 [DEBUG] [SystrayMonitor] [systray_widget/systray_monitor.py:164]: Adding TaskbandHWND prop to hwnd 263444
2025-12-01 13:58:42,314 [DEBUG] [MainThread] [systray_widget/systray_monitor.py:157]: Sending TaskbarCreated message: 49271
